# Blender v2.93.4 OBJ File: ''
# www.blender.org
mtllib untitled.mtl
o chair
v 2.481048 3.892862 -5.185440
v 2.471462 3.955863 -5.196089
v 2.486084 3.968503 -5.001441
v 2.441237 3.883002 -5.333239
v 2.072556 3.955862 -3.528298
v 1.983546 3.883002 -3.419674
v 2.085923 3.892863 -3.533461
v 2.173670 3.968502 -3.695268
v 2.462979 4.109043 -4.569531
v 2.466378 4.041382 -4.566117
v 2.477778 4.102023 -4.674396
v 2.429202 4.045263 -4.374149
v 2.353073 4.041382 -4.092400
v 2.348497 4.109042 -4.090893
v 2.314243 4.102022 -3.990671
v 2.406782 4.045263 -4.280413
v 2.406782 4.045263 -4.280413
v 2.405323 4.114313 -4.280762
v 2.348497 4.109042 -4.090893
v 2.429202 4.045263 -4.374149
v 2.427743 4.114313 -4.374498
v 2.462979 4.109043 -4.569531
v 2.445135 3.790223 -5.296232
v 2.441237 3.883002 -5.333239
v 2.481048 3.892862 -5.185440
v 2.351659 3.721572 -5.456958
v 2.003766 3.790222 -3.450908
v 1.983546 3.883002 -3.419674
v 1.847682 3.721572 -3.349874
v 2.085923 3.892863 -3.533461
v 2.489928 4.002953 -4.862325
v 2.490349 4.068422 -4.867524
v 2.476766 4.035233 -4.671019
v 2.487573 4.033722 -5.021423
v 2.240047 4.002953 -3.817593
v 2.238068 4.068422 -3.812760
v 2.165957 4.033722 -3.676775
v 2.314868 4.035233 -3.994141
v 2.466378 4.041382 -4.566117
v 2.476766 4.035233 -4.671019
v 2.477778 4.102023 -4.674396
v 2.490349 4.068422 -4.867524
v 2.314243 4.102022 -3.990671
v 2.238068 4.068422 -3.812760
v 2.314868 4.035233 -3.994141
v 2.353073 4.041382 -4.092400
v 2.489928 4.002953 -4.862325
v 2.486084 3.968503 -5.001441
v 2.487573 4.033722 -5.021423
v 2.471462 3.955863 -5.196089
v 2.165957 4.033722 -3.676775
v 2.072556 3.955862 -3.528298
v 2.173670 3.968502 -3.695268
v 2.240047 4.002953 -3.817593
v 2.445135 3.790223 -5.296232
v 2.349775 3.523692 -5.402650
v 2.351659 3.721572 -5.456958
v 1.870575 3.523692 -3.399160
v 2.003766 3.790222 -3.450908
v 1.847682 3.721572 -3.349874
v 2.003766 3.790222 -3.450908
v 1.870575 3.523692 -3.399160
v 1.882109 3.439362 -3.437500
v 2.349775 3.523692 -5.402650
v 2.445135 3.790223 -5.296232
v 2.342711 3.439362 -5.363235
v 1.882109 3.439362 -3.437500
v 1.898108 3.262962 -3.511693
v 2.007653 3.633122 -3.514878
v 2.323408 3.262962 -5.289834
v 2.342711 3.439362 -5.363235
v 2.419658 3.633122 -5.237432
v 2.165011 2.517012 -5.130984
v 2.156058 2.429312 -5.123217
v 2.152952 2.432432 -5.132152
v 1.824261 2.429312 -3.736006
v 1.828730 2.517012 -3.725025
v 1.817448 2.432432 -3.729441
v 1.898108 3.262962 -3.511693
v 1.898371 3.082022 -3.575986
v 2.006921 3.453552 -3.584036
v 2.294551 3.082022 -5.232381
v 2.323408 3.262962 -5.289834
v 2.387710 3.453552 -5.176082
v 2.007653 3.633122 -3.514878
v 2.003766 3.790222 -3.450908
v 1.882109 3.439362 -3.437500
v 2.445135 3.790223 -5.296232
v 2.419658 3.633122 -5.237432
v 2.342711 3.439362 -5.363235
v 1.898108 3.262962 -3.511693
v 2.006921 3.453552 -3.584036
v 2.007653 3.633122 -3.514878
v 2.387710 3.453552 -5.176082
v 2.323408 3.262962 -5.289834
v 2.419658 3.633122 -5.237432
v 1.817448 2.432432 -3.729441
v 1.892101 0.000003 -3.213172
v 1.824261 2.429312 -3.736006
v 2.453125 0.000002 -5.558764
v 2.152952 2.432432 -5.132152
v 2.156058 2.429312 -5.123217
v 2.173670 3.968502 -3.695268
v 2.085923 3.892863 -3.533461
v 2.077835 3.711492 -3.594219
v 1.892623 2.945142 -3.620309
v 1.972347 3.002122 -3.732665
v 1.898371 3.082022 -3.575986
v 1.876310 2.761502 -3.673328
v 2.481048 3.892862 -5.185440
v 2.486084 3.968503 -5.001441
v 2.446343 3.711493 -5.134916
v 2.269372 2.945142 -5.195459
v 2.289627 3.002122 -5.059184
v 2.230833 2.761502 -5.155557
v 2.294551 3.082022 -5.232381
v 1.898371 3.082022 -3.575986
v 1.995983 3.271762 -3.646205
v 2.006921 3.453552 -3.584036
v 1.972347 3.002122 -3.732665
v 2.349827 3.271762 -5.125594
v 2.289627 3.002122 -5.059184
v 2.294551 3.082022 -5.232381
v 2.387710 3.453552 -5.176082
v 2.158479 3.767583 -3.752985
v 2.173670 3.968502 -3.695268
v 2.077835 3.711492 -3.594219
v 2.065593 3.528222 -3.651796
v 2.486084 3.968503 -5.001441
v 2.446423 3.767582 -4.956849
v 2.446343 3.711493 -5.134916
v 2.409373 3.528222 -5.089109
v 2.314868 4.035233 -3.994141
v 2.240047 4.002953 -3.817593
v 2.215583 3.795112 -3.860182
v 2.489928 4.002953 -4.862325
v 2.476766 4.035233 -4.671019
v 2.448840 3.795112 -4.835409
v 2.230833 2.761502 -5.155557
v 2.245461 2.818912 -5.020688
v 2.182344 2.577042 -5.134670
v 2.289627 3.002122 -5.059184
v 1.950381 2.818912 -3.786986
v 1.972347 3.002122 -3.732665
v 1.876310 2.761502 -3.673328
v 1.842519 2.577042 -3.713892
v 2.156058 2.429312 -5.123217
v 2.154627 2.429312 -4.984828
v 2.103761 2.352232 -4.996994
v 2.156058 2.429312 -5.123217
v 2.161240 2.519362 -4.983246
v 1.885602 2.429312 -3.860060
v 1.824261 2.429312 -3.736006
v 1.834737 2.352232 -3.872226
v 1.824261 2.429312 -3.736006
v 1.892215 2.519362 -3.858478
v 2.156058 2.429312 -5.123217
v 2.165011 2.517012 -5.130984
v 2.161240 2.519362 -4.983246
v 2.194943 2.635092 -4.995190
v 2.182344 2.577042 -5.134670
v 2.245461 2.818912 -5.020688
v 1.916868 2.635092 -3.832583
v 1.950381 2.818912 -3.786986
v 1.842519 2.577042 -3.713892
v 1.828730 2.517012 -3.725025
v 1.892215 2.519362 -3.858478
v 1.824261 2.429312 -3.736006
v 2.283646 3.818972 -4.028681
v 2.314868 4.035233 -3.994141
v 2.215583 3.795112 -3.860182
v 2.190221 3.607622 -3.896437
v 2.190221 3.607622 -3.896437
v 2.253762 3.630902 -4.058069
v 2.158356 3.420352 -3.928292
v 2.158356 3.420352 -3.928292
v 2.218407 3.443552 -4.086071
v 2.140658 3.061012 -4.141889
v 2.476766 4.035233 -4.671019
v 2.433293 3.818972 -4.654344
v 2.448840 3.795112 -4.835409
v 2.409819 3.607622 -4.814558
v 2.393347 3.630902 -4.641658
v 2.409819 3.607622 -4.814558
v 2.366988 3.420352 -4.800565
v 2.349147 3.443552 -4.632684
v 2.366988 3.420352 -4.800565
v 2.254557 3.061012 -4.618087
v 2.065593 3.528222 -3.651796
v 2.140854 3.582552 -3.803532
v 2.158479 3.767583 -3.752985
v 2.044962 3.343592 -3.702239
v 2.044962 3.343592 -3.702239
v 2.116253 3.397022 -3.848981
v 2.062824 3.044522 -3.930392
v 2.002609 3.027292 -3.782236
v 2.062824 3.044522 -3.930392
v 1.973105 2.841972 -3.824819
v 2.030624 2.858902 -3.970299
v 1.934255 2.656592 -3.858849
v 2.062824 3.044522 -3.930392
v 2.407832 3.582552 -4.919740
v 2.409373 3.528222 -5.089109
v 2.446423 3.767582 -4.956849
v 2.368150 3.343592 -5.053459
v 2.365328 3.397023 -4.890344
v 2.368150 3.343592 -5.053459
v 2.280846 3.044522 -4.841921
v 2.280846 3.044522 -4.841921
v 2.294184 3.027292 -5.001286
v 2.248605 2.841972 -4.976661
v 2.234073 2.858902 -4.820903
v 2.198562 2.656592 -4.963891
v 2.280846 3.044522 -4.841921
v 2.154627 2.429312 -4.984828
v 2.155441 2.429312 -4.959861
v 2.104479 2.352232 -4.972050
v 1.897625 2.429312 -3.881953
v 1.885602 2.429312 -3.860060
v 1.846662 2.352232 -3.894143
v 2.099649 2.351492 -5.136708
v 2.156058 2.429312 -5.123217
v 2.103761 2.352232 -4.996994
v 1.824261 2.429312 -3.736006
v 1.767853 2.351492 -3.749497
v 1.834737 2.352232 -3.872226
v 2.104479 2.352232 -4.972050
v 2.155441 2.429312 -4.959861
v 2.133113 2.429312 -4.804174
v 2.138891 2.520342 -4.802542
v 2.159720 2.519042 -4.958838
v 2.138891 2.520342 -4.802542
v 2.159720 2.519042 -4.958838
v 2.182965 2.673652 -4.808836
v 2.198562 2.656592 -4.963891
v 2.182965 2.673652 -4.808836
v 2.234073 2.858902 -4.820903
v 1.990505 2.673652 -4.004181
v 2.030624 2.858902 -3.970299
v 1.934255 2.656592 -3.858849
v 1.901904 2.519042 -3.880930
v 1.897625 2.429312 -3.881953
v 1.954051 2.520342 -4.029742
v 1.901904 2.519042 -3.880930
v 1.990505 2.673652 -4.004181
v 1.846662 2.352232 -3.894143
v 1.948158 2.429312 -4.030894
v 1.954051 2.520342 -4.029742
v 2.089576 3.054042 -3.986355
v 2.140658 3.061012 -4.141889
v 2.158356 3.420352 -3.928292
v 2.050822 2.867352 -4.013474
v 2.099689 2.874622 -4.168345
v 2.140658 3.061012 -4.141889
v 2.004789 2.681632 -4.035528
v 2.052675 2.689422 -4.193173
v 1.961934 2.521622 -4.052379
v 2.254557 3.061012 -4.618087
v 2.279381 3.054042 -4.779909
v 2.366988 3.420352 -4.800565
v 2.232549 2.867352 -4.773259
v 2.254557 3.061012 -4.618087
v 2.206050 2.874622 -4.613033
v 2.181520 2.681632 -4.774421
v 2.152890 2.689422 -4.612165
v 2.135678 2.521622 -4.778789
v 1.723239 0.000003 -3.119328
v 1.736957 0.000003 -3.132406
v 1.479915 2.286192 -3.541698
v 2.351318 0.000002 -5.700995
v 2.345000 0.000002 -5.718857
v 1.936898 2.286182 -5.452302
v 2.103761 2.352232 -4.996994
v 2.154627 2.429312 -4.984828
v 2.104479 2.352232 -4.972050
v 2.057175 2.302152 -5.008137
v 2.053355 2.301052 -5.147781
v 2.099649 2.351492 -5.136708
v 1.846662 2.352232 -3.894143
v 1.834737 2.352232 -3.872226
v 1.788150 2.302152 -3.883368
v 1.885602 2.429312 -3.860060
v 1.767853 2.351492 -3.749497
v 1.721559 2.301052 -3.760571
v 1.996889 2.352232 -4.415612
v 1.957657 2.352232 -4.251589
v 1.911071 2.302152 -4.262732
v 2.008522 2.429312 -4.239423
v 2.047753 2.429312 -4.403446
v 2.008522 2.429312 -4.239423
v 2.053005 2.522802 -4.402190
v 2.013676 2.522742 -4.238190
v 2.102215 2.692262 -4.385680
v 2.062202 2.691152 -4.223551
v 2.153211 2.877292 -4.368476
v 2.112637 2.876382 -4.207005
v 2.199215 3.063742 -4.352752
v 2.157293 3.062992 -4.189516
v 2.243261 3.447742 -4.152585
v 2.199215 3.063742 -4.352752
v 2.289085 3.450612 -4.321817
v 2.330292 3.638312 -4.307530
v 2.282560 3.635482 -4.134189
v 2.243261 3.447742 -4.152585
v 2.367084 3.827042 -4.294556
v 2.316725 3.824152 -4.114964
v 2.406782 4.045263 -4.280413
v 2.353073 4.041382 -4.092400
v 2.104479 2.352232 -4.972050
v 2.057893 2.302152 -4.983192
v 2.057175 2.302152 -5.008137
v 1.800076 2.302152 -3.905286
v 1.846662 2.352232 -3.894143
v 1.788150 2.302152 -3.883368
v 1.736957 0.000003 -3.132406
v 1.507255 2.278712 -3.567876
v 1.479915 2.286192 -3.541698
v 1.949435 2.278712 -5.416589
v 2.351318 0.000002 -5.700995
v 1.936898 2.286182 -5.452302
v 2.057175 2.302152 -5.008137
v 2.053355 2.301052 -5.147781
v 2.103761 2.352232 -4.996994
v 1.721559 2.301052 -3.760571
v 1.788150 2.302152 -3.883368
v 1.834737 2.352232 -3.872226
v 1.999480 2.302152 -4.637949
v 2.033461 2.302152 -4.803237
v 2.046065 2.352232 -4.626806
v 2.080047 2.352232 -4.792095
v 2.046065 2.352232 -4.626806
v 2.131009 2.429312 -4.779905
v 2.135678 2.521622 -4.778789
v 2.102668 2.522202 -4.613268
v 2.152890 2.689422 -4.612165
v 2.206050 2.874622 -4.613033
v 2.181520 2.681632 -4.774421
v 2.096931 2.429312 -4.614640
v 2.131009 2.429312 -4.779905
v 2.092591 2.429312 -4.590909
v 2.041726 2.352232 -4.603075
v 2.096931 2.429312 -4.614640
v 2.041726 2.352232 -4.603075
v 1.999480 2.302152 -4.637949
v 1.906303 2.352232 -4.065685
v 1.859716 2.302152 -4.076828
v 1.950786 2.352232 -4.228453
v 1.957265 2.429312 -4.053496
v 1.904201 2.302152 -4.239594
v 1.950786 2.352232 -4.228453
v 1.961934 2.521622 -4.052379
v 2.007389 2.522202 -4.214914
v 2.052675 2.689422 -4.193173
v 2.099689 2.874622 -4.168345
v 2.004789 2.681632 -4.035528
v 1.957265 2.429312 -4.053496
v 2.001651 2.429312 -4.216287
v 2.008522 2.429312 -4.239423
v 1.957657 2.352232 -4.251589
v 2.001651 2.429312 -4.216287
v 1.957657 2.352232 -4.251589
v 1.904201 2.302152 -4.239594
v 2.041726 2.352232 -4.603075
v 2.092591 2.429312 -4.590909
v 2.002492 2.352232 -4.439041
v 1.995140 2.302152 -4.614217
v 1.955906 2.302152 -4.450184
v 1.995140 2.302152 -4.614217
v 1.950302 2.302152 -4.426755
v 1.911071 2.302152 -4.262732
v 2.053357 2.429312 -4.426875
v 2.092591 2.429312 -4.590909
v 2.058609 2.522802 -4.425619
v 2.097745 2.522742 -4.589676
v 2.109966 2.692262 -4.418086
v 2.147643 2.691152 -4.580774
v 2.163228 2.877292 -4.410355
v 2.200107 2.876382 -4.572709
v 2.211365 3.063742 -4.403549
v 2.247843 3.062992 -4.568097
v 2.341218 3.447742 -4.562133
v 2.305508 3.450612 -4.390481
v 2.211365 3.063742 -4.403549
v 2.348720 3.638312 -4.384577
v 2.384588 3.635482 -4.560757
v 2.387398 3.827042 -4.379490
v 2.423751 3.824152 -4.562432
v 2.429202 4.045263 -4.374149
v 2.466378 4.041382 -4.566117
v 2.104479 2.352232 -4.972050
v 2.082150 2.352232 -4.816364
v 2.057893 2.302152 -4.983192
v 2.133113 2.429312 -4.804174
v 2.131009 2.429312 -4.779905
v 2.080047 2.352232 -4.792095
v 1.897195 2.352232 -4.043084
v 1.846662 2.352232 -3.894143
v 1.800076 2.302152 -3.905286
v 1.948158 2.429312 -4.030894
v 1.957265 2.429312 -4.053496
v 1.906303 2.352232 -4.065685
v 2.080047 2.352232 -4.792095
v 2.033461 2.302152 -4.803237
v 2.035661 2.302152 -4.827483
v 1.859716 2.302152 -4.076828
v 1.906303 2.352232 -4.065685
v 1.850706 2.302152 -4.054203
v 2.082150 2.352232 -4.816364
v 2.080047 2.352232 -4.792095
v 2.035661 2.302152 -4.827483
v 2.133113 2.429312 -4.804174
v 2.035661 2.302152 -4.827483
v 2.057893 2.302152 -4.983192
v 1.850706 2.302152 -4.054203
v 1.897195 2.352232 -4.043084
v 1.800076 2.302152 -3.905286
v 1.948158 2.429312 -4.030894
v 1.906303 2.352232 -4.065685
v 1.850706 2.302152 -4.054203
v 1.911071 2.302152 -4.262732
v 1.957657 2.352232 -4.251589
v 1.904201 2.302152 -4.239594
v 2.041726 2.352232 -4.603075
v 1.995140 2.302152 -4.614217
v 1.999480 2.302152 -4.637949
v 2.209808 3.510682 -5.521614
v 2.359450 3.750092 -5.480075
v 2.351659 3.721572 -5.456958
v 2.441237 3.883002 -5.333239
v 1.844169 3.750092 -3.325729
v 1.847682 3.721572 -3.349874
v 1.983546 3.883002 -3.419674
v 1.691926 3.510682 -3.356395
v 2.207598 3.488982 -5.499907
v 2.209808 3.510682 -5.521614
v 2.351659 3.721572 -5.456958
v 1.691926 3.510682 -3.356395
v 1.699778 3.488982 -3.376757
v 1.847682 3.721572 -3.349874
v 2.359450 3.750092 -5.480075
v 2.451737 3.908372 -5.348336
v 2.441237 3.883002 -5.333239
v 2.471462 3.955863 -5.196089
v 1.986078 3.908372 -3.401456
v 1.844169 3.750092 -3.325729
v 1.983546 3.883002 -3.419674
v 2.072556 3.955862 -3.528298
v 1.736957 0.000003 -3.132406
v 1.744785 0.000003 -3.149658
v 1.507255 2.278712 -3.567876
v 2.350493 0.000002 -5.682068
v 2.351318 0.000002 -5.700995
v 1.949435 2.278712 -5.416589
v 2.451737 3.908372 -5.348336
v 2.483922 3.985242 -5.202183
v 2.471462 3.955863 -5.196089
v 2.487573 4.033722 -5.021423
v 2.080911 3.985243 -3.517231
v 1.986078 3.908372 -3.401456
v 2.072556 3.955862 -3.528298
v 2.165957 4.033722 -3.676775
v 1.744785 0.000003 -3.149658
v 1.522909 2.271372 -3.602370
v 1.507255 2.278712 -3.567876
v 1.947785 2.271372 -5.378739
v 2.350493 0.000002 -5.682068
v 1.949435 2.278712 -5.416589
v -0.233405 2.126972 -4.218251
v -0.184679 2.187732 -4.206597
v -0.217529 2.206452 -4.065817
v -0.234967 2.215692 -3.994630
v -0.284316 2.153632 -4.006259
v -0.248475 2.174922 -3.939870
v -0.297340 2.113862 -3.951373
v -0.242749 2.201412 -3.962952
v -0.291792 2.139922 -3.974568
v -0.242749 2.201412 -3.962952
v -0.335340 1.999462 -3.960154
v 1.750305 0.000003 -3.172737
v 1.767000 0.000003 -3.242538
v 1.533954 2.262792 -3.648548
v 1.744785 0.000003 -3.149658
v 1.522909 2.271372 -3.602370
v 2.344971 0.000002 -5.658982
v 2.350493 0.000002 -5.682068
v 1.947785 2.271372 -5.378739
v 2.328276 0.000002 -5.589181
v 1.936740 2.262782 -5.332561
v 2.476884 4.138413 -4.568776
v 2.441554 4.144042 -4.371195
v 2.427743 4.114313 -4.374498
v 2.405323 4.114313 -4.280762
v 2.419134 4.144042 -4.277459
v 2.361239 4.138412 -4.085274
v 1.767000 0.000003 -3.242538
v 1.567344 2.243272 -3.788151
v 1.533954 2.262792 -3.648548
v 1.903350 2.243272 -5.192959
v 2.328276 0.000002 -5.589181
v 1.936740 2.262782 -5.332561
v 1.750305 0.000003 -3.172737
v 1.533954 2.262792 -3.648548
v 1.522909 2.271372 -3.602370
v 1.936740 2.262782 -5.332561
v 2.344971 0.000002 -5.658982
v 1.947785 2.271372 -5.378739
v 0.102876 2.126972 -5.624210
v 0.151602 2.187732 -5.612556
v 0.117974 2.187732 -5.471960
v 0.153398 2.153632 -5.836299
v 0.202667 2.215692 -5.824337
v 0.186007 2.206452 -5.752967
v 0.151602 2.187732 -5.612556
v 0.102876 2.126972 -5.624210
v 0.166616 2.113862 -5.891131
v 0.215399 2.174922 -5.879286
v 0.210060 2.201412 -5.856106
v 0.161070 2.139922 -5.867943
v 0.128758 1.999462 -5.900504
v 0.210060 2.201412 -5.856106
v 2.503569 4.061762 -5.028546
v 2.505808 4.097383 -4.869394
v 2.490349 4.068422 -4.867524
v 2.477778 4.102023 -4.674396
v 2.505808 4.097383 -4.869394
v 2.493106 4.131373 -4.674428
v 2.477778 4.102023 -4.674396
v 2.462979 4.109043 -4.569531
v 2.251009 4.097383 -3.804103
v 2.176998 4.061762 -3.663183
v 2.238068 4.068422 -3.812760
v 2.314243 4.102022 -3.990671
v 2.327899 4.131372 -3.983713
v 2.251009 4.097383 -3.804103
v 2.314243 4.102022 -3.990671
v 2.348497 4.109042 -4.090893
v 2.483922 3.985242 -5.202183
v 2.503569 4.061762 -5.028546
v 2.487573 4.033722 -5.021423
v 2.490349 4.068422 -4.867524
v 2.176998 4.061762 -3.663183
v 2.080911 3.985243 -3.517231
v 2.165957 4.033722 -3.676775
v 2.238068 4.068422 -3.812760
v 0.069443 2.126892 -5.483567
v 0.112369 2.187732 -5.448527
v 0.102876 2.126972 -5.624210
v 0.069443 2.126892 -5.483567
v 0.031221 2.001532 -5.492709
v -0.017431 2.126882 -5.120358
v 0.031100 2.187722 -5.108750
v 0.025497 2.187722 -5.085321
v -0.023035 2.126872 -5.096929
v -0.013737 2.187722 -4.921288
v 0.021803 2.126892 -5.284390
v 0.070334 2.187732 -5.272782
v -0.055652 2.001532 -5.129500
v -0.016419 2.001532 -5.293532
v -0.061256 2.001532 -5.106071
v -0.010814 2.001532 -5.316964
v -0.062268 2.126862 -4.932896
v -0.100490 2.001532 -4.942038
v -0.106094 2.001532 -4.918609
v 0.027407 2.126892 -5.307822
v 2.394801 3.810872 -5.653664
v 2.359450 3.750092 -5.480075
v 2.216135 3.556972 -5.707981
v 2.451737 3.908372 -5.348336
v 1.844169 3.750092 -3.325729
v 1.986078 3.908372 -3.401456
v 1.797148 3.810872 -3.154932
v 1.613242 3.556972 -3.187342
v -0.195770 2.001532 -4.543684
v -0.157548 2.126892 -4.534542
v -0.232200 2.001532 -4.391370
v -0.109017 2.187732 -4.522934
v -0.103410 2.187732 -4.546373
v -0.193978 2.126892 -4.382228
v -0.237804 2.001532 -4.367941
v -0.199582 2.126892 -4.358799
v -0.145447 2.187732 -4.370621
v -0.151051 2.187732 -4.347191
v -0.233405 2.126972 -4.218251
v -0.199582 2.126892 -4.358799
v -0.237804 2.001532 -4.367941
v -0.184679 2.187732 -4.206597
v -0.233405 2.126972 -4.218251
v 2.359450 3.750092 -5.480075
v 2.209808 3.510682 -5.521614
v 2.216135 3.556972 -5.707981
v 1.691926 3.510682 -3.356395
v 1.844169 3.750092 -3.325729
v 1.613242 3.556972 -3.187342
v 2.599652 4.115412 -5.284102
v 2.483922 3.985242 -5.202183
v 2.552682 4.009482 -5.470751
v 2.503569 4.061762 -5.028546
v 2.080911 3.985243 -3.517231
v 2.176998 4.061762 -3.663183
v 2.147050 4.115412 -3.391815
v 2.020707 4.009482 -3.246613
v 2.598475 4.287313 -4.555682
v 2.476884 4.138413 -4.568776
v 2.619709 4.276083 -4.677996
v 2.441554 4.144042 -4.371195
v 2.462979 4.109043 -4.569531
v 2.427743 4.114313 -4.374498
v 2.493106 4.131373 -4.674428
v 2.361239 4.138412 -4.085274
v 2.327899 4.131372 -3.983713
v 2.348497 4.109042 -4.090893
v 2.405323 4.114313 -4.280762
v 2.475595 4.287313 -4.041934
v 2.439187 4.276083 -3.923247
v 2.419134 4.144042 -4.277459
v 2.552682 4.009482 -5.470751
v 2.451737 3.908372 -5.348336
v 2.394801 3.810872 -5.653664
v 2.483922 3.985242 -5.202183
v 1.986078 3.908372 -3.401456
v 2.080911 3.985243 -3.517231
v 2.020707 4.009482 -3.246613
v 1.797148 3.810872 -3.154932
v 2.560815 4.293772 -4.348798
v 2.441554 4.144042 -4.371195
v 2.598475 4.287313 -4.555682
v 2.535620 4.293772 -4.243459
v 2.419134 4.144042 -4.277459
v 2.441554 4.144042 -4.371195
v 2.535620 4.293772 -4.243459
v 2.475595 4.287313 -4.041934
v 2.619709 4.276083 -4.677996
v 2.493106 4.131373 -4.674428
v 2.635284 4.237833 -4.894000
v 2.476884 4.138413 -4.568776
v 2.327899 4.131372 -3.983713
v 2.361239 4.138412 -4.085274
v 2.439187 4.276083 -3.923247
v 2.355339 4.237833 -3.723575
v 0.733417 3.037352 -6.081796
v 0.782196 3.107592 -6.066492
v 0.739015 3.105392 -5.882092
v 0.172273 3.107592 -3.516459
v 0.121848 3.037352 -3.524880
v 0.217201 3.105392 -3.700436
v 2.635284 4.237833 -4.894000
v 2.505808 4.097383 -4.869394
v 2.632763 4.193812 -5.079918
v 2.493106 4.131373 -4.674428
v 2.251009 4.097383 -3.804103
v 2.327899 4.131372 -3.983713
v 2.355339 4.237833 -3.723575
v 2.268967 4.193812 -3.558919
v 2.632763 4.193812 -5.079918
v 2.503569 4.061762 -5.028546
v 2.599652 4.115412 -5.284102
v 2.505808 4.097383 -4.869394
v 2.176998 4.061762 -3.663183
v 2.251009 4.097383 -3.804103
v 2.268967 4.193812 -3.558919
v 2.147050 4.115412 -3.391815
v 2.241130 3.290232 -5.461267
v 2.349775 3.523692 -5.402650
v 2.236541 3.291102 -5.452831
v 1.870575 3.523692 -3.399160
v 1.747165 3.290232 -3.396044
v 1.746889 3.291102 -3.405641
v 0.832529 2.869072 -5.816095
v 0.880318 2.935952 -5.807836
v 0.877418 2.936662 -5.798719
v 0.829639 2.869762 -5.807026
v 0.807219 2.790422 -5.818176
v 0.804438 2.791102 -5.809131
v 0.736276 2.355352 -5.803147
v 0.308557 2.791102 -3.735897
v 0.306945 2.790422 -3.726577
v 0.250480 2.355352 -3.772079
v 0.331985 2.869762 -3.726377
v 0.330458 2.869072 -3.716984
v 0.378350 2.936662 -3.712160
v 0.376811 2.935952 -3.702719
v 0.075939 2.187732 -5.296215
v 0.063838 2.126892 -5.460135
v 0.025616 2.001532 -5.469277
v 0.031221 2.001532 -5.492709
v -0.067872 2.126862 -4.909467
v -0.145326 2.001532 -4.754585
v -0.019341 2.187722 -4.897859
v -0.107104 2.126872 -4.745443
v -0.150932 2.001532 -4.731147
v -0.058573 2.187722 -4.733835
v -0.112710 2.126882 -4.722004
v -0.190163 2.001532 -4.567122
v -0.064179 2.187722 -4.710397
v -0.151942 2.126892 -4.557981
v 0.738359 2.351782 -5.811854
v 0.807219 2.790422 -5.818176
v 0.736276 2.355352 -5.803147
v 0.306945 2.790422 -3.726577
v 0.248399 2.351782 -3.763375
v 0.250480 2.355352 -3.772079
v 0.687451 3.036732 -5.888758
v 0.733417 3.037352 -6.081796
v 0.739015 3.105392 -5.882092
v 0.704385 2.956212 -6.093248
v 0.655643 2.956692 -5.889032
v 0.480628 2.354162 -5.873499
v 0.549510 2.354162 -6.161487
v 0.121848 3.037352 -3.524880
v 0.168201 3.036732 -3.717820
v 0.217201 3.105392 -3.700436
v 0.090774 2.956212 -3.527799
v 0.139713 2.956692 -3.731976
v -0.009332 2.354162 -3.825020
v -0.078214 2.354162 -3.537033
v 0.136212 2.142792 -5.764876
v 0.102876 2.126972 -5.624210
v 0.064849 2.010202 -5.633306
v 0.102876 2.126972 -5.624210
v 0.186007 2.206452 -5.752967
v -0.267325 2.142792 -4.077726
v -0.233405 2.126972 -4.218251
v -0.217529 2.206452 -4.065817
v -0.233405 2.126972 -4.218251
v -0.271432 2.010202 -4.227346
v 0.454450 2.262112 -5.764053
v 0.480628 2.354162 -5.873499
v 0.437416 2.253282 -5.692834
v 0.462036 2.247682 -5.795769
v 0.467558 2.221062 -5.818854
v 0.470031 2.187032 -5.829192
v 0.549510 2.354162 -6.161487
v 0.304932 0.000002 -6.071345
v 0.549510 2.354162 -6.161487
v 0.338560 0.000002 -6.211942
v -0.009332 2.354162 -3.825020
v 0.016845 2.262112 -3.934464
v 0.033880 2.253282 -4.005684
v 0.009259 2.247682 -3.902747
v 0.003736 2.221062 -3.879659
v 0.001264 2.187032 -3.869321
v -0.078214 2.354162 -3.537033
v -0.289163 0.000002 -3.587488
v -0.255535 0.000002 -3.728083
v -0.078214 2.354162 -3.537033
v 0.153398 2.153632 -5.836299
v 0.136212 2.142792 -5.764876
v 0.115545 2.040412 -5.845263
v 0.186007 2.206452 -5.752967
v 0.098477 2.031542 -5.773902
v 0.064849 2.010202 -5.633306
v -0.284316 2.153632 -4.006259
v -0.267325 2.142792 -4.077726
v -0.217529 2.206452 -4.065817
v -0.322129 2.040412 -4.015386
v -0.305060 2.031542 -4.086752
v -0.271432 2.010202 -4.227346
v 0.166609 2.233812 -4.457009
v 0.172215 2.233812 -4.480449
v 0.172215 2.243452 -4.480449
v 0.166609 2.243452 -4.457009
v 0.256284 2.243452 -4.831934
v 0.256284 2.233812 -4.831934
v 0.261888 2.233812 -4.855364
v 0.261888 2.243452 -4.855364
v 0.306726 2.233812 -5.042826
v 0.306726 2.243452 -5.042826
v 0.301122 2.243452 -5.019397
v 0.301122 2.233812 -5.019397
v 0.351564 2.233812 -5.230290
v 0.351564 2.243452 -5.230290
v 0.345959 2.243452 -5.206858
v 0.345959 2.233812 -5.206858
v 0.124574 2.233812 -4.281266
v 0.130178 2.233812 -4.304696
v 0.130178 2.243452 -4.304696
v 0.124574 2.243452 -4.281266
v 0.393599 2.233812 -5.406035
v 0.393599 2.243452 -5.406035
v 0.387994 2.243452 -5.382603
v 0.387994 2.233812 -5.382603
v 0.211446 2.233812 -4.644472
v 0.217053 2.233812 -4.667911
v 0.217053 2.243452 -4.667911
v 0.211446 2.243452 -4.644472
v 0.136212 2.142792 -5.764876
v 0.098477 2.031542 -5.773902
v 0.115545 2.040412 -5.845263
v -0.305060 2.031542 -4.086752
v -0.267325 2.142792 -4.077726
v -0.322129 2.040412 -4.015386
v 0.161070 2.139922 -5.867943
v 0.153398 2.153632 -5.836299
v 0.123176 2.026042 -5.877164
v 0.202667 2.215692 -5.824337
v 0.210060 2.201412 -5.856106
v -0.291792 2.139922 -3.974568
v -0.284316 2.153632 -4.006259
v -0.234967 2.215692 -3.994630
v -0.329759 2.026042 -3.983485
v -0.242749 2.201412 -3.962952
v 0.064849 2.010202 -5.633306
v 0.102876 2.126972 -5.624210
v 0.031221 2.001532 -5.492709
v -0.233405 2.126972 -4.218251
v -0.271432 2.010202 -4.227346
v -0.237804 2.001532 -4.367941
v 0.153398 2.153632 -5.836299
v 0.115545 2.040412 -5.845263
v 0.123176 2.026042 -5.877164
v -0.322129 2.040412 -4.015386
v -0.284316 2.153632 -4.006259
v -0.329759 2.026042 -3.983485
v 0.161070 2.139922 -5.867943
v 0.123176 2.026042 -5.877164
v 0.128758 1.999462 -5.900504
v -0.329759 2.026042 -3.983485
v -0.291792 2.139922 -3.974568
v -0.335340 1.999462 -3.960154
v 1.797148 3.810872 -3.154932
v 2.020707 4.009482 -3.246613
v 2.012820 4.014722 -3.248457
v 0.115899 3.042572 -3.530529
v 0.121848 3.037352 -3.524880
v 0.172273 3.107592 -3.516459
v 0.085080 2.961352 -3.533654
v 0.090774 2.956212 -3.527799
v -0.078214 2.354162 -3.537033
v 0.121848 3.037352 -3.524880
v 1.789161 3.815042 -3.158508
v 1.797148 3.810872 -3.154932
v 2.012820 4.014722 -3.248457
v 1.613242 3.556972 -3.187342
v 0.232562 3.167582 -3.508446
v 0.238683 3.162052 -3.503084
v 0.316469 3.196902 -3.485682
v 0.166277 3.112952 -3.521914
v 0.115899 3.042572 -3.530529
v 0.172273 3.107592 -3.516459
v 0.238683 3.162052 -3.503084
v -0.308206 2.118942 -3.941623
v -0.346600 2.001322 -3.950477
v -0.349054 1.966782 -3.939785
v -0.310714 2.084952 -3.931139
v -0.308206 2.118942 -3.941623
v -0.349054 1.966782 -3.939785
v 0.316469 3.196902 -3.485682
v 1.221667 3.369442 -3.271026
v 0.310146 3.202672 -3.491060
v 0.232562 3.167582 -3.508446
v 1.222493 3.377972 -3.274478
v 1.221667 3.369442 -3.271026
v 1.355760 3.403812 -3.240135
v 0.310146 3.202672 -3.491060
v 1.356467 3.412522 -3.243524
v 1.355760 3.403812 -3.240135
v 1.479678 3.467792 -3.213992
v 1.222493 3.377972 -3.274478
v 1.479678 3.467792 -3.213992
v 1.613242 3.556972 -3.187342
v 1.479970 3.477042 -3.217367
v 1.356467 3.412522 -3.243524
v -0.089981 2.356922 -3.539847
v -0.300834 0.000002 -3.590280
v -0.289163 0.000002 -3.587488
v -0.078214 2.354162 -3.537033
v 0.085080 2.961352 -3.533654
v -0.089981 2.356922 -3.539847
v -0.078214 2.354162 -3.537033
v 1.607320 3.563172 -3.191812
v 1.613242 3.556972 -3.187342
v 1.789161 3.815042 -3.158508
v 1.479970 3.477042 -3.217367
v -0.416779 0.000002 -3.754650
v -0.310714 2.084952 -3.931139
v -0.349054 1.966782 -3.939785
v -0.308206 2.118942 -3.941623
v -0.310714 2.084952 -3.931139
v -0.257207 2.182462 -3.929589
v -0.310714 2.084952 -3.931139
v -0.259694 2.148192 -3.919192
v -0.257207 2.182462 -3.929589
v 1.870575 3.523692 -3.399160
v 1.847682 3.721572 -3.349874
v 1.699778 3.488982 -3.376757
v 1.539186 3.181782 -3.430982
v 1.747165 3.290232 -3.396044
v 1.699778 3.488982 -3.376757
v 1.870575 3.523692 -3.399160
v -0.310714 2.084952 -3.931139
v -0.416779 0.000002 -3.754650
v -0.259694 2.148192 -3.919192
v 0.157829 2.941412 -3.744094
v 0.014107 2.353922 -3.819414
v 0.248399 2.351782 -3.763375
v -0.009332 2.354162 -3.825020
v 0.139713 2.956692 -3.731976
v 1.539186 3.181782 -3.430982
v 1.528111 3.380242 -3.409180
v 1.402597 3.320362 -3.434667
v 1.699778 3.488982 -3.376757
v 1.409087 3.128552 -3.455355
v 1.402597 3.320362 -3.434667
v 1.267357 3.292562 -3.465492
v 1.539186 3.181782 -3.430982
v 1.272606 3.100602 -3.485716
v 1.267357 3.292562 -3.465492
v 0.380012 3.173062 -3.677842
v 1.409087 3.128552 -3.455355
v 0.517796 3.009392 -3.666253
v 0.380012 3.173062 -3.677842
v 0.302222 3.141902 -3.697373
v 1.272606 3.100602 -3.485716
v 0.330458 2.869072 -3.716984
v 0.186764 3.021472 -3.731806
v 0.157829 2.941412 -3.744094
v 0.376811 2.935952 -3.702719
v 0.376811 2.935952 -3.702719
v 0.236101 3.090052 -3.715831
v 0.186764 3.021472 -3.731806
v 0.441416 2.984352 -3.685231
v 0.441416 2.984352 -3.685231
v 0.302222 3.141902 -3.697373
v 0.236101 3.090052 -3.715831
v 0.517796 3.009392 -3.666253
v -0.259694 2.148192 -3.919192
v -0.391297 0.000002 -3.748555
v -0.152475 2.196412 -3.893733
v 0.306945 2.790422 -3.726577
v 0.330458 2.869072 -3.716984
v 0.157829 2.941412 -3.744094
v 0.248399 2.351782 -3.763375
v 1.705603 0.000003 -3.112226
v 1.444641 2.292792 -3.527483
v 1.406421 2.297582 -3.527176
v 1.686541 0.000003 -3.112056
v 1.705603 0.000003 -3.112226
v 1.406421 2.297582 -3.527176
v -0.150004 2.230782 -3.904061
v -0.257207 2.182462 -3.929589
v -0.152475 2.196412 -3.893733
v -0.257207 2.182462 -3.929589
v -0.259694 2.148192 -3.919192
v -0.152475 2.196412 -3.893733
v -0.013106 2.195592 -3.860398
v -0.152475 2.196412 -3.893733
v -0.337708 0.000002 -3.735738
v 1.705603 0.000003 -3.112226
v 1.723239 0.000003 -3.119328
v 1.444641 2.292792 -3.527483
v -0.439828 0.000002 -3.760163
v -0.416779 0.000002 -3.754650
v -0.349054 1.966782 -3.939785
v -0.391297 0.000002 -3.748555
v -0.259694 2.148192 -3.919192
v -0.337708 0.000002 -3.735738
v -0.152475 2.196412 -3.893733
v -0.269921 0.000002 -3.719524
v -0.013106 2.195592 -3.860398
v 1.723239 0.000003 -3.119328
v 1.479915 2.286192 -3.541698
v 1.444641 2.292792 -3.527483
v 1.398204 2.292032 -3.534518
v 1.406421 2.297582 -3.527176
v 1.223586 2.315122 -3.560192
v 1.675573 0.000003 -3.117362
v 1.686541 0.000003 -3.112056
v 1.406421 2.297582 -3.527176
v -0.150004 2.230782 -3.904061
v -0.152475 2.196412 -3.893733
v -0.010633 2.230052 -3.870737
v -0.144482 2.257812 -3.927151
v -0.251578 2.209352 -3.952694
v -0.152475 2.196412 -3.893733
v -0.013106 2.195592 -3.860398
v -0.010633 2.230052 -3.870737
v -0.251578 2.209352 -3.952694
v -0.257207 2.182462 -3.929589
v -0.150004 2.230782 -3.904061
v 1.398204 2.292032 -3.534518
v 1.675573 0.000003 -3.117362
v 1.406421 2.297582 -3.527176
v 1.868036 0.000003 -3.218742
v 1.892101 0.000003 -3.213172
v 1.817448 2.432432 -3.729441
v 1.844857 0.000003 -3.224143
v 1.723057 2.308342 -3.751359
v 1.814976 0.000003 -3.231187
v 1.663390 2.276032 -3.765414
v 1.767000 0.000003 -3.242538
v 1.567344 2.243332 -3.788151
v 1.528111 3.380242 -3.409180
v 1.699778 3.488982 -3.376757
v 1.691926 3.510682 -3.356395
v 1.814976 0.000003 -3.231187
v 1.663390 2.276032 -3.765414
v 1.567344 2.243332 -3.788151
v 1.844857 0.000003 -3.224143
v 1.723057 2.308342 -3.751359
v 1.663390 2.276032 -3.765414
v 0.364469 2.233812 -4.248657
v 0.585145 2.231462 -4.195876
v 0.364469 2.243452 -4.248657
v 0.130178 2.233812 -4.304696
v 1.334995 2.231022 -4.016525
v 1.628807 2.233812 -3.946250
v 1.335048 2.240522 -4.016748
v 1.147611 2.239272 -4.061478
v 1.147580 2.229712 -4.061351
v 0.960084 2.238952 -4.106258
v 0.960070 2.229352 -4.106200
v 0.772660 2.239562 -4.151046
v 0.772656 2.229932 -4.151027
v 0.585243 2.241102 -4.195852
v 0.585145 2.231462 -4.195876
v 0.364469 2.243452 -4.248657
v 0.130178 2.243452 -4.304696
v 0.130178 2.233812 -4.304696
v 1.628807 2.233812 -3.946250
v 1.626761 2.243192 -3.947151
v 1.335048 2.240522 -4.016748
v 1.868036 0.000003 -3.218742
v 1.769414 2.358792 -3.740549
v 1.723057 2.308342 -3.751359
v 1.828730 2.517012 -3.725025
v 1.820139 2.518512 -3.729085
v 1.817448 2.432432 -3.729441
v 1.828730 2.517012 -3.725025
v 1.842519 2.577042 -3.713892
v 1.834031 2.578902 -3.717957
v 1.876310 2.761502 -3.673328
v 1.876310 2.761502 -3.673328
v 1.868004 2.763422 -3.677721
v 1.892623 2.945142 -3.620309
v -0.144482 2.257812 -3.927151
v -0.150004 2.230782 -3.904061
v -0.005113 2.257212 -3.893816
v -0.150004 2.230782 -3.904061
v -0.010633 2.230052 -3.870737
v -0.005113 2.257212 -3.893816
v 1.892888 2.520562 -3.884074
v 1.901904 2.519042 -3.880930
v 1.934255 2.656592 -3.858849
v 1.897625 2.429312 -3.881953
v 1.769414 2.358792 -3.740549
v 1.868036 0.000003 -3.218742
v 1.817448 2.432432 -3.729441
v 1.934255 2.656592 -3.858849
v 1.973105 2.841972 -3.824819
v 1.925348 2.658382 -3.862018
v 1.892888 2.520562 -3.884074
v 1.973105 2.841972 -3.824819
v 1.964232 2.843782 -3.828133
v 1.925348 2.658382 -3.862018
v 1.889462 2.433382 -3.885222
v 1.897625 2.429312 -3.881953
v 1.892888 2.520562 -3.884074
v 1.973105 2.841972 -3.824819
v 2.002609 3.027292 -3.782236
v 1.964232 2.843782 -3.828133
v 0.467558 2.221062 -5.818854
v 0.462036 2.247682 -5.795769
v 0.312067 2.247682 -5.831638
v 0.317588 2.221062 -5.854724
v 0.210060 2.201412 -5.856106
v 0.215399 2.174922 -5.879286
v 0.470031 2.187032 -5.829192
v 0.317588 2.221062 -5.854724
v 0.320061 2.187032 -5.865063
v 0.215399 2.174922 -5.879286
v 0.217887 2.140962 -5.889689
v 0.169120 2.080212 -5.901601
v 0.166616 2.113862 -5.891131
v 0.169120 2.080212 -5.901601
v 0.131307 1.965372 -5.911160
v 0.128758 1.999462 -5.900504
v 0.406506 2.233812 -4.424410
v 0.627182 2.231462 -4.371628
v 0.406506 2.243452 -4.424410
v 0.172215 2.233812 -4.480449
v 1.377031 2.230932 -4.192277
v 1.688447 2.233812 -4.117792
v 1.377055 2.240442 -4.192374
v 1.189631 2.239222 -4.237162
v 1.189617 2.229662 -4.237103
v 1.002111 2.238932 -4.281972
v 1.002107 2.229322 -4.281953
v 0.814693 2.239562 -4.326779
v 0.814693 2.229922 -4.326779
v 0.627280 2.241102 -4.371605
v 0.627182 2.231462 -4.371628
v 0.406506 2.243452 -4.424410
v 0.172215 2.243452 -4.480449
v 0.172215 2.233812 -4.480449
v 1.892623 2.945142 -3.620309
v 1.884860 2.947212 -3.625250
v 1.868004 2.763422 -3.677721
v 1.891085 3.083642 -3.581635
v 1.688447 2.233812 -4.117792
v 1.686352 2.243202 -4.118489
v 1.377055 2.240442 -4.192374
v 2.036410 3.344492 -3.706465
v 2.044962 3.343592 -3.702239
v 2.065593 3.528222 -3.651796
v 2.002609 3.027292 -3.782236
v 1.993889 3.029142 -3.785761
v 1.964232 2.843782 -3.828133
v 2.036410 3.344492 -3.706465
v 1.957265 2.429312 -4.053496
v 1.961934 2.521622 -4.052379
v 1.952775 2.523212 -4.054930
v 2.004789 2.681632 -4.035528
v 1.948939 2.433432 -4.056084
v 1.957265 2.429312 -4.053496
v 1.952775 2.523212 -4.054930
v 2.004789 2.681632 -4.035528
v 1.995754 2.683522 -4.038162
v 1.952775 2.523212 -4.054930
v 2.050822 2.867352 -4.013474
v 2.041719 2.869242 -4.016258
v 2.089576 3.054042 -3.986355
v 2.080609 3.055942 -3.989271
v 2.149383 3.421702 -3.931611
v 2.158356 3.420352 -3.928292
v 2.149383 3.421702 -3.931611
v 2.190221 3.607622 -3.896437
v 2.181381 3.608992 -3.899887
v 2.190221 3.607622 -3.896437
v 2.215583 3.795112 -3.860182
v 2.206782 3.796492 -3.863798
v 1.892623 2.945142 -3.620309
v 1.898371 3.082022 -3.575986
v 1.891085 3.083642 -3.581635
v 1.898108 3.262962 -3.511693
v 2.057210 3.529182 -3.656300
v 2.065593 3.528222 -3.651796
v 2.077835 3.711492 -3.594219
v 2.036410 3.344492 -3.706465
v 1.421869 2.230892 -4.379740
v 1.739704 2.233812 -4.303720
v 1.421876 2.240412 -4.379769
v 1.234457 2.239212 -4.424576
v 1.234455 2.229642 -4.424566
v 1.046944 2.238922 -4.469415
v 1.046944 2.229312 -4.469415
v 0.859530 2.239552 -4.514241
v 0.859530 2.229922 -4.514241
v 0.672117 2.241102 -4.559068
v 0.672020 2.231462 -4.559091
v 0.451344 2.243452 -4.611873
v 0.217053 2.243452 -4.667911
v 0.217053 2.233812 -4.667911
v 0.451344 2.233812 -4.611873
v 0.672020 2.231462 -4.559091
v 0.451344 2.243452 -4.611873
v 0.217053 2.233812 -4.667911
v 2.008522 2.429312 -4.239423
v 2.013676 2.522742 -4.238190
v 2.004437 2.524402 -4.240399
v 2.062202 2.691152 -4.223551
v 1.739704 2.233812 -4.303720
v 1.737674 2.243202 -4.304256
v 1.421876 2.240412 -4.379769
v 2.053072 2.693132 -4.225785
v 2.004437 2.524402 -4.240399
v 2.062202 2.691152 -4.223551
v 2.112637 2.876382 -4.207005
v 2.112637 2.876382 -4.207005
v 2.103517 2.878372 -4.209289
v 2.053072 2.693132 -4.225785
v 2.000093 2.433442 -4.241583
v 2.008522 2.429312 -4.239423
v 2.004437 2.524402 -4.240399
v 2.069826 3.712552 -3.598993
v 2.057210 3.529182 -3.656300
v 2.077835 3.711492 -3.594219
v 2.112637 2.876382 -4.207005
v 2.157293 3.062992 -4.189516
v 2.103517 2.878372 -4.209289
v 2.157293 3.062992 -4.189516
v 2.148193 3.064972 -4.191877
v 2.103517 2.878372 -4.209289
v 2.234108 3.448972 -4.155154
v 2.445135 3.790223 -5.296232
v 2.436207 3.791502 -5.292864
v 2.419658 3.633122 -5.237432
v 2.157293 3.062992 -4.189516
v 2.243261 3.447742 -4.152585
v 2.234108 3.448972 -4.155154
v 2.282560 3.635482 -4.134189
v 2.215583 3.795112 -3.860182
v 2.240047 4.002953 -3.817593
v 2.206782 3.796492 -3.863798
v 2.077835 3.711492 -3.594219
v 2.085923 3.892863 -3.533461
v 2.069826 3.712552 -3.598993
v 2.273427 3.636712 -4.136846
v 2.234108 3.448972 -4.155154
v 2.282560 3.635482 -4.134189
v 2.316725 3.824152 -4.114964
v 2.240047 4.002953 -3.817593
v 2.231225 4.003492 -3.821553
v 2.206782 3.796492 -3.863798
v 1.891615 3.264882 -3.518079
v 1.891085 3.083642 -3.581635
v 1.898108 3.262962 -3.511693
v 2.307710 3.825372 -4.117685
v 2.273427 3.636712 -4.136846
v 2.316725 3.824152 -4.114964
v 2.353073 4.041382 -4.092400
v 2.085923 3.892863 -3.533461
v 2.077999 3.892672 -3.539017
v 2.069826 3.712552 -3.598993
v 2.353073 4.041382 -4.092400
v 2.343904 4.041542 -4.095332
v 2.307710 3.825372 -4.117685
v 2.436207 3.791502 -5.292864
v 2.410653 3.635172 -5.235033
v 2.419658 3.633122 -5.237432
v 2.387710 3.453552 -5.176082
v 1.466705 2.230892 -4.567192
v 1.784540 2.233812 -4.491172
v 1.782267 2.243152 -4.490698
v 1.891615 3.264882 -3.518079
v 1.898108 3.262962 -3.511693
v 1.882109 3.439362 -3.437500
v 1.466581 2.240392 -4.566677
v 1.466705 2.230892 -4.567192
v 1.782267 2.243152 -4.490698
v 1.279290 2.229642 -4.612019
v 1.279221 2.239192 -4.611727
v 1.091780 2.229312 -4.656868
v 1.091750 2.238912 -4.656741
v 0.904366 2.229922 -4.701694
v 2.429202 4.045263 -4.374149
v 2.419810 4.045653 -4.376149
v 2.387398 3.827042 -4.379490
v 2.419810 4.045653 -4.376149
v 2.378109 3.828402 -4.381495
v 2.387398 3.827042 -4.379490
v 2.348720 3.638312 -4.384577
v 2.339531 3.639682 -4.386569
v 2.348720 3.638312 -4.384577
v 2.378109 3.828402 -4.381495
v 2.305508 3.450612 -4.390481
v 2.296224 3.451982 -4.392506
v 2.305508 3.450612 -4.390481
v 2.339531 3.639682 -4.386569
v 2.202196 3.065762 -4.405619
v 2.211365 3.063742 -4.403549
v 2.305508 3.450612 -4.390481
v 2.202196 3.065762 -4.405619
v 2.163228 2.877292 -4.410355
v 2.202196 3.065762 -4.405619
v 2.154065 2.879303 -4.412454
v 2.163228 2.877292 -4.410355
v 2.109966 2.692262 -4.418086
v 2.154065 2.879303 -4.412454
v 2.100811 2.694272 -4.420224
v 2.109966 2.692262 -4.418086
v 2.058609 2.522802 -4.425619
v 1.091750 2.238912 -4.656741
v 0.904359 2.239552 -4.701665
v 0.904366 2.229922 -4.701694
v 0.716855 2.231462 -4.746543
v 0.904359 2.239552 -4.701665
v 0.716953 2.241102 -4.746520
v 0.716855 2.231462 -4.746543
v 0.496180 2.233812 -4.799325
v 0.261888 2.233812 -4.855364
v 0.261888 2.243452 -4.855364
v 0.496180 2.243452 -4.799325
v 0.496180 2.233812 -4.799325
v 0.716953 2.241102 -4.746520
v 0.261888 2.243452 -4.855364
v 2.049370 2.524502 -4.427830
v 2.058609 2.522802 -4.425619
v 2.100811 2.694272 -4.420224
v 2.044895 2.433452 -4.428900
v 2.053357 2.429312 -4.426875
v 2.058609 2.522802 -4.425619
v 2.044895 2.433452 -4.428900
v 2.476766 4.035233 -4.671019
v 2.467200 4.035833 -4.671867
v 2.433293 3.818972 -4.654344
v 2.467200 4.035833 -4.671867
v 2.423875 3.820422 -4.655373
v 2.433293 3.818972 -4.654344
v 2.393347 3.630902 -4.641658
v 2.378644 3.455402 -5.174286
v 2.387710 3.453552 -5.176082
v 2.410653 3.635172 -5.235033
v 2.349827 3.271762 -5.125594
v 0.380012 3.173062 -3.677842
v 0.360544 3.189062 -3.661359
v 0.282916 3.157482 -3.681139
v 0.302222 3.141902 -3.697373
v 0.380012 3.173062 -3.677842
v 0.217201 3.105392 -3.700436
v 0.236101 3.090052 -3.715831
v 0.168201 3.036732 -3.717820
v 0.302222 3.141902 -3.697373
v 0.186764 3.021472 -3.731806
v 0.168201 3.036732 -3.717820
v 0.139713 2.956692 -3.731976
v 0.157829 2.941412 -3.744094
v 0.139713 2.956692 -3.731976
v 0.014107 2.353922 -3.819414
v 2.383854 3.632342 -4.642808
v 2.393347 3.630902 -4.641658
v 2.423875 3.820422 -4.655373
v 2.349147 3.443552 -4.632684
v 2.486084 3.968503 -5.001441
v 2.476422 3.969193 -5.001457
v 2.446423 3.767582 -4.956849
v 2.339777 3.444992 -4.633917
v 2.349147 3.443552 -4.632684
v 2.383854 3.632342 -4.642808
v 2.245351 3.062992 -4.619579
v 2.476422 3.969193 -5.001457
v 2.436941 3.769032 -4.957189
v 2.446423 3.767582 -4.956849
v 2.407832 3.582552 -4.919740
v 1.876639 3.441733 -3.444720
v 1.891615 3.264882 -3.518079
v 1.882109 3.439362 -3.437500
v 2.254557 3.061012 -4.618087
v 2.349147 3.443552 -4.632684
v 2.245351 3.062992 -4.619579
v 2.206050 2.874622 -4.613033
v 2.196775 2.876602 -4.614665
v 2.206050 2.874622 -4.613033
v 2.245351 3.062992 -4.619579
v 2.152890 2.689422 -4.612165
v 2.143643 2.691402 -4.613914
v 2.152890 2.689422 -4.612165
v 2.196775 2.876602 -4.614665
v 2.102668 2.522202 -4.613268
v 2.398383 3.583982 -4.920214
v 2.407832 3.582552 -4.919740
v 2.436941 3.769032 -4.957189
v 2.365328 3.397023 -4.890344
v 2.143643 2.691402 -4.613914
v 2.093348 2.523872 -4.615137
v 2.102668 2.522202 -4.613268
v 2.088392 2.433462 -4.616343
v 2.096931 2.429312 -4.614640
v 2.102668 2.522202 -4.613268
v 2.088392 2.433462 -4.616343
v 2.340582 3.273482 -5.124343
v 2.349827 3.271762 -5.125594
v 2.378644 3.455402 -5.174286
v 2.280280 3.004252 -5.058793
v 1.882109 3.439362 -3.437500
v 1.870575 3.523692 -3.399160
v 1.876639 3.441733 -3.444720
v 1.511542 2.230902 -4.754655
v 1.828112 2.233812 -4.678937
v 1.826049 2.243202 -4.679338
v 1.511531 2.240422 -4.754606
v 1.511542 2.230902 -4.754655
v 1.826049 2.243202 -4.679338
v 1.324128 2.229642 -4.799481
v 1.324121 2.239212 -4.799452
v 1.136618 2.229312 -4.844330
v 1.136615 2.238922 -4.844320
v 0.949203 2.229922 -4.889156
v 0.949203 2.239552 -4.889156
v 0.761693 2.231462 -4.934006
v 0.761790 2.241102 -4.933982
v 0.541017 2.233812 -4.986788
v 0.306726 2.233812 -5.042826
v 0.306726 2.243452 -5.042826
v 0.541017 2.243452 -4.986788
v 0.541017 2.233812 -4.986788
v 0.761790 2.241102 -4.933982
v 0.306726 2.243452 -5.042826
v 0.810977 3.144482 -5.838621
v 0.798465 3.163092 -5.867557
v 0.743851 3.092502 -5.852011
v 0.876550 3.194922 -5.850118
v 2.355814 3.398423 -4.890976
v 2.365328 3.397023 -4.890344
v 2.398383 3.583982 -4.920214
v 2.271417 3.046422 -4.842905
v 0.889088 3.175762 -5.820860
v 0.876550 3.194922 -5.850118
v 0.810977 3.144482 -5.838621
v 0.679602 3.042012 -5.886463
v 0.647937 2.961912 -5.886477
v 0.661727 2.943692 -5.862022
v 0.467392 2.356922 -5.870174
v 0.692811 3.023822 -5.860007
v 0.679602 3.042012 -5.886463
v 0.731108 3.110792 -5.879980
v 0.743851 3.092502 -5.852011
v 0.731108 3.110792 -5.879980
v 0.798465 3.163092 -5.867557
v 2.445000 0.000002 -5.556605
v 2.453125 0.000002 -5.558764
v 2.156058 2.429312 -5.123217
v 2.280846 3.044522 -4.841921
v 2.365328 3.397023 -4.890344
v 2.271417 3.046422 -4.842905
v 2.234073 2.858902 -4.820903
v 2.289627 3.002122 -5.059184
v 2.349827 3.271762 -5.125594
v 2.280280 3.004252 -5.058793
v 2.245461 2.818912 -5.020688
v 2.271417 3.046422 -4.842905
v 2.224674 2.860802 -4.822010
v 2.234073 2.858902 -4.820903
v 2.182965 2.673652 -4.808836
v 2.224674 2.860802 -4.822010
v 2.173588 2.675532 -4.810045
v 2.182965 2.673652 -4.808836
v 2.138891 2.520342 -4.802542
v 2.133113 2.429312 -4.804174
v 2.138891 2.520342 -4.802542
v 2.124529 2.433442 -4.805254
v 2.129430 2.521962 -4.803823
v 2.138891 2.520342 -4.802542
v 2.173588 2.675532 -4.810045
v 2.124529 2.433442 -4.805254
v 2.280280 3.004252 -5.058793
v 2.236102 2.820972 -5.020678
v 2.245461 2.818912 -5.020688
v 2.194943 2.635092 -4.995190
v 2.236102 2.820972 -5.020678
v 2.185536 2.637112 -4.995410
v 2.194943 2.635092 -4.995190
v 2.161240 2.519362 -4.983246
v 1.556380 2.230953 -4.942120
v 1.864295 2.233812 -4.868471
v 1.862095 2.243202 -4.868730
v 1.556347 2.240462 -4.941980
v 1.556380 2.230953 -4.942120
v 1.862095 2.243202 -4.868730
v 1.368966 2.229672 -4.986945
v 1.368948 2.239232 -4.986867
v 1.181456 2.229332 -5.031795
v 1.181448 2.238932 -5.031760
v 0.994042 2.229922 -5.076621
v 0.994040 2.239562 -5.076613
v 0.806531 2.231462 -5.121470
v 0.806628 2.241102 -5.121447
v 0.585855 2.233812 -5.174252
v 0.351564 2.233812 -5.230290
v 0.351564 2.243452 -5.230290
v 0.585855 2.243452 -5.174252
v 0.585855 2.233812 -5.174252
v 0.806628 2.241102 -5.121447
v 0.351564 2.243452 -5.230290
v 2.151744 2.521062 -4.983523
v 2.161240 2.519362 -4.983246
v 2.185536 2.637112 -4.995410
v 2.145939 2.433432 -4.985046
v 2.154627 2.429312 -4.984828
v 2.161240 2.519362 -4.983246
v 2.145939 2.433432 -4.985046
v 2.445000 0.000002 -5.556605
v 2.156058 2.429312 -5.123217
v 2.099649 2.351492 -5.136708
v 2.053355 2.301052 -5.147781
v 2.396372 0.000002 -5.568236
v 2.099649 2.351492 -5.136708
v 2.349775 3.523692 -5.402650
v 2.341763 3.525102 -5.397530
v 2.236541 3.291102 -5.452831
v 1.598415 2.231062 -5.117864
v 1.885809 2.233812 -5.049125
v 1.883574 2.243192 -5.049237
v 1.222105 2.309502 -3.554861
v 1.398204 2.292032 -3.534518
v 1.223586 2.315122 -3.560192
v 1.035016 2.330732 -3.595887
v 1.993737 2.268672 -5.162041
v 2.366612 0.000002 -5.575355
v 2.053355 2.301052 -5.147781
v 1.598361 2.240562 -5.117638
v 1.598415 2.231062 -5.117864
v 1.883574 2.243192 -5.049237
v 1.411001 2.229732 -5.162690
v 1.410971 2.239292 -5.162562
v 1.223491 2.229352 -5.207540
v 1.223477 2.238962 -5.207483
v 1.036077 2.229932 -5.252366
v 1.036073 2.239562 -5.252352
v 0.848566 2.231462 -5.297215
v 0.848664 2.241102 -5.297192
v 0.627890 2.233812 -5.349997
v 0.393599 2.233812 -5.406035
v 0.393599 2.243452 -5.406035
v 0.627890 2.243452 -5.349997
v 0.627890 2.233812 -5.349997
v 0.848664 2.241102 -5.297192
v 0.393599 2.243452 -5.406035
v 1.891811 2.233812 -5.186419
v 2.315649 0.000002 -5.587543
v 1.993737 2.268672 -5.162041
v 2.202083 3.492322 -5.492754
v 2.202893 3.517202 -5.520216
v 2.037564 3.384792 -5.540446
v 2.419519 0.000002 -5.562699
v 2.445000 0.000002 -5.556605
v 2.099649 2.351492 -5.136708
v 2.396372 0.000002 -5.568236
v 2.366612 0.000002 -5.575355
v 2.053355 2.301052 -5.147781
v 2.315649 0.000002 -5.587543
v 1.993737 2.268672 -5.162041
v 1.901284 2.287082 -5.477934
v 2.320386 0.000002 -5.733306
v 1.926295 2.280022 -5.449240
v 2.320386 0.000002 -5.733306
v 2.332892 0.000002 -5.718959
v 1.926295 2.280022 -5.449240
v 0.225960 0.000002 -6.090234
v 0.304932 0.000002 -6.071345
v 0.470031 2.187032 -5.829192
v 0.174900 0.000002 -6.102447
v 0.320061 2.187032 -5.865063
v 0.150488 0.000002 -6.108286
v 0.217887 2.140962 -5.889689
v 0.320061 2.187032 -5.865063
v 0.225960 0.000002 -6.090234
v 0.470031 2.187032 -5.829192
v 0.131436 0.000002 -6.112456
v 0.150488 0.000002 -6.108286
v 0.131307 1.965372 -5.911160
v 0.467392 2.356922 -5.870174
v 0.501926 2.356802 -5.858942
v 0.661727 2.943692 -5.862022
v 2.320386 0.000002 -5.733306
v 1.901284 2.287082 -5.477934
v 1.867279 2.292022 -5.495679
v 2.303383 0.000002 -5.742179
v 2.320386 0.000002 -5.733306
v 1.867279 2.292022 -5.495679
v 0.829639 2.869762 -5.807026
v 0.692811 3.023822 -5.860007
v 0.804438 2.791102 -5.809131
v 0.743851 3.092502 -5.852011
v 0.877418 2.936662 -5.798719
v 0.743851 3.092502 -5.852011
v 0.829639 2.869762 -5.807026
v 0.810977 3.144482 -5.838621
v 0.217887 2.140962 -5.889689
v 0.174900 0.000002 -6.102447
v 0.320061 2.187032 -5.865063
v 0.736276 2.355352 -5.803147
v 0.804438 2.791102 -5.809131
v 0.661727 2.943692 -5.862022
v 0.692811 3.023822 -5.860007
v 0.942936 2.985072 -5.785050
v 0.810977 3.144482 -5.838621
v 0.877418 2.936662 -5.798719
v 0.889088 3.175762 -5.820860
v 1.019634 3.010122 -5.767400
v 0.889088 3.175762 -5.820860
v 0.942936 2.985072 -5.785050
v 1.775029 3.101432 -5.586731
v 1.775029 3.101432 -5.586731
v 1.779815 3.296562 -5.608031
v 0.889088 3.175762 -5.820860
v 1.914277 3.324532 -5.574384
v 1.910579 3.129492 -5.552052
v 1.914277 3.324532 -5.574384
v 1.775029 3.101432 -5.586731
v 2.037564 3.384792 -5.540446
v 2.202083 3.492322 -5.492754
v 2.037564 3.384792 -5.540446
v 2.037444 3.183022 -5.515009
v 1.910579 3.129492 -5.552052
v 0.501926 2.356802 -5.858942
v 0.736276 2.355352 -5.803147
v 0.661727 2.943692 -5.862022
v 0.169120 2.080212 -5.901601
v 0.150488 0.000002 -6.108286
v 0.217887 2.140962 -5.889689
v 2.236541 3.291102 -5.452831
v 2.202083 3.492322 -5.492754
v 2.037444 3.183022 -5.515009
v 2.341763 3.525102 -5.397530
v 2.341763 3.525102 -5.397530
v 2.343543 3.724582 -5.452686
v 2.202083 3.492322 -5.492754
v 0.150488 0.000002 -6.108286
v 0.169120 2.080212 -5.901601
v 0.131307 1.965372 -5.911160
v -0.280314 2.012932 -4.229759
v -0.271432 2.010202 -4.227346
v -0.313891 2.034412 -4.089379
v -0.271432 2.010202 -4.227346
v -0.305060 2.031542 -4.086752
v 0.098477 2.031542 -5.773902
v 0.064849 2.010202 -5.633306
v 0.089412 2.034412 -5.775551
v 0.064849 2.010202 -5.633306
v 0.055835 2.012932 -5.635170
v -0.305060 2.031542 -4.086752
v -0.322129 2.040412 -4.015386
v -0.313891 2.034412 -4.089379
v 0.115545 2.040412 -5.845263
v 0.098477 2.031542 -5.773902
v 0.089412 2.034412 -5.775551
v -0.322129 2.040412 -4.015386
v -0.329759 2.026042 -3.983485
v -0.333554 2.043602 -4.005882
v 0.123176 2.026042 -5.877164
v 0.115545 2.040412 -5.845263
v 0.109659 2.043602 -5.858915
v -0.246831 2.004102 -4.370182
v -0.237804 2.001532 -4.367941
v -0.280314 2.012932 -4.229759
v -0.271432 2.010202 -4.227346
v -0.280314 2.012932 -4.229759
v 0.064849 2.010202 -5.633306
v 0.031221 2.001532 -5.492709
v 0.055835 2.012932 -5.635170
v 0.022158 2.004102 -5.494798
v 0.055835 2.012932 -5.635170
v -0.329759 2.026042 -3.983485
v -0.341019 2.028472 -3.973809
v -0.333554 2.043602 -4.005882
v 0.117514 2.028472 -5.890895
v 0.123176 2.026042 -5.877164
v 0.109659 2.043602 -5.858915
v -0.241245 2.004102 -4.393534
v -0.232200 2.001532 -4.391370
v -0.246831 2.004102 -4.370182
v -0.237804 2.001532 -4.367941
v -0.195770 2.001532 -4.543684
v -0.204815 2.004102 -4.545848
v -0.190163 2.001532 -4.567122
v -0.199208 2.004102 -4.569286
v -0.150932 2.001532 -4.731147
v -0.159977 2.004102 -4.733310
v -0.145326 2.001532 -4.754585
v -0.154371 2.004102 -4.756748
v -0.106094 2.001532 -4.918609
v -0.115139 2.004102 -4.920773
v -0.109535 2.004102 -4.944201
v -0.100490 2.001532 -4.942038
v -0.070302 2.004102 -5.108234
v -0.061256 2.001532 -5.106071
v -0.064698 2.004102 -5.131663
v -0.055652 2.001532 -5.129500
v -0.025464 2.004102 -5.295696
v -0.016419 2.001532 -5.293532
v -0.019860 2.004102 -5.319128
v -0.010814 2.001532 -5.316964
v 0.016571 2.004102 -5.471441
v 0.025616 2.001532 -5.469277
v 0.022158 2.004102 -5.494798
v 0.031221 2.001532 -5.492709
v -0.322129 2.040412 -4.015386
v -0.333554 2.043602 -4.005882
v -0.313891 2.034412 -4.089379
v 0.109659 2.043602 -5.858915
v 0.115545 2.040412 -5.845263
v 0.089412 2.034412 -5.775551
v 1.993737 2.268672 -5.162041
v 2.053355 2.301052 -5.147781
v 2.057175 2.302152 -5.008137
v 1.721559 2.301052 -3.760571
v 1.661940 2.268672 -3.774830
v 1.788150 2.302152 -3.883368
v 2.057893 2.302152 -4.983192
v 1.997983 2.270442 -4.997522
v 1.997265 2.270442 -5.022466
v 2.057175 2.302152 -5.008137
v 1.800076 2.302152 -3.905286
v 1.788150 2.302152 -3.883368
v 1.728240 2.270442 -3.897697
v 1.740166 2.270442 -3.919615
v 1.997265 2.270442 -5.022466
v 1.993737 2.268672 -5.162041
v 2.057175 2.302152 -5.008137
v 1.661940 2.268672 -3.774830
v 1.728240 2.270442 -3.897697
v 1.788150 2.302152 -3.883368
v 2.033461 2.302152 -4.803237
v 1.973551 2.270442 -4.817567
v 1.975752 2.270442 -4.841813
v 2.035661 2.302152 -4.827483
v 1.799807 2.270442 -4.091157
v 1.859716 2.302152 -4.076828
v 1.790796 2.270442 -4.068532
v 1.850706 2.302152 -4.054203
v 1.975752 2.270442 -4.841813
v 1.973551 2.270442 -4.817567
v 1.864295 2.233812 -4.868471
v 1.862192 2.233812 -4.844202
v 2.035661 2.302152 -4.827483
v 1.997983 2.270442 -4.997522
v 2.057893 2.302152 -4.983192
v 1.799807 2.270442 -4.091157
v 1.790796 2.270442 -4.068532
v 1.679340 2.233812 -4.095191
v 1.688447 2.233812 -4.117792
v 1.850706 2.302152 -4.054203
v 1.740166 2.270442 -3.919615
v 1.800076 2.302152 -3.905286
v 1.997265 2.270442 -5.022466
v 1.885809 2.233812 -5.049125
v 1.891811 2.233812 -5.186419
v 1.993737 2.268672 -5.162041
v 1.997265 2.270442 -5.022466
v 1.997983 2.270442 -4.997522
v 1.886624 2.233812 -5.024158
v 1.885809 2.233812 -5.049125
v 1.728240 2.270442 -3.897697
v 1.661940 2.268672 -3.774830
v 1.560015 2.233812 -3.799209
v 1.616784 2.233812 -3.924356
v 1.728240 2.270442 -3.897697
v 1.616784 2.233812 -3.924356
v 1.628807 2.233812 -3.946250
v 1.740166 2.270442 -3.919615
v 1.975752 2.270442 -4.841813
v 1.864295 2.233812 -4.868471
v 1.997983 2.270442 -4.997522
v 1.886624 2.233812 -5.024158
v 1.679340 2.233812 -4.095191
v 1.790796 2.270442 -4.068532
v 1.740166 2.270442 -3.919615
v 1.628807 2.233812 -3.946250
v 1.632044 2.231142 -5.258460
v 1.891811 2.233812 -5.186419
v 1.885809 2.233812 -5.049125
v 1.598415 2.231062 -5.117864
v 1.444630 2.229782 -5.303287
v 1.411001 2.229732 -5.162690
v 1.257119 2.229382 -5.348136
v 1.223491 2.229352 -5.207540
v 1.069705 2.229942 -5.392962
v 1.290747 2.248852 -5.488732
v 1.103333 2.249412 -5.533558
v 0.915822 2.250932 -5.578407
v 1.146006 2.345432 -5.712827
v 1.331995 2.337442 -5.663764
v 1.517101 2.325462 -5.611870
v 1.478258 2.249242 -5.443883
v 1.665672 2.250612 -5.399056
v 1.701032 2.309502 -5.557214
v 1.891811 2.233812 -5.186419
v 1.867279 2.292022 -5.495679
v 1.925439 2.253282 -5.327015
v 1.901284 2.287082 -5.477934
v 1.937108 2.263602 -5.375802
v 1.926295 2.280022 -5.449240
v 1.938837 2.271822 -5.413552
v 0.954466 2.229352 -4.082771
v 1.141977 2.229732 -4.037922
v 0.920838 2.229382 -3.942177
v 0.733424 2.229942 -3.987003
v 1.108349 2.229782 -3.897327
v 1.329391 2.231062 -3.993095
v 0.699796 2.249412 -3.846409
v 0.512286 2.250932 -3.891257
v 0.656735 2.345432 -3.667230
v 0.887211 2.248852 -3.801582
v 0.844795 2.337442 -3.626825
v 1.033348 2.325462 -3.589345
v 1.074721 2.249242 -3.756733
v 1.295763 2.231142 -3.852501
v 1.616784 2.233812 -3.924356
v 1.560015 2.233812 -3.799209
v 1.262135 2.250612 -3.711906
v 1.560015 2.233812 -3.799209
v 1.222105 2.309502 -3.554861
v 1.526387 2.253282 -3.658614
v 1.398204 2.292032 -3.534518
v 1.514717 2.263602 -3.609820
v 1.436558 2.287082 -3.534959
v 1.499179 2.271822 -3.575380
v 1.471844 2.280022 -3.549221
v 0.067507 2.233812 -4.146278
v 0.090946 2.233812 -4.140673
v 0.057319 2.253282 -4.000078
v 0.291610 2.253282 -3.944039
v 0.767052 2.229932 -4.127597
v 0.545914 2.231462 -4.031852
v 0.248399 2.351782 -3.763375
v 0.014107 2.353922 -3.819414
v -0.009332 2.354162 -3.825020
v 0.469074 2.349432 -3.710593
v 0.033880 2.253282 -4.005684
v -0.116090 2.253282 -4.041554
v -0.082462 2.233812 -4.182149
v 0.016845 2.262112 -3.934464
v -0.133125 2.262112 -3.970333
v -0.234967 2.215692 -3.994630
v -0.217529 2.206452 -4.065817
v -0.184679 2.187732 -4.206597
v -0.234967 2.215692 -3.994630
v 0.009259 2.247682 -3.902747
v -0.133125 2.262112 -3.970333
v -0.140711 2.247682 -3.938618
v -0.234967 2.215692 -3.994630
v -0.242749 2.201412 -3.962952
v -0.234967 2.215692 -3.994630
v 0.130178 2.233812 -4.304696
v 0.124574 2.233812 -4.281266
v 0.106739 2.233812 -4.310302
v 0.101135 2.233812 -4.286873
v 0.325238 2.233812 -4.084634
v 0.358866 2.233812 -4.225228
v 0.579541 2.231462 -4.172446
v 2.039840 3.380242 -5.548672
v 2.043637 3.399582 -5.569277
v 2.209808 3.510682 -5.521614
v 1.920866 3.338522 -5.602794
v 1.522172 3.399582 -3.389080
v 1.528111 3.380242 -3.409180
v 1.691926 3.510682 -3.356395
v 1.397524 3.338522 -3.414750
v 1.592811 2.231022 -5.094432
v 1.886624 2.233812 -5.024158
v 1.864295 2.233812 -4.868471
v 0.393599 2.233812 -5.406035
v 0.387994 2.233812 -5.382603
v 0.364555 2.233812 -5.388209
v 0.370160 2.233812 -5.411641
v 0.220190 2.233812 -5.447512
v 0.253818 2.233812 -5.588107
v 0.151602 2.187732 -5.612556
v 0.117974 2.187732 -5.471960
v 0.403788 2.233812 -5.552238
v 0.427227 2.233812 -5.546632
v 0.661519 2.233812 -5.490593
v 0.627890 2.233812 -5.349997
v 0.848566 2.231462 -5.297215
v 0.882194 2.231462 -5.437811
v 1.036077 2.229932 -5.252366
v 0.695147 2.253282 -5.631189
v 0.460855 2.253282 -5.687227
v 0.738359 2.351782 -5.811854
v 0.504067 2.353922 -5.867892
v 0.480628 2.354162 -5.873499
v 0.959034 2.349432 -5.759072
v 0.437416 2.253282 -5.692834
v 0.287447 2.253282 -5.728703
v 0.454450 2.262112 -5.764053
v 0.253818 2.233812 -5.588107
v 0.304481 2.262112 -5.799923
v 0.202667 2.215692 -5.824337
v 0.186007 2.206452 -5.752967
v 0.202667 2.215692 -5.824337
v 0.151602 2.187732 -5.612556
v 0.462036 2.247682 -5.795769
v 0.304481 2.262112 -5.799923
v 0.312067 2.247682 -5.831638
v 0.202667 2.215692 -5.824337
v 0.202667 2.215692 -5.824337
v 0.210060 2.201412 -5.856106
v 0.178155 2.233812 -5.271767
v 0.328125 2.233812 -5.235896
v 0.322520 2.233812 -5.212464
v 0.351564 2.233812 -5.230290
v 0.214586 2.233812 -5.424079
v 0.112369 2.187732 -5.448527
v 0.622286 2.233812 -5.326565
v 0.585855 2.233812 -5.174252
v 0.806531 2.231462 -5.121470
v 0.842962 2.231462 -5.273783
v 0.994042 2.229922 -5.076621
v 1.030472 2.229932 -5.228933
v 1.181456 2.229332 -5.031795
v 1.217886 2.229352 -5.184108
v 1.368966 2.229672 -4.986945
v 1.405397 2.229712 -5.139258
v 1.556380 2.230953 -4.942120
v 0.193613 2.233812 -4.673517
v 0.043644 2.233812 -4.709387
v 0.232845 2.233812 -4.837541
v 0.038038 2.233812 -4.685948
v 0.217053 2.233812 -4.667911
v 0.211446 2.233812 -4.644472
v 0.188007 2.233812 -4.650078
v 0.172215 2.233812 -4.480449
v 0.406506 2.233812 -4.424410
v 0.445738 2.233812 -4.588433
v 0.666414 2.231462 -4.535652
v 0.627182 2.231462 -4.371628
v 0.853924 2.229922 -4.490803
v 0.814693 2.229922 -4.326779
v 1.041338 2.229312 -4.445976
v 1.002107 2.229322 -4.281953
v 1.228849 2.229642 -4.401127
v 1.189617 2.229662 -4.237103
v 1.416263 2.230902 -4.356301
v 1.377031 2.230932 -4.192277
v 1.732833 2.233812 -4.280583
v 1.688447 2.233812 -4.117792
v 1.844290 2.270442 -4.253924
v 1.799807 2.270442 -4.091157
v 1.739704 2.233812 -4.303720
v 1.904201 2.302152 -4.239594
v 1.859716 2.302152 -4.076828
v 1.851160 2.270442 -4.277061
v 1.851160 2.270442 -4.277061
v 1.911071 2.302152 -4.262732
v 1.904201 2.302152 -4.239594
v 1.778936 2.233812 -4.467743
v 1.421869 2.230892 -4.379740
v 1.851160 2.270442 -4.277061
v 1.461101 2.230892 -4.543763
v 1.234455 2.229642 -4.424566
v 1.273687 2.229642 -4.588590
v 1.046944 2.229312 -4.469415
v 1.086176 2.229312 -4.633439
v 0.859530 2.229922 -4.514241
v 0.898762 2.229922 -4.678265
v 0.672020 2.231462 -4.559091
v 0.711251 2.231462 -4.723114
v 0.451344 2.233812 -4.611873
v 0.490576 2.233812 -4.775896
v 0.256284 2.233812 -4.831934
v 0.238449 2.233812 -4.860970
v 0.261888 2.233812 -4.855364
v 0.301122 2.233812 -5.019397
v 0.535413 2.233812 -4.963358
v 0.496180 2.233812 -4.799325
v 0.716855 2.231462 -4.746543
v 0.756089 2.231462 -4.910577
v 0.904366 2.229922 -4.701694
v 0.943600 2.229922 -4.865727
v 1.091780 2.229312 -4.656868
v 1.131014 2.229312 -4.820901
v 1.279290 2.229642 -4.612019
v 1.318524 2.229642 -4.776052
v 1.466705 2.230892 -4.567192
v 1.505938 2.230892 -4.731226
v 1.784540 2.233812 -4.491172
v 1.823774 2.233812 -4.655205
v 1.935229 2.270442 -4.628547
v 1.895995 2.270442 -4.464514
v 1.955906 2.302152 -4.450184
v 1.995140 2.302152 -4.614217
v 1.890392 2.270442 -4.441085
v 1.950302 2.302152 -4.426755
v 1.911071 2.302152 -4.262732
v 1.935229 2.270442 -4.628547
v 1.939569 2.270442 -4.652279
v 1.828112 2.233812 -4.678937
v 1.995140 2.302152 -4.614217
v 1.935229 2.270442 -4.628547
v 1.999480 2.302152 -4.637949
v 1.862192 2.233812 -4.844202
v 1.550776 2.230932 -4.918687
v 1.973551 2.270442 -4.817567
v 1.999480 2.302152 -4.637949
v 2.033461 2.302152 -4.803237
v 1.511542 2.230902 -4.754655
v 1.363362 2.229662 -4.963513
v 1.324128 2.229642 -4.799481
v 1.175851 2.229322 -5.008363
v 1.136618 2.229312 -4.844330
v 0.988437 2.229922 -5.053188
v 0.949203 2.229922 -4.889156
v 0.800926 2.231462 -5.098038
v 0.761693 2.231462 -4.934006
v 0.580251 2.233812 -5.150820
v 0.541017 2.233812 -4.986788
v 0.306726 2.233812 -5.042826
v 0.345959 2.233812 -5.206858
v 0.283286 2.233812 -5.048432
v 0.277683 2.233812 -5.025002
v 0.127713 2.233812 -5.060873
v 0.133317 2.233812 -5.084302
v 0.172551 2.233812 -5.248334
v 0.088479 2.233812 -4.896840
v 0.025497 2.187722 -5.085321
v 0.082875 2.233812 -4.873410
v -0.013737 2.187722 -4.921288
v -0.058573 2.187722 -4.733835
v 0.031100 2.187722 -5.108750
v 0.070334 2.187732 -5.272782
v 2.039840 3.380242 -5.548672
v 1.916376 3.320362 -5.582731
v 1.920866 3.338522 -5.602794
v 1.786583 3.310602 -5.636330
v 1.402597 3.320362 -3.434667
v 1.528111 3.380242 -3.409180
v 1.397524 3.338522 -3.414750
v 1.262600 3.310602 -3.445602
v 0.148776 2.233812 -4.486054
v -0.001194 2.233812 -4.521925
v -0.006800 2.233812 -4.498486
v -0.103410 2.187732 -4.546373
v -0.109017 2.187732 -4.522934
v -0.145447 2.187732 -4.370621
v -0.151051 2.187732 -4.347191
v -0.048835 2.233812 -4.322742
v -0.184679 2.187732 -4.206597
v -0.082462 2.233812 -4.182149
v -0.043231 2.233812 -4.346172
v 0.143170 2.233812 -4.462616
v 0.166609 2.233812 -4.457009
v 0.364469 2.233812 -4.248657
v 0.400900 2.233812 -4.400971
v 0.621576 2.231462 -4.348189
v 0.585145 2.231462 -4.195876
v 0.809087 2.229922 -4.303340
v 0.772656 2.229932 -4.151027
v 0.996501 2.229332 -4.258514
v 0.960070 2.229352 -4.106200
v 1.184011 2.229672 -4.213665
v 1.147580 2.229712 -4.061351
v 1.371425 2.230952 -4.168839
v 1.334995 2.231022 -4.016525
v 1.679340 2.233812 -4.095191
v 1.628807 2.233812 -3.946250
v 1.916376 3.320362 -5.582731
v 1.781826 3.292562 -5.616440
v 1.786583 3.310602 -5.636330
v 0.884527 3.189062 -5.852085
v 1.267357 3.292562 -3.465492
v 1.402597 3.320362 -3.434667
v 1.262600 3.310602 -3.445602
v 0.360544 3.189062 -3.661359
v 2.216135 3.556972 -5.707981
v 2.209808 3.510682 -5.521614
v 2.043637 3.399582 -5.569277
v 1.691926 3.510682 -3.356395
v 1.613242 3.556972 -3.187342
v 1.522172 3.399582 -3.389080
v 0.739015 3.105392 -5.882092
v 0.782196 3.107592 -6.066492
v 0.806349 3.157482 -5.869565
v 1.781826 3.292562 -5.616440
v 0.894428 3.173062 -5.828570
v 0.884527 3.189062 -5.852085
v 0.380012 3.173062 -3.677842
v 1.267357 3.292562 -3.465492
v 0.360544 3.189062 -3.661359
v 0.172273 3.107592 -3.516459
v 0.217201 3.105392 -3.700436
v 0.282916 3.157482 -3.681139
v 2.084966 3.467792 -5.744646
v 2.216135 3.556972 -5.707981
v 2.043637 3.399582 -5.569277
v 1.962630 3.403812 -5.777405
v 1.920866 3.338522 -5.602794
v 1.829071 3.369442 -5.810529
v 1.920866 3.338522 -5.602794
v 1.786583 3.310602 -5.636330
v 0.924711 3.196902 -6.028688
v 1.613242 3.556972 -3.187342
v 1.479678 3.467792 -3.213992
v 1.522172 3.399582 -3.389080
v 1.355760 3.403812 -3.240135
v 1.397524 3.338522 -3.414750
v 1.221667 3.369442 -3.271026
v 1.262600 3.310602 -3.445602
v 0.316469 3.196902 -3.485682
v 1.397524 3.338522 -3.414750
v 2.039850 3.181782 -5.524214
v 2.241130 3.290232 -5.461267
v 2.236541 3.291102 -5.452831
v 1.747165 3.290232 -3.396044
v 1.539186 3.181782 -3.430982
v 1.746889 3.291102 -3.405641
v 2.037444 3.183022 -5.515009
v 2.039850 3.181782 -5.524214
v 2.236541 3.291102 -5.452831
v 1.912803 3.128552 -5.561349
v 1.910579 3.129492 -5.552052
v 1.912803 3.128552 -5.561349
v 1.777355 3.100602 -5.596025
v 1.775029 3.101432 -5.586731
v 1.019634 3.010122 -5.767400
v 1.274737 3.101442 -3.495056
v 1.272606 3.100602 -3.485716
v 0.519346 3.010122 -3.675742
v 1.411310 3.129492 -3.464652
v 1.409087 3.128552 -3.455355
v 1.541205 3.183022 -3.440277
v 1.539186 3.181782 -3.430982
v 1.746889 3.291102 -3.405641
v 1.409087 3.128552 -3.455355
v 1.786583 3.310602 -5.636330
v 0.884527 3.189062 -5.852085
v 0.924711 3.196902 -6.028688
v 0.847468 3.162052 -6.048363
v 0.806349 3.157482 -5.869565
v 0.847468 3.162052 -6.048363
v 0.782196 3.107592 -6.066492
v 0.360544 3.189062 -3.661359
v 1.262600 3.310602 -3.445602
v 0.316469 3.196902 -3.485682
v 0.238683 3.162052 -3.503084
v 0.238683 3.162052 -3.503084
v 0.282916 3.157482 -3.681139
v 0.172273 3.107592 -3.516459
v 1.022545 3.009392 -5.776563
v 1.777355 3.100602 -5.596025
v 1.019634 3.010122 -5.767400
v 0.945845 2.984352 -5.794205
v 0.942936 2.985072 -5.785050
v 0.945845 2.984352 -5.794205
v 0.880318 2.935952 -5.807836
v 0.877418 2.936662 -5.798719
v 0.376811 2.935952 -3.702719
v 0.378350 2.936662 -3.712160
v 0.442963 2.985072 -3.694711
v 0.441416 2.984352 -3.685231
v 0.519346 3.010122 -3.675742
v 1.272606 3.100602 -3.485716
v 0.517796 3.009392 -3.666253
v 0.441416 2.984352 -3.685231
v 0.075939 2.187732 -5.296215
v -0.019341 2.187722 -4.897859
v -0.064179 2.187722 -4.710397
v 2.445135 3.790223 -5.296232
v 2.481048 3.892862 -5.185440
v 2.436207 3.791502 -5.292864
v 2.085923 3.892863 -3.533461
v 2.003766 3.790222 -3.450908
v 1.997328 3.791502 -3.457949
v 2.481048 3.892862 -5.185440
v 2.471468 3.892673 -5.184075
v 2.436207 3.791502 -5.292864
v 2.077999 3.892672 -3.539017
v 2.085923 3.892863 -3.533461
v 1.997328 3.791502 -3.457949
v 2.466378 4.041382 -4.566117
v 2.456874 4.041543 -4.567650
v 2.467200 4.035833 -4.671867
v 2.343904 4.041542 -4.095332
v 2.353073 4.041382 -4.092400
v 2.305954 4.035832 -3.997712
v 2.397499 4.045653 -4.282869
v 2.419810 4.045653 -4.376149
v 2.429202 4.045263 -4.374149
v 2.406782 4.045263 -4.280413
v 2.489928 4.002953 -4.862325
v 2.480268 4.003492 -4.862780
v 2.476422 3.969193 -5.001457
v 2.231225 4.003492 -3.821553
v 2.240047 4.002953 -3.817593
v 2.165046 3.969192 -3.699623
v 2.486084 3.968503 -5.001441
v 2.489928 4.002953 -4.862325
v 2.476422 3.969193 -5.001457
v 2.240047 4.002953 -3.817593
v 2.173670 3.968502 -3.695268
v 2.165046 3.969192 -3.699623
v 2.476766 4.035233 -4.671019
v 2.466378 4.041382 -4.566117
v 2.467200 4.035833 -4.671867
v 2.353073 4.041382 -4.092400
v 2.314868 4.035233 -3.994141
v 2.305954 4.035832 -3.997712
v 0.155793 2.145432 -5.881561
v 0.161339 2.118942 -5.904750
v 0.123094 2.001322 -5.914226
v -0.308206 2.118942 -3.941623
v -0.302660 2.145432 -3.964809
v -0.346600 2.001322 -3.950477
v 0.161339 2.118942 -5.904750
v 0.155793 2.145432 -5.881561
v 0.206828 2.209352 -5.869246
v 0.148095 2.159702 -5.849809
v 0.155793 2.145432 -5.881561
v 0.117514 2.028472 -5.890895
v -0.302660 2.145432 -3.964809
v -0.295158 2.159702 -3.996606
v -0.341019 2.028472 -3.973809
v 0.155793 2.145432 -5.881561
v 0.148095 2.159702 -5.849809
v 0.199317 2.224132 -5.837413
v 0.109659 2.043602 -5.858915
v 0.117514 2.028472 -5.890895
v 0.155793 2.145432 -5.881561
v 0.123094 2.001322 -5.914226
v -0.295158 2.159702 -3.996606
v -0.333554 2.043602 -4.005882
v -0.341019 2.028472 -3.973809
v -0.302660 2.145432 -3.964809
v -0.346600 2.001322 -3.950477
v -0.302660 2.145432 -3.964809
v -0.243871 2.224132 -3.984483
v 0.212263 2.182462 -5.892402
v 0.161339 2.118942 -5.904750
v 0.206828 2.209352 -5.869246
v -0.308206 2.118942 -3.941623
v -0.257207 2.182462 -3.929589
v -0.251578 2.209352 -3.952694
v -0.302660 2.145432 -3.964809
v -0.308206 2.118942 -3.941623
v -0.251578 2.209352 -3.952694
v 0.016571 2.004102 -5.471441
v 0.055571 2.131562 -5.462112
v 0.022158 2.004102 -5.494798
v -0.019860 2.004102 -5.319128
v 0.019140 2.131562 -5.309800
v 0.016571 2.004102 -5.471441
v -0.025464 2.004102 -5.295696
v 0.013536 2.131562 -5.286367
v -0.064698 2.004102 -5.131663
v -0.025698 2.131552 -5.122335
v -0.070302 2.004102 -5.108234
v -0.031301 2.131552 -5.098907
v -0.120977 2.131552 -4.723982
v -0.159977 2.004102 -4.733310
v -0.199208 2.004102 -4.569286
v -0.115371 2.131552 -4.747420
v -0.154371 2.004102 -4.756748
v -0.160208 2.131562 -4.559958
v -0.204815 2.004102 -4.545848
v -0.165815 2.131562 -4.536519
v -0.241245 2.004102 -4.393534
v -0.202245 2.131562 -4.384206
v -0.241245 2.004102 -4.393534
v -0.246831 2.004102 -4.370182
v -0.280314 2.012932 -4.229759
v -0.241512 2.131732 -4.220468
v 0.094643 2.131732 -5.625897
v 0.055835 2.012932 -5.635170
v 0.022158 2.004102 -5.494798
v -0.275211 2.147512 -4.080436
v -0.241512 2.131732 -4.220468
v -0.280314 2.012932 -4.229759
v 0.089412 2.034412 -5.775551
v 0.127953 2.147512 -5.766026
v 0.109659 2.043602 -5.858915
v -0.275211 2.147512 -4.080436
v -0.313891 2.034412 -4.089379
v -0.333554 2.043602 -4.005882
v 0.127953 2.147512 -5.766026
v 0.089412 2.034412 -5.775551
v 0.055835 2.012932 -5.635170
v -0.313891 2.034412 -4.089379
v -0.275211 2.147512 -4.080436
v -0.280314 2.012932 -4.229759
v -0.031301 2.131552 -5.098907
v -0.070535 2.131542 -4.934874
v -0.019962 2.194952 -4.922777
v -0.070302 2.004102 -5.108234
v -0.109535 2.004102 -4.944201
v -0.025566 2.194952 -4.899347
v -0.076139 2.131542 -4.911444
v -0.115139 2.004102 -4.920773
v -0.154371 2.004102 -4.756748
v -0.115371 2.131552 -4.747420
v 0.326889 0.000002 -6.214733
v 0.295976 0.000002 -6.085488
v 0.537742 2.356922 -6.164301
v 0.461253 2.195592 -5.843649
v 0.537742 2.356922 -6.164301
v 0.467392 2.356922 -5.870174
v 0.458782 2.230052 -5.833321
v 0.453261 2.257202 -5.810235
v 0.445454 2.272342 -5.778454
v 0.425467 2.262782 -5.694031
v -0.269921 0.000002 -3.719524
v -0.300834 0.000002 -3.590280
v -0.089981 2.356922 -3.539847
v -0.013106 2.195592 -3.860398
v -0.089981 2.356922 -3.539847
v -0.019632 2.356922 -3.833972
v -0.010633 2.230052 -3.870737
v -0.005113 2.257212 -3.893816
v 0.002307 2.272342 -3.925694
v 0.022681 2.262792 -4.010018
v 0.148095 2.159702 -5.849809
v 0.127953 2.147512 -5.766026
v 0.179504 2.213532 -5.753287
v 0.127953 2.147512 -5.766026
v 0.109659 2.043602 -5.858915
v -0.275211 2.147512 -4.080436
v -0.295158 2.159702 -3.996606
v -0.223474 2.213532 -4.068473
v -0.275211 2.147512 -4.080436
v -0.333554 2.043602 -4.005882
v 0.467392 2.356922 -5.870174
v 0.647937 2.961912 -5.886477
v 0.537742 2.356922 -6.164301
v 0.696659 2.961352 -6.090607
v 0.725557 3.042572 -6.079454
v 0.679602 3.042012 -5.886463
v 0.725557 3.042572 -6.079454
v 0.774380 3.112952 -6.064338
v 0.115899 3.042572 -3.530529
v 0.166277 3.112952 -3.521914
v 0.162241 3.042012 -3.723421
v 0.133998 2.961912 -3.737743
v -0.019632 2.356922 -3.833972
v -0.089981 2.356922 -3.539847
v 0.085080 2.961352 -3.533654
v 0.115899 3.042572 -3.530529
v -0.329759 2.026042 -3.983485
v -0.335340 1.999462 -3.960154
v -0.341019 2.028472 -3.973809
v 0.128758 1.999462 -5.900504
v 0.123176 2.026042 -5.877164
v 0.117514 2.028472 -5.890895
v -0.335340 1.999462 -3.960154
v -0.346600 2.001322 -3.950477
v -0.341019 2.028472 -3.973809
v 0.123094 2.001322 -5.914226
v 0.128758 1.999462 -5.900504
v 0.117514 2.028472 -5.890895
v -0.165815 2.131562 -4.536519
v -0.115241 2.194952 -4.524423
v -0.109635 2.194952 -4.547862
v -0.160208 2.131562 -4.559958
v -0.204815 2.004102 -4.545848
v -0.202245 2.131562 -4.384206
v -0.151672 2.194952 -4.372109
v -0.241245 2.004102 -4.393534
v -0.207847 2.131572 -4.360786
v -0.246831 2.004102 -4.370182
v -0.241512 2.131732 -4.220468
v -0.275211 2.147512 -4.080436
v -0.223474 2.213532 -4.068473
v -0.157276 2.194952 -4.348680
v -0.241512 2.131732 -4.220468
v -0.190799 2.194952 -4.208524
v 0.206828 2.209352 -5.869246
v 0.155793 2.145432 -5.881561
v 0.199317 2.224132 -5.837413
v -0.302660 2.145432 -3.964809
v -0.251578 2.209352 -3.952694
v -0.243871 2.224132 -3.984483
v -0.335340 1.999462 -3.960154
v -0.337889 1.965372 -3.949493
v -0.346600 2.001322 -3.950477
v 0.131307 1.965372 -5.911160
v 0.128758 1.999462 -5.900504
v 0.123094 2.001322 -5.914226
v -0.337889 1.965372 -3.949493
v -0.349054 1.966782 -3.939785
v -0.346600 2.001322 -3.950477
v 0.125743 1.966782 -5.924868
v 0.131307 1.965372 -5.911160
v 0.123094 2.001322 -5.914226
v 0.731108 3.110792 -5.879980
v 0.774380 3.112952 -6.064338
v 0.679602 3.042012 -5.886463
v 0.166277 3.112952 -3.521914
v 0.211107 3.110792 -3.705903
v 0.162241 3.042012 -3.723421
v 0.125743 1.966782 -5.924868
v 0.126069 0.000002 -6.126126
v 0.131436 0.000002 -6.112456
v -0.439828 0.000002 -3.760163
v -0.349054 1.966782 -3.939785
v -0.428858 0.000002 -3.769918
v 0.131307 1.965372 -5.911160
v 0.125743 1.966782 -5.924868
v 0.131436 0.000002 -6.112456
v -0.349054 1.966782 -3.939785
v -0.337889 1.965372 -3.949493
v -0.428858 0.000002 -3.769918
v 0.094643 2.131732 -5.625897
v 0.127953 2.147512 -5.766026
v 0.055835 2.012932 -5.635170
v 0.145273 2.194952 -5.613609
v 0.111749 2.194952 -5.473449
v 0.061174 2.131572 -5.485539
v 0.106145 2.194952 -5.450016
v 0.094643 2.131732 -5.625897
v 0.127953 2.147512 -5.766026
v 0.179504 2.213532 -5.753287
v 0.022158 2.004102 -5.494798
v 0.055571 2.131562 -5.462112
v 0.069714 2.194952 -5.297704
v 0.019140 2.131562 -5.309800
v 0.016571 2.004102 -5.471441
v 0.064110 2.194952 -5.274272
v 0.013536 2.131562 -5.286367
v -0.019860 2.004102 -5.319128
v 0.024876 2.194952 -5.110239
v -0.025698 2.131552 -5.122335
v -0.025464 2.004102 -5.295696
v 0.019272 2.194952 -5.086810
v -0.064698 2.004102 -5.131663
v 0.199317 2.224132 -5.837413
v 0.148095 2.159702 -5.849809
v 0.179504 2.213532 -5.753287
v -0.295158 2.159702 -3.996606
v -0.243871 2.224132 -3.984483
v -0.223474 2.213532 -4.068473
v 0.094643 2.131732 -5.625897
v 0.145273 2.194952 -5.613609
v 0.179504 2.213532 -5.753287
v -0.190799 2.194952 -4.208524
v -0.241512 2.131732 -4.220468
v -0.223474 2.213532 -4.068473
v -0.064797 2.194952 -4.735324
v -0.120977 2.131552 -4.723982
v -0.159977 2.004102 -4.733310
v -0.070403 2.194952 -4.711885
v -0.199208 2.004102 -4.569286
v 2.476369 3.991013 -5.203706
v 2.496455 4.068072 -5.030188
v 2.625617 4.200002 -5.081854
v 2.628109 4.244173 -4.895383
v 2.169912 4.068072 -3.664940
v 2.073485 3.991012 -3.519285
v 2.261718 4.200002 -3.560427
v 2.348313 4.244173 -3.725584
v 2.496455 4.068072 -5.030188
v 2.498648 4.103703 -4.870841
v 2.628109 4.244173 -4.895383
v 2.612423 4.282342 -4.679345
v 2.243969 4.103703 -3.806054
v 2.169912 4.068072 -3.664940
v 2.348313 4.244173 -3.725584
v 2.432078 4.282342 -3.925338
v 2.320745 4.137612 -3.985610
v 2.243969 4.103703 -3.806054
v 2.432078 4.282342 -3.925338
v 2.468497 4.293422 -4.044073
v 2.498648 4.103703 -4.870841
v 2.485869 4.137613 -4.675978
v 2.612423 4.282342 -4.679345
v 2.591177 4.293422 -4.556986
v 2.411875 4.150103 -4.279349
v 2.354001 4.144522 -4.087252
v 2.528400 4.299833 -4.245515
v 2.434225 4.150103 -4.372793
v 2.528400 4.299833 -4.245515
v 2.553447 4.299833 -4.350231
v 2.434225 4.150103 -4.372793
v 2.469534 4.144522 -4.570288
v 2.444172 3.914152 -5.349809
v 2.476369 3.991013 -5.203706
v 2.592076 4.121032 -5.285954
v 2.625617 4.200002 -5.081854
v 2.073485 3.991012 -3.519285
v 1.978666 3.914152 -3.403567
v 2.139456 4.121032 -3.393591
v 2.261718 4.200002 -3.560427
v 2.354001 4.144522 -4.087252
v 2.320745 4.137612 -3.985610
v 2.468497 4.293422 -4.044073
v 2.528400 4.299833 -4.245515
v 2.339499 4.110862 -4.093682
v 2.396247 4.116343 -4.283221
v 2.320745 4.137612 -3.985610
v 2.485869 4.137613 -4.675978
v 2.469534 4.144522 -4.570288
v 2.591177 4.293422 -4.556986
v 2.553447 4.299833 -4.350231
v 2.453690 4.110862 -4.571106
v 2.418536 4.116343 -4.376412
v 2.485869 4.137613 -4.675978
v 2.351205 3.755092 -5.479996
v 2.444172 3.914152 -5.349809
v 2.544816 4.014722 -5.472681
v 2.592076 4.121032 -5.285954
v 1.978666 3.914152 -3.403567
v 1.836853 3.755102 -3.329535
v 2.012820 4.014722 -3.248457
v 2.139456 4.121032 -3.393591
v 2.208831 3.563162 -5.706676
v 2.202893 3.517202 -5.520216
v 2.386060 3.815042 -5.654089
v 1.686392 3.517202 -3.360773
v 1.607320 3.563172 -3.191812
v 1.789161 3.815042 -3.158508
v 2.341763 3.525102 -5.397530
v 2.349775 3.523692 -5.402650
v 2.334568 3.441732 -5.359278
v 1.870575 3.523692 -3.399160
v 1.865747 3.525102 -3.407349
v 1.876639 3.441733 -3.444720
v 2.202893 3.517202 -5.520216
v 2.351205 3.755092 -5.479996
v 2.386060 3.815042 -5.654089
v 2.544816 4.014722 -5.472681
v 1.836853 3.755102 -3.329535
v 1.686392 3.517202 -3.360773
v 1.789161 3.815042 -3.158508
v 2.012820 4.014722 -3.248457
v 2.496455 4.068072 -5.030188
v 2.476369 3.991013 -5.203706
v 2.478295 4.036232 -5.021750
v 2.481051 4.070733 -4.868199
v 2.157535 4.036232 -3.680681
v 2.169912 4.068072 -3.664940
v 2.229472 4.070733 -3.816369
v 2.073485 3.991012 -3.519285
v 2.485869 4.137613 -4.675978
v 2.468510 4.104343 -4.675626
v 2.453690 4.110862 -4.571106
v 2.498648 4.103703 -4.870841
v 2.498648 4.103703 -4.870841
v 2.481051 4.070733 -4.868199
v 2.468510 4.104343 -4.675626
v 2.496455 4.068072 -5.030188
v 2.243969 4.103703 -3.806054
v 2.320745 4.137612 -3.985610
v 2.305422 4.104342 -3.993768
v 2.339499 4.110862 -4.093682
v 2.229472 4.070733 -3.816369
v 2.243969 4.103703 -3.806054
v 2.305422 4.104342 -3.993768
v 2.169912 4.068072 -3.664940
v 1.733830 0.000003 -3.155014
v 1.514717 2.263602 -3.609820
v 1.526387 2.253282 -3.658614
v 1.937108 2.263602 -5.375802
v 2.338298 0.000002 -5.682240
v 1.925439 2.253282 -5.327015
v 1.739667 0.000003 -3.179416
v 1.526387 2.253282 -3.658614
v 1.560015 2.233812 -3.799209
v 1.925439 2.253282 -5.327015
v 2.332463 0.000002 -5.657842
v 1.891811 2.233812 -5.186419
v 2.434225 4.150103 -4.372793
v 2.469534 4.144522 -4.570288
v 2.418536 4.116343 -4.376412
v 2.411875 4.150103 -4.279349
v 2.354001 4.144522 -4.087252
v 2.411875 4.150103 -4.279349
v 2.396247 4.116343 -4.283221
v 2.418536 4.116343 -4.376412
v 1.739667 0.000003 -3.179416
v 1.733830 0.000003 -3.155014
v 1.526387 2.253282 -3.658614
v 1.756480 0.000003 -3.249713
v 1.560015 2.233812 -3.799209
v 2.332463 0.000002 -5.657842
v 2.315649 0.000002 -5.587543
v 1.891811 2.233812 -5.186419
v 2.338298 0.000002 -5.682240
v 1.925439 2.253282 -5.327015
v 1.782267 2.243152 -4.490698
v 1.784540 2.233812 -4.491172
v 1.778936 2.233812 -4.467743
v 1.777124 2.243152 -4.469194
v 1.782267 2.243152 -4.490698
v 1.778936 2.233812 -4.467743
v 1.823774 2.233812 -4.655205
v 1.821718 2.243202 -4.655635
v 1.826049 2.243202 -4.679338
v 1.828112 2.233812 -4.678937
v 1.739704 2.233812 -4.303720
v 1.732833 2.233812 -4.280583
v 1.730814 2.243202 -4.281169
v 1.737674 2.243202 -4.304256
v 1.862192 2.233812 -4.844202
v 1.860007 2.243202 -4.844525
v 1.862095 2.243202 -4.868730
v 1.864295 2.233812 -4.868471
v 1.688447 2.233812 -4.117792
v 1.679340 2.233812 -4.095191
v 1.677261 2.243202 -4.095956
v 1.686352 2.243202 -4.118489
v 1.886624 2.233812 -5.024158
v 1.884392 2.243192 -5.024284
v 1.883574 2.243192 -5.049237
v 1.885809 2.233812 -5.049125
v 1.628807 2.233812 -3.946250
v 1.616784 2.233812 -3.924356
v 1.614740 2.243192 -3.925267
v 1.626761 2.243192 -3.947151
v 1.726014 0.000003 -3.137810
v 1.499179 2.271822 -3.575380
v 1.514717 2.263602 -3.609820
v 1.938837 2.271822 -5.413552
v 2.339112 0.000002 -5.701120
v 1.937108 2.263602 -5.375802
v 2.476369 3.991013 -5.203706
v 2.444172 3.914152 -5.349809
v 2.461914 3.957222 -5.195286
v 2.478295 4.036232 -5.021750
v 2.064406 3.957223 -3.533342
v 2.073485 3.991012 -3.519285
v 2.157535 4.036232 -3.680681
v 1.978666 3.914152 -3.403567
v 1.733830 0.000003 -3.155014
v 1.726014 0.000003 -3.137810
v 1.514717 2.263602 -3.609820
v 2.444172 3.914152 -5.349809
v 2.351205 3.755092 -5.479996
v 2.432060 3.885452 -5.331410
v 2.461914 3.957222 -5.195286
v 2.339112 0.000002 -5.701120
v 2.338298 0.000002 -5.682240
v 1.937108 2.263602 -5.375802
v 1.976188 3.885452 -3.425454
v 1.978666 3.914152 -3.403567
v 2.064406 3.957223 -3.533342
v 1.836853 3.755102 -3.329535
v 2.202893 3.517202 -5.520216
v 2.202083 3.492322 -5.492754
v 2.343543 3.724582 -5.452686
v 1.698096 3.492322 -3.385632
v 1.686392 3.517202 -3.360773
v 1.842376 3.724582 -3.357354
v 2.351205 3.755092 -5.479996
v 2.202893 3.517202 -5.520216
v 2.343543 3.724582 -5.452686
v 2.432060 3.885452 -5.331410
v 1.842376 3.724582 -3.357354
v 1.836853 3.755102 -3.329535
v 1.976188 3.885452 -3.425454
v 1.686392 3.517202 -3.360773
v 1.993398 2.309732 -4.639177
v 1.989080 2.309732 -4.615533
v 2.039875 2.359792 -4.628010
v 2.035566 2.359802 -4.604404
v 2.084095 2.433442 -4.592787
v 2.088392 2.433462 -4.616343
v 1.905071 2.309732 -4.264300
v 1.898221 2.309732 -4.241251
v 1.944724 2.359792 -4.230190
v 1.951561 2.359802 -4.253191
v 2.000093 2.433442 -4.241583
v 1.993269 2.433462 -4.218641
v 2.073898 2.359792 -4.793037
v 2.076040 2.359782 -4.817041
v 2.027327 2.309732 -4.804246
v 2.029488 2.309722 -4.828325
v 2.122413 2.433432 -4.781362
v 2.124529 2.433442 -4.805254
v 1.844821 2.309722 -4.056249
v 1.891442 2.359782 -4.045252
v 1.853789 2.309732 -4.078698
v 1.900391 2.359792 -4.067623
v 1.948939 2.433432 -4.056084
v 1.940015 2.433442 -4.033819
v 1.712395 0.000003 -3.124719
v 1.471844 2.280022 -3.549221
v 1.499179 2.271822 -3.575380
v 1.926295 2.280022 -5.449240
v 2.332892 0.000002 -5.718959
v 1.938837 2.271822 -5.413552
v 2.035566 2.359802 -4.604404
v 1.989080 2.309732 -4.615533
v 1.949811 2.309722 -4.451354
v 1.996334 2.359792 -4.440381
v 2.044895 2.433452 -4.428900
v 2.084095 2.433442 -4.592787
v 1.990791 2.359792 -4.417205
v 1.944340 2.309722 -4.428479
v 2.049370 2.524502 -4.427830
v 2.088504 2.524402 -4.591876
v 2.138490 2.693132 -4.582912
v 2.100811 2.694272 -4.420224
v 2.190938 2.878372 -4.574789
v 2.154065 2.879303 -4.412454
v 2.238660 3.064972 -4.570108
v 2.202196 3.065762 -4.405619
v 2.331890 3.448972 -4.563973
v 2.296224 3.451982 -4.392506
v 2.375241 3.636712 -4.562519
v 2.339531 3.639682 -4.386569
v 2.414483 3.825372 -4.564094
v 2.378109 3.828402 -4.381495
v 2.456874 4.041543 -4.567650
v 2.419810 4.045653 -4.376149
v 1.993398 2.309732 -4.639177
v 2.039875 2.359792 -4.628010
v 2.073898 2.359792 -4.793037
v 2.027327 2.309732 -4.804246
v 2.088392 2.433462 -4.616343
v 2.122413 2.433432 -4.781362
v 2.093348 2.523872 -4.615137
v 2.126355 2.523212 -4.780651
v 2.122413 2.433432 -4.781362
v 2.172271 2.683522 -4.776164
v 2.143643 2.691402 -4.613914
v 2.223172 2.869242 -4.774894
v 2.196775 2.876602 -4.614665
v 2.223172 2.869242 -4.774894
v 2.270064 3.055942 -4.781368
v 2.245351 3.062992 -4.619579
v 2.357485 3.421702 -4.801669
v 1.944724 2.359792 -4.230190
v 1.898221 2.309732 -4.241251
v 1.900391 2.359792 -4.067623
v 1.853789 2.309732 -4.078698
v 1.993269 2.433462 -4.218641
v 1.948939 2.433432 -4.056084
v 1.998234 2.523872 -4.217474
v 1.948939 2.433432 -4.056084
v 1.952775 2.523212 -4.054930
v 1.995754 2.683522 -4.038162
v 2.043637 2.691402 -4.195798
v 2.041719 2.869242 -4.016258
v 2.041719 2.869242 -4.016258
v 2.090682 2.876602 -4.171097
v 2.080609 3.055942 -3.989271
v 2.131774 3.062992 -4.144723
v 2.149383 3.421702 -3.931611
v 1.905071 2.309732 -4.264300
v 1.951561 2.359802 -4.253191
v 2.039292 2.433452 -4.405470
v 2.000093 2.433442 -4.241583
v 2.043768 2.524502 -4.404409
v 2.004437 2.524402 -4.240399
v 2.053072 2.693132 -4.225785
v 2.093084 2.694272 -4.387916
v 2.103517 2.878372 -4.209289
v 2.144090 2.879303 -4.370749
v 2.148193 3.064972 -4.191877
v 2.190102 3.065762 -4.355055
v 2.234108 3.448972 -4.155154
v 2.279887 3.451982 -4.324203
v 2.273427 3.636712 -4.136846
v 2.321196 3.639682 -4.309912
v 2.307710 3.825372 -4.117685
v 2.357892 3.828402 -4.296970
v 2.343904 4.041542 -4.095332
v 2.397499 4.045653 -4.282869
v 1.726014 0.000003 -3.137810
v 1.712395 0.000003 -3.124719
v 1.499179 2.271822 -3.575380
v 2.332892 0.000002 -5.718959
v 2.339112 0.000002 -5.701120
v 1.938837 2.271822 -5.413552
v 2.098198 2.359762 -4.972441
v 2.097397 2.359722 -4.997036
v 2.051748 2.309702 -4.983723
v 2.050977 2.309682 -5.008442
v 2.146684 2.433382 -4.960648
v 2.146684 2.433382 -4.960648
v 2.145939 2.433432 -4.985046
v 1.782486 2.309682 -3.885905
v 1.829042 2.359722 -3.875069
v 1.794358 2.309702 -3.907599
v 1.840886 2.359762 -3.896646
v 1.889462 2.433382 -3.885222
v 1.877756 2.433432 -3.863797
v 1.889462 2.433382 -3.885222
v 2.076040 2.359782 -4.817041
v 2.098198 2.359762 -4.972441
v 2.029488 2.309722 -4.828325
v 2.051748 2.309702 -4.983723
v 2.124529 2.433442 -4.805254
v 2.146684 2.433382 -4.960648
v 2.129430 2.521962 -4.803823
v 2.150258 2.520562 -4.960117
v 2.146684 2.433382 -4.960648
v 2.189186 2.658382 -4.965101
v 2.173588 2.675532 -4.810045
v 2.239194 2.843782 -4.977724
v 2.224674 2.860802 -4.822010
v 2.284813 3.029142 -5.002088
v 2.271417 3.046422 -4.842905
v 2.358613 3.344492 -5.053566
v 2.355814 3.398423 -4.890976
v 2.399861 3.529182 -5.088890
v 2.398383 3.583982 -4.920214
v 2.437042 3.712553 -5.134289
v 2.436941 3.769032 -4.957189
v 2.471468 3.892673 -5.184075
v 2.476422 3.969193 -5.001457
v 1.794358 2.309702 -3.907599
v 1.840886 2.359762 -3.896646
v 1.844821 2.309722 -4.056249
v 1.891442 2.359782 -4.045252
v 1.940015 2.433442 -4.033819
v 1.889462 2.433382 -3.885222
v 1.945033 2.521962 -4.032876
v 1.889462 2.433382 -3.885222
v 1.892888 2.520562 -3.884074
v 1.925348 2.658382 -3.862018
v 1.981598 2.675532 -4.007350
v 1.964232 2.843782 -3.828133
v 2.021740 2.860802 -3.973565
v 1.993889 3.029142 -3.785761
v 2.053969 3.046422 -3.933775
v 2.036410 3.344492 -3.706465
v 2.107482 3.398422 -3.852724
v 2.057210 3.529182 -3.656300
v 2.132215 3.583982 -3.807386
v 2.069826 3.712552 -3.598993
v 2.149869 3.769033 -3.756967
v 2.077999 3.892672 -3.539017
v 2.165046 3.969192 -3.699623
v 2.105091 2.358792 -5.143985
v 2.097397 2.359722 -4.997036
v 2.152952 2.432432 -5.132152
v 2.105091 2.358792 -5.143985
v 2.050977 2.309682 -5.008442
v 2.058860 2.308342 -5.155319
v 2.050977 2.309682 -5.008442
v 2.097397 2.359722 -4.997036
v 2.145939 2.433432 -4.985046
v 2.151744 2.521062 -4.983523
v 2.155512 2.518512 -5.131252
v 2.152952 2.432432 -5.132152
v 2.172937 2.578902 -5.134892
v 2.185536 2.637112 -4.995410
v 2.221439 2.763422 -5.155401
v 2.236102 2.820972 -5.020678
v 2.221439 2.763422 -5.155401
v 1.723057 2.308342 -3.751359
v 1.769414 2.358792 -3.740549
v 1.782486 2.309682 -3.885905
v 1.829042 2.359722 -3.875069
v 1.782486 2.309682 -3.885905
v 1.817448 2.432432 -3.729441
v 1.877756 2.433432 -3.863797
v 1.829042 2.359722 -3.875069
v 1.883622 2.521062 -3.862528
v 1.817448 2.432432 -3.729441
v 1.820139 2.518512 -3.729085
v 1.834031 2.578902 -3.717957
v 1.908378 2.637112 -3.836638
v 1.868004 2.763422 -3.677721
v 1.868004 2.763422 -3.677721
v 1.942038 2.820972 -3.791224
v 2.339777 3.444992 -4.633917
v 2.357485 3.421702 -4.801669
v 2.245351 3.062992 -4.619579
v 2.400373 3.608992 -4.815475
v 2.383854 3.632342 -4.642808
v 2.439355 3.796492 -4.836165
v 2.423875 3.820422 -4.655373
v 2.480268 4.003492 -4.862780
v 2.467200 4.035833 -4.671867
v 2.480268 4.003492 -4.862780
v 2.231225 4.003492 -3.821553
v 2.305954 4.035832 -3.997712
v 2.274781 3.820422 -4.032025
v 2.206782 3.796492 -3.863798
v 2.231225 4.003492 -3.821553
v 2.244777 3.632342 -4.061338
v 2.181381 3.608992 -3.899887
v 2.209493 3.444992 -4.089211
v 2.149383 3.421702 -3.931611
v 2.131774 3.062992 -4.144723
v 1.868004 2.763422 -3.677721
v 1.884860 2.947212 -3.625250
v 1.942038 2.820972 -3.791224
v 2.260211 2.947212 -5.194558
v 2.221439 2.763422 -5.155401
v 2.236102 2.820972 -5.020678
v 1.891085 3.083642 -3.581635
v 1.988305 3.273482 -3.651506
v 1.964190 3.004252 -3.737248
v 1.884860 2.947212 -3.625250
v 1.964190 3.004252 -3.737248
v 1.942038 2.820972 -3.791224
v 2.340582 3.273482 -5.124343
v 2.285499 3.083642 -5.230642
v 2.280280 3.004252 -5.058793
v 2.260211 2.947212 -5.194558
v 2.280280 3.004252 -5.058793
v 2.236102 2.820972 -5.020678
v 1.999649 3.455402 -3.589744
v 1.988305 3.273482 -3.651506
v 1.891615 3.264882 -3.518079
v 1.891085 3.083642 -3.581635
v 2.340582 3.273482 -5.124343
v 2.378644 3.455402 -5.174286
v 2.314729 3.264882 -5.287081
v 2.285499 3.083642 -5.230642
v 1.865747 3.525102 -3.407349
v 1.997328 3.791502 -3.457949
v 2.000707 3.635172 -3.521084
v 2.436207 3.791502 -5.292864
v 2.341763 3.525102 -5.397530
v 2.410653 3.635172 -5.235033
v 2.000707 3.635172 -3.521084
v 1.999649 3.455402 -3.589744
v 1.876639 3.441733 -3.444720
v 1.891615 3.264882 -3.518079
v 1.876639 3.441733 -3.444720
v 2.378644 3.455402 -5.174286
v 2.410653 3.635172 -5.235033
v 2.334568 3.441732 -5.359278
v 2.314729 3.264882 -5.287081
v 2.334568 3.441732 -5.359278
v 1.876639 3.441733 -3.444720
v 1.865747 3.525102 -3.407349
v 2.000707 3.635172 -3.521084
v 2.341763 3.525102 -5.397530
v 2.334568 3.441732 -5.359278
v 2.410653 3.635172 -5.235033
v 2.341763 3.525102 -5.397530
v 2.436207 3.791502 -5.292864
v 2.343543 3.724582 -5.452686
v 1.997328 3.791502 -3.457949
v 1.865747 3.525102 -3.407349
v 1.842376 3.724582 -3.357354
v 2.478295 4.036232 -5.021750
v 2.461914 3.957222 -5.195286
v 2.476422 3.969193 -5.001457
v 2.480268 4.003492 -4.862780
v 2.468510 4.104343 -4.675626
v 2.481051 4.070733 -4.868199
v 2.467200 4.035833 -4.671867
v 2.456874 4.041543 -4.567650
v 2.343904 4.041542 -4.095332
v 2.305954 4.035832 -3.997712
v 2.305422 4.104342 -3.993768
v 2.229472 4.070733 -3.816369
v 2.064406 3.957223 -3.533342
v 2.157535 4.036232 -3.680681
v 2.165046 3.969192 -3.699623
v 2.231225 4.003492 -3.821553
v 2.480268 4.003492 -4.862780
v 2.481051 4.070733 -4.868199
v 2.478295 4.036232 -5.021750
v 2.467200 4.035833 -4.671867
v 2.231225 4.003492 -3.821553
v 2.229472 4.070733 -3.816369
v 2.305954 4.035832 -3.997712
v 2.157535 4.036232 -3.680681
v 2.436207 3.791502 -5.292864
v 2.432060 3.885452 -5.331410
v 2.343543 3.724582 -5.452686
v 2.471468 3.892673 -5.184075
v 2.419810 4.045653 -4.376149
v 2.418536 4.116343 -4.376412
v 2.453690 4.110862 -4.571106
v 2.396247 4.116343 -4.283221
v 2.397499 4.045653 -4.282869
v 2.339499 4.110862 -4.093682
v 1.997328 3.791502 -3.457949
v 1.976188 3.885452 -3.425454
v 2.077999 3.892672 -3.539017
v 1.842376 3.724582 -3.357354
v 2.456874 4.041543 -4.567650
v 2.419810 4.045653 -4.376149
v 2.453690 4.110862 -4.571106
v 2.468510 4.104343 -4.675626
v 2.397499 4.045653 -4.282869
v 2.343904 4.041542 -4.095332
v 2.339499 4.110862 -4.093682
v 2.305422 4.104342 -3.993768
v 2.461914 3.957222 -5.195286
v 2.432060 3.885452 -5.331410
v 2.471468 3.892673 -5.184075
v 2.476422 3.969193 -5.001457
v 1.976188 3.885452 -3.425454
v 2.064406 3.957223 -3.533342
v 2.077999 3.892672 -3.539017
v 2.165046 3.969192 -3.699623
v 2.552682 4.009482 -5.470751
v 2.394801 3.810872 -5.653664
v 2.544816 4.014722 -5.472681
v 0.696659 2.961352 -6.090607
v 0.704385 2.956212 -6.093248
v 0.549510 2.354162 -6.161487
v 0.733417 3.037352 -6.081796
v 0.725557 3.042572 -6.079454
v 0.733417 3.037352 -6.081796
v 0.782196 3.107592 -6.066492
v 2.394801 3.810872 -5.653664
v 2.216135 3.556972 -5.707981
v 2.386060 3.815042 -5.654089
v 2.544816 4.014722 -5.472681
v 0.725557 3.042572 -6.079454
v 0.774380 3.112952 -6.064338
v 0.782196 3.107592 -6.066492
v 0.847468 3.162052 -6.048363
v 0.839585 3.167582 -6.046354
v 0.847468 3.162052 -6.048363
v 0.924711 3.196902 -6.028688
v 0.123094 2.001322 -5.914226
v 0.161339 2.118942 -5.904750
v 0.125743 1.966782 -5.924868
v 0.839585 3.167582 -6.046354
v 0.916639 3.202672 -6.026754
v 0.924711 3.196902 -6.028688
v 1.829071 3.369442 -5.810529
v 1.828246 3.377972 -5.807079
v 1.829071 3.369442 -5.810529
v 0.916639 3.202672 -6.026754
v 1.962630 3.403812 -5.777405
v 1.828246 3.377972 -5.807079
v 1.961727 3.412522 -5.774063
v 1.962630 3.403812 -5.777405
v 2.084966 3.467792 -5.744646
v 1.961727 3.412522 -5.774063
v 2.083701 3.477042 -5.741510
v 2.084966 3.467792 -5.744646
v 2.216135 3.556972 -5.707981
v 0.537742 2.356922 -6.164301
v 0.549510 2.354162 -6.161487
v 0.338560 0.000002 -6.211942
v 0.326889 0.000002 -6.214733
v 0.161339 2.118942 -5.904750
v 0.163846 2.084952 -5.915230
v 0.125743 1.966782 -5.924868
v 0.537742 2.356922 -6.164301
v 0.696659 2.961352 -6.090607
v 0.549510 2.354162 -6.161487
v 2.208831 3.563162 -5.706676
v 2.216135 3.556972 -5.707981
v 2.083701 3.477042 -5.741510
v 2.386060 3.815042 -5.654089
v 0.163846 2.084952 -5.915230
v 0.149118 0.000002 -6.120614
v 0.125743 1.966782 -5.924868
v 0.163846 2.084952 -5.915230
v 0.161339 2.118942 -5.904750
v 0.212263 2.182462 -5.892402
v 0.214750 2.148192 -5.902797
v 0.163846 2.084952 -5.915230
v 0.212263 2.182462 -5.892402
v 2.351659 3.721572 -5.456958
v 2.349775 3.523692 -5.402650
v 2.207598 3.488982 -5.499907
v 2.349775 3.523692 -5.402650
v 2.241130 3.290232 -5.461267
v 2.207598 3.488982 -5.499907
v 2.039850 3.181782 -5.524214
v 0.149118 0.000002 -6.120614
v 0.163846 2.084952 -5.915230
v 0.214750 2.148192 -5.902797
v 0.504067 2.353922 -5.867892
v 0.480628 2.354162 -5.873499
v 0.655643 2.956692 -5.889032
v 0.666313 2.941412 -5.870022
v 0.738359 2.351782 -5.811854
v 2.039840 3.380242 -5.548672
v 2.039850 3.181782 -5.524214
v 1.916376 3.320362 -5.582731
v 2.207598 3.488982 -5.499907
v 1.916376 3.320362 -5.582731
v 1.912803 3.128552 -5.561349
v 1.781826 3.292562 -5.616440
v 2.039850 3.181782 -5.524214
v 1.781826 3.292562 -5.616440
v 1.777355 3.100602 -5.596025
v 0.894428 3.173062 -5.828570
v 1.912803 3.128552 -5.561349
v 0.894428 3.173062 -5.828570
v 1.022545 3.009392 -5.776563
v 0.816221 3.141902 -5.846354
v 1.777355 3.100602 -5.596025
v 0.697678 3.021472 -5.867890
v 0.832529 2.869072 -5.816095
v 0.666313 2.941412 -5.870022
v 0.880318 2.935952 -5.807836
v 0.748903 3.090052 -5.859810
v 0.880318 2.935952 -5.807836
v 0.697678 3.021472 -5.867890
v 0.945845 2.984352 -5.794205
v 0.816221 3.141902 -5.846354
v 0.945845 2.984352 -5.794205
v 0.748903 3.090052 -5.859810
v 1.022545 3.009392 -5.776563
v 0.174600 0.000002 -6.114519
v 0.214750 2.148192 -5.902797
v 0.321884 2.196412 -5.876984
v 0.666313 2.941412 -5.870022
v 0.807219 2.790422 -5.818176
v 0.738359 2.351782 -5.811854
v 0.832529 2.869072 -5.816095
v 2.332488 0.000002 -5.733176
v 2.315565 0.000002 -5.741950
v 1.877928 2.297582 -5.498504
v 1.911873 2.292792 -5.480940
v 2.332488 0.000002 -5.733176
v 1.877928 2.297582 -5.498504
v 0.212263 2.182462 -5.892402
v 0.319413 2.230782 -5.866655
v 0.321884 2.196412 -5.876984
v 0.214750 2.148192 -5.902797
v 0.212263 2.182462 -5.892402
v 0.321884 2.196412 -5.876984
v 0.321884 2.196412 -5.876984
v 0.461253 2.195592 -5.843649
v 0.228189 0.000002 -6.101702
v 2.345000 0.000002 -5.718857
v 2.332488 0.000002 -5.733176
v 1.911873 2.292792 -5.480940
v 0.461253 2.195592 -5.843649
v 0.295976 0.000002 -6.085488
v 0.228189 0.000002 -6.101702
v 0.174600 0.000002 -6.114519
v 0.321884 2.196412 -5.876984
v 0.149118 0.000002 -6.120614
v 0.214750 2.148192 -5.902797
v 0.126069 0.000002 -6.126126
v 0.125743 1.966782 -5.924868
v 1.936898 2.286182 -5.452302
v 2.345000 0.000002 -5.718857
v 1.911873 2.292792 -5.480940
v 1.877928 2.297582 -5.498504
v 1.867279 2.292022 -5.495679
v 1.699942 2.315122 -5.551796
v 2.315565 0.000002 -5.741950
v 2.303383 0.000002 -5.742179
v 1.877928 2.297582 -5.498504
v 0.206828 2.209352 -5.869246
v 0.313892 2.257812 -5.843570
v 0.319413 2.230782 -5.866655
v 0.321884 2.196412 -5.876984
v 0.458782 2.230052 -5.833321
v 0.461253 2.195592 -5.843649
v 0.321884 2.196412 -5.876984
v 0.458782 2.230052 -5.833321
v 0.212263 2.182462 -5.892402
v 0.206828 2.209352 -5.869246
v 0.319413 2.230782 -5.866655
v 2.303383 0.000002 -5.742179
v 1.867279 2.292022 -5.495679
v 1.877928 2.297582 -5.498504
v 2.376197 0.000002 -5.577600
v 2.328276 0.000002 -5.589181
v 1.903350 2.243332 -5.192962
v 2.406029 0.000002 -5.570355
v 1.999288 2.276032 -5.169774
v 2.429145 0.000002 -5.564688
v 2.058860 2.308342 -5.155319
v 2.453125 0.000002 -5.558764
v 2.152952 2.432432 -5.132152
v 2.207598 3.488982 -5.499907
v 2.039840 3.380242 -5.548672
v 2.209808 3.510682 -5.521614
v 1.999288 2.276032 -5.169774
v 2.376197 0.000002 -5.577600
v 1.903350 2.243332 -5.192962
v 2.058860 2.308342 -5.155319
v 2.406029 0.000002 -5.570355
v 1.999288 2.276032 -5.169774
v 0.622286 2.233812 -5.326565
v 0.387994 2.233812 -5.382603
v 0.622286 2.243452 -5.326565
v 0.842962 2.231462 -5.273783
v 0.387994 2.233812 -5.382603
v 0.387994 2.243452 -5.382603
v 0.622286 2.243452 -5.326565
v 0.843059 2.241102 -5.273760
v 0.842962 2.231462 -5.273783
v 1.030472 2.229932 -5.228933
v 1.030469 2.239562 -5.228920
v 1.217886 2.229352 -5.184108
v 1.217873 2.238952 -5.184052
v 1.405397 2.229712 -5.139258
v 1.405368 2.239272 -5.139136
v 1.592811 2.231022 -5.094432
v 1.592759 2.240522 -5.094215
v 1.886624 2.233812 -5.024158
v 1.884392 2.243192 -5.024284
v 1.886624 2.233812 -5.024158
v 1.592759 2.240522 -5.094215
v 2.105091 2.358792 -5.143985
v 2.429145 0.000002 -5.564688
v 2.058860 2.308342 -5.155319
v 2.269372 2.945142 -5.195459
v 2.230833 2.761502 -5.155557
v 2.221439 2.763422 -5.155401
v 2.172937 2.578902 -5.134892
v 2.230833 2.761502 -5.155557
v 2.182344 2.577042 -5.134670
v 2.155512 2.518512 -5.131252
v 2.165011 2.517012 -5.130984
v 2.165011 2.517012 -5.130984
v 2.152952 2.432432 -5.132152
v 0.319413 2.230782 -5.866655
v 0.313892 2.257812 -5.843570
v 0.453261 2.257202 -5.810235
v 0.458782 2.230052 -5.833321
v 0.319413 2.230782 -5.866655
v 0.453261 2.257202 -5.810235
v 2.159720 2.519042 -4.958838
v 2.150258 2.520562 -4.960117
v 2.198562 2.656592 -4.963891
v 2.155441 2.429312 -4.959861
v 2.429145 0.000002 -5.564688
v 2.105091 2.358792 -5.143985
v 2.152952 2.432432 -5.132152
v 2.248605 2.841972 -4.976661
v 2.198562 2.656592 -4.963891
v 2.189186 2.658382 -4.965101
v 2.150258 2.520562 -4.960117
v 2.239194 2.843782 -4.977724
v 2.248605 2.841972 -4.976661
v 2.189186 2.658382 -4.965101
v 0.009259 2.247682 -3.902747
v 0.003736 2.221062 -3.879659
v -0.140711 2.247682 -3.938618
v -0.146233 2.221062 -3.915529
v -0.242749 2.201412 -3.962952
v -0.248475 2.174922 -3.939870
v 0.001264 2.187032 -3.869321
v -0.146233 2.221062 -3.915529
v -0.148706 2.187032 -3.905190
v -0.248475 2.174922 -3.939870
v -0.250964 2.140962 -3.929463
v -0.299843 2.080212 -3.940908
v -0.299843 2.080212 -3.940908
v -0.297340 2.113862 -3.951373
v -0.337889 1.965372 -3.949493
v -0.335340 1.999462 -3.960154
v 2.155441 2.429312 -4.959861
v 2.146684 2.433382 -4.960648
v 2.150258 2.520562 -4.960117
v 2.294184 3.027292 -5.001286
v 2.248605 2.841972 -4.976661
v 2.239194 2.843782 -4.977724
v 0.580251 2.233812 -5.150820
v 0.345959 2.233812 -5.206858
v 0.580251 2.243452 -5.150820
v 0.800926 2.231462 -5.098038
v 0.345959 2.233812 -5.206858
v 0.345959 2.243452 -5.206858
v 0.580251 2.243452 -5.150820
v 0.801024 2.241102 -5.098015
v 0.800926 2.231462 -5.098038
v 0.988437 2.229922 -5.053188
v 0.988435 2.239562 -5.053182
v 1.175851 2.229322 -5.008363
v 1.175845 2.238932 -5.008336
v 1.363362 2.229662 -4.963513
v 1.363348 2.239222 -4.963455
v 1.550776 2.230932 -4.918687
v 1.550751 2.240442 -4.918584
v 1.862192 2.233812 -4.844202
v 2.269372 2.945142 -5.195459
v 2.260211 2.947212 -5.194558
v 2.285499 3.083642 -5.230642
v 2.221439 2.763422 -5.155401
v 1.860007 2.243202 -4.844525
v 1.862192 2.233812 -4.844202
v 1.550751 2.240442 -4.918584
v 2.368150 3.343592 -5.053459
v 2.358613 3.344492 -5.053566
v 2.409373 3.528222 -5.089109
v 2.294184 3.027292 -5.001286
v 2.284813 3.029142 -5.002088
v 2.239194 2.843782 -4.977724
v 2.358613 3.344492 -5.053566
v 2.135678 2.521622 -4.778789
v 2.131009 2.429312 -4.779905
v 2.126355 2.523212 -4.780651
v 2.181520 2.681632 -4.774421
v 2.131009 2.429312 -4.779905
v 2.122413 2.433432 -4.781362
v 2.126355 2.523212 -4.780651
v 2.172271 2.683522 -4.776164
v 2.181520 2.681632 -4.774421
v 2.126355 2.523212 -4.780651
v 2.232549 2.867352 -4.773259
v 2.223172 2.869242 -4.774894
v 2.279381 3.054042 -4.779909
v 2.270064 3.055942 -4.781368
v 2.357485 3.421702 -4.801669
v 2.366988 3.420352 -4.800565
v 2.357485 3.421702 -4.801669
v 2.366988 3.420352 -4.800565
v 2.409819 3.607622 -4.814558
v 2.400373 3.608992 -4.815475
v 2.409819 3.607622 -4.814558
v 2.448840 3.795112 -4.835409
v 2.439355 3.796492 -4.836165
v 2.489928 4.002953 -4.862325
v 2.294551 3.082022 -5.232381
v 2.285499 3.083642 -5.230642
v 2.323408 3.262962 -5.289834
v 2.269372 2.945142 -5.195459
v 2.409373 3.528222 -5.089109
v 2.399861 3.529182 -5.088890
v 2.446343 3.711493 -5.134916
v 2.358613 3.344492 -5.053566
v 2.097745 2.522742 -4.589676
v 2.088504 2.524402 -4.591876
v 2.147643 2.691152 -4.580774
v 2.092591 2.429312 -4.590909
v 0.301122 2.233812 -5.019397
v 0.301122 2.243452 -5.019397
v 0.535413 2.243452 -4.963358
v 0.756186 2.241102 -4.910553
v 0.756089 2.231462 -4.910577
v 0.943600 2.229922 -4.865727
v 0.943600 2.239552 -4.865727
v 1.131014 2.229312 -4.820901
v 1.131011 2.238922 -4.820891
v 1.318524 2.229642 -4.776052
v 1.318520 2.239212 -4.776032
v 1.505938 2.230892 -4.731226
v 1.505931 2.240412 -4.731196
v 1.823774 2.233812 -4.655205
v 0.535413 2.233812 -4.963358
v 0.301122 2.233812 -5.019397
v 0.535413 2.243452 -4.963358
v 0.756089 2.231462 -4.910577
v 1.821718 2.243202 -4.655635
v 1.823774 2.233812 -4.655205
v 1.505931 2.240412 -4.731196
v 2.200107 2.876382 -4.572709
v 2.147643 2.691152 -4.580774
v 2.138490 2.693132 -4.582912
v 2.088504 2.524402 -4.591876
v 2.190938 2.878372 -4.574789
v 2.200107 2.876382 -4.572709
v 2.138490 2.693132 -4.582912
v 2.399861 3.529182 -5.088890
v 2.437042 3.712553 -5.134289
v 2.446343 3.711493 -5.134916
v 2.092591 2.429312 -4.590909
v 2.084095 2.433442 -4.592787
v 2.088504 2.524402 -4.591876
v 2.247843 3.062992 -4.568097
v 2.200107 2.876382 -4.572709
v 2.190938 2.878372 -4.574789
v 2.247843 3.062992 -4.568097
v 2.238660 3.064972 -4.570108
v 2.331890 3.448972 -4.563973
v 2.190938 2.878372 -4.574789
v 1.997328 3.791502 -3.457949
v 2.003766 3.790222 -3.450908
v 2.007653 3.633122 -3.514878
v 2.341218 3.447742 -4.562133
v 2.331890 3.448972 -4.563973
v 2.384588 3.635482 -4.560757
v 2.247843 3.062992 -4.568097
v 2.481048 3.892862 -5.185440
v 2.446343 3.711493 -5.134916
v 2.437042 3.712553 -5.134289
v 2.384588 3.635482 -4.560757
v 2.375241 3.636712 -4.562519
v 2.423751 3.824152 -4.562432
v 2.331890 3.448972 -4.563973
v 2.480268 4.003492 -4.862780
v 2.489928 4.002953 -4.862325
v 2.439355 3.796492 -4.836165
v 2.285499 3.083642 -5.230642
v 2.314729 3.264882 -5.287081
v 2.323408 3.262962 -5.289834
v 2.466378 4.041382 -4.566117
v 2.423751 3.824152 -4.562432
v 2.414483 3.825372 -4.564094
v 2.375241 3.636712 -4.562519
v 2.414483 3.825372 -4.564094
v 2.471468 3.892673 -5.184075
v 2.481048 3.892862 -5.185440
v 2.437042 3.712553 -5.134289
v 2.456874 4.041543 -4.567650
v 2.466378 4.041382 -4.566117
v 2.414483 3.825372 -4.564094
v 2.007653 3.633122 -3.514878
v 2.006921 3.453552 -3.584036
v 2.000707 3.635172 -3.521084
v 1.997328 3.791502 -3.457949
v 1.778936 2.233812 -4.467743
v 1.461101 2.230892 -4.543763
v 1.777124 2.243152 -4.469194
v 2.323408 3.262962 -5.289834
v 2.314729 3.264882 -5.287081
v 2.342711 3.439362 -5.363235
v 2.279887 3.451982 -4.324203
v 2.289085 3.450612 -4.321817
v 2.190102 3.065762 -4.355055
v 2.321196 3.639682 -4.309912
v 2.330292 3.638312 -4.307530
v 2.289085 3.450612 -4.321817
v 2.321196 3.639682 -4.309912
v 2.357892 3.828402 -4.296970
v 2.367084 3.827042 -4.294556
v 2.330292 3.638312 -4.307530
v 2.357892 3.828402 -4.296970
v 2.397499 4.045653 -4.282869
v 2.397499 4.045653 -4.282869
v 2.406782 4.045263 -4.280413
v 2.367084 3.827042 -4.294556
v 2.190102 3.065762 -4.355055
v 2.199215 3.063742 -4.352752
v 2.153211 2.877292 -4.368476
v 2.289085 3.450612 -4.321817
v 2.144090 2.879303 -4.370749
v 2.153211 2.877292 -4.368476
v 2.102215 2.692262 -4.385680
v 2.190102 3.065762 -4.355055
v 1.461101 2.230892 -4.543763
v 1.461226 2.240392 -4.544289
v 1.777124 2.243152 -4.469194
v 1.273687 2.229642 -4.588590
v 1.273756 2.239192 -4.588881
v 1.086176 2.229312 -4.633439
v 1.086209 2.238912 -4.633574
v 0.898762 2.229922 -4.678265
v 0.898769 2.239552 -4.678294
v 0.711251 2.231462 -4.723114
v 0.711349 2.241102 -4.723091
v 0.490576 2.233812 -4.775896
v 0.256284 2.233812 -4.831934
v 0.256284 2.243452 -4.831934
v 2.102215 2.692262 -4.385680
v 2.053005 2.522802 -4.402190
v 2.093084 2.694272 -4.387916
v 2.144090 2.879303 -4.370749
v 2.053005 2.522802 -4.402190
v 2.047753 2.429312 -4.403446
v 2.039292 2.433452 -4.405470
v 2.043768 2.524502 -4.404409
v 2.053005 2.522802 -4.402190
v 2.039292 2.433452 -4.405470
v 2.093084 2.694272 -4.387916
v 0.490576 2.233812 -4.775896
v 0.490576 2.243452 -4.775896
v 0.711349 2.241102 -4.723091
v 0.256284 2.243452 -4.831934
v 2.305954 4.035832 -3.997712
v 2.314868 4.035233 -3.994141
v 2.283646 3.818972 -4.028681
v 2.283646 3.818972 -4.028681
v 2.253762 3.630902 -4.058069
v 2.274781 3.820422 -4.032025
v 2.305954 4.035832 -3.997712
v 2.006921 3.453552 -3.584036
v 1.995983 3.271762 -3.646205
v 1.999649 3.455402 -3.589744
v 2.000707 3.635172 -3.521084
v 0.666313 2.941412 -5.870022
v 0.504067 2.353922 -5.867892
v 0.655643 2.956692 -5.889032
v 0.697678 3.021472 -5.867890
v 0.687451 3.036732 -5.888758
v 0.655643 2.956692 -5.889032
v 0.748903 3.090052 -5.859810
v 0.816221 3.141902 -5.846354
v 0.739015 3.105392 -5.882092
v 0.687451 3.036732 -5.888758
v 0.806349 3.157482 -5.869565
v 0.816221 3.141902 -5.846354
v 0.894428 3.173062 -5.828570
v 0.884527 3.189062 -5.852085
v 0.894428 3.173062 -5.828570
v 2.253762 3.630902 -4.058069
v 2.218407 3.443552 -4.086071
v 2.244777 3.632342 -4.061338
v 2.274781 3.820422 -4.032025
v 2.165046 3.969192 -3.699623
v 2.173670 3.968502 -3.695268
v 2.158479 3.767583 -3.752985
v 2.209493 3.444992 -4.089211
v 2.218407 3.443552 -4.086071
v 2.131774 3.062992 -4.144723
v 2.244777 3.632342 -4.061338
v 2.158479 3.767583 -3.752985
v 2.140854 3.582552 -3.803532
v 2.149869 3.769033 -3.756967
v 2.165046 3.969192 -3.699623
v 2.314729 3.264882 -5.287081
v 2.334568 3.441732 -5.359278
v 2.342711 3.439362 -5.363235
v 2.140658 3.061012 -4.141889
v 2.099689 2.874622 -4.168345
v 2.131774 3.062992 -4.144723
v 2.218407 3.443552 -4.086071
v 2.099689 2.874622 -4.168345
v 2.052675 2.689422 -4.193173
v 2.090682 2.876602 -4.171097
v 2.131774 3.062992 -4.144723
v 2.043637 2.691402 -4.195798
v 2.052675 2.689422 -4.193173
v 2.007389 2.522202 -4.214914
v 2.090682 2.876602 -4.171097
v 2.140854 3.582552 -3.803532
v 2.116253 3.397022 -3.848981
v 2.132215 3.583982 -3.807386
v 2.149869 3.769033 -3.756967
v 2.007389 2.522202 -4.214914
v 2.001651 2.429312 -4.216287
v 1.993269 2.433462 -4.218641
v 1.998234 2.523872 -4.217474
v 2.007389 2.522202 -4.214914
v 1.993269 2.433462 -4.218641
v 2.043637 2.691402 -4.195798
v 1.988305 3.273482 -3.651506
v 1.995983 3.271762 -3.646205
v 1.964190 3.004252 -3.737248
v 1.999649 3.455402 -3.589744
v 2.349775 3.523692 -5.402650
v 2.342711 3.439362 -5.363235
v 2.334568 3.441732 -5.359278
v 1.732833 2.233812 -4.280583
v 1.416263 2.230902 -4.356301
v 1.730814 2.243202 -4.281169
v 1.416263 2.230902 -4.356301
v 1.416275 2.240422 -4.356350
v 1.730814 2.243202 -4.281169
v 1.416275 2.240422 -4.356350
v 1.416263 2.230902 -4.356301
v 1.228849 2.229642 -4.401127
v 1.228856 2.239212 -4.401156
v 1.041338 2.229312 -4.445976
v 1.041341 2.238922 -4.445986
v 0.853924 2.229922 -4.490803
v 0.853927 2.239552 -4.490812
v 0.666414 2.231462 -4.535652
v 0.666511 2.241102 -4.535628
v 0.445738 2.233812 -4.588433
v 0.211446 2.233812 -4.644472
v 0.211446 2.243452 -4.644472
v 0.445738 2.233812 -4.588433
v 0.445738 2.243452 -4.588433
v 0.666511 2.241102 -4.535628
v 0.211446 2.243452 -4.644472
v 0.276794 3.163092 -3.686501
v 0.354321 3.194922 -3.666723
v 0.301045 3.144482 -3.706641
v 0.235124 3.092502 -3.725072
v 2.107482 3.398422 -3.852724
v 2.116253 3.397022 -3.848981
v 2.053969 3.046422 -3.933775
v 2.132215 3.583982 -3.807386
v 0.354321 3.194922 -3.666723
v 0.378738 3.175762 -3.687133
v 0.301045 3.144482 -3.706641
v 1.892101 0.000003 -3.213172
v 1.885832 0.000003 -3.218774
v 1.824261 2.429312 -3.736006
v 0.211107 3.110792 -3.705903
v 0.276794 3.163092 -3.686501
v 0.235124 3.092502 -3.725072
v 0.185991 3.023822 -3.741039
v 0.162241 3.042012 -3.723421
v 0.211107 3.110792 -3.705903
v 0.157359 2.943692 -3.753306
v 0.133998 2.961912 -3.737743
v 0.162241 3.042012 -3.723421
v -0.019632 2.356922 -3.833972
v 2.053969 3.046422 -3.933775
v 2.062824 3.044522 -3.930392
v 2.030624 2.858902 -3.970299
v 2.116253 3.397022 -3.848981
v 1.964190 3.004252 -3.737248
v 1.972347 3.002122 -3.732665
v 1.950381 2.818912 -3.786986
v 1.995983 3.271762 -3.646205
v 2.021740 2.860802 -3.973565
v 2.030624 2.858902 -3.970299
v 1.990505 2.673652 -4.004181
v 2.053969 3.046422 -3.933775
v 1.990505 2.673652 -4.004181
v 1.954051 2.520342 -4.029742
v 1.981598 2.675532 -4.007350
v 2.021740 2.860802 -3.973565
v 1.954051 2.520342 -4.029742
v 1.948158 2.429312 -4.030894
v 1.940015 2.433442 -4.033819
v 1.945033 2.521962 -4.032876
v 1.954051 2.520342 -4.029742
v 1.940015 2.433442 -4.033819
v 1.981598 2.675532 -4.007350
v 1.942038 2.820972 -3.791224
v 1.950381 2.818912 -3.786986
v 1.916868 2.635092 -3.832583
v 1.964190 3.004252 -3.737248
v 1.916868 2.635092 -3.832583
v 1.892215 2.519362 -3.858478
v 1.908378 2.637112 -3.836638
v 1.942038 2.820972 -3.791224
v 1.679340 2.233812 -4.095191
v 1.371425 2.230952 -4.168839
v 1.677261 2.243202 -4.095956
v 1.371425 2.230952 -4.168839
v 1.371460 2.240462 -4.168984
v 1.677261 2.243202 -4.095956
v 1.184011 2.229672 -4.213665
v 1.184030 2.239232 -4.213742
v 0.996501 2.229332 -4.258514
v 0.996510 2.238932 -4.258553
v 0.809087 2.229922 -4.303340
v 0.809089 2.239562 -4.303349
v 0.621576 2.231462 -4.348189
v 0.621673 2.241102 -4.348166
v 0.400900 2.233812 -4.400971
v 0.166609 2.233812 -4.457009
v 0.166609 2.243452 -4.457009
v 0.400900 2.233812 -4.400971
v 0.400900 2.243452 -4.400971
v 0.621673 2.241102 -4.348166
v 0.166609 2.243452 -4.457009
v 1.883622 2.521062 -3.862528
v 1.892215 2.519362 -3.858478
v 1.877756 2.433432 -3.863797
v 1.908378 2.637112 -3.836638
v 1.892215 2.519362 -3.858478
v 1.885602 2.429312 -3.860060
v 1.877756 2.433432 -3.863797
v 1.824261 2.429312 -3.736006
v 1.885832 0.000003 -3.218774
v 1.767853 2.351492 -3.749497
v 1.515629 2.330732 -5.605285
v 1.699942 2.315122 -5.551796
v 1.701032 2.309502 -5.557214
v 1.867279 2.292022 -5.495679
v 1.837204 0.000003 -3.230405
v 1.721559 2.301052 -3.760571
v 1.767853 2.351492 -3.749497
v 1.865747 3.525102 -3.407349
v 1.870575 3.523692 -3.399160
v 1.746889 3.291102 -3.405641
v 1.616784 2.233812 -3.924356
v 1.329391 2.231062 -3.993095
v 1.614740 2.243192 -3.925267
v 1.807443 0.000003 -3.237523
v 1.661940 2.268672 -3.774830
v 1.721559 2.301052 -3.760571
v 1.329391 2.231062 -3.993095
v 1.329444 2.240562 -3.993320
v 1.614740 2.243192 -3.925267
v 1.141977 2.229732 -4.037922
v 1.142007 2.239292 -4.038049
v 0.954466 2.229352 -4.082771
v 0.954480 2.238962 -4.082829
v 0.767052 2.229932 -4.127597
v 0.767057 2.239562 -4.127617
v 0.579541 2.231462 -4.172446
v 0.579639 2.241102 -4.172423
v 0.358866 2.233812 -4.225228
v 0.124574 2.233812 -4.281266
v 0.124574 2.243452 -4.281266
v 0.358866 2.233812 -4.225228
v 0.358866 2.243452 -4.225228
v 0.579639 2.241102 -4.172423
v 0.124574 2.243452 -4.281266
v 1.756480 0.000003 -3.249713
v 1.560015 2.233812 -3.799209
v 1.661940 2.268672 -3.774830
v 1.686392 3.517202 -3.360773
v 1.698096 3.492322 -3.385632
v 1.529804 3.384792 -3.417545
v 1.807443 0.000003 -3.237523
v 1.756480 0.000003 -3.249713
v 1.661940 2.268672 -3.774830
v 1.837204 0.000003 -3.230405
v 1.721559 2.301052 -3.760571
v 1.860351 0.000003 -3.224869
v 1.767853 2.351492 -3.749497
v 1.885832 0.000003 -3.218774
v 1.694752 0.000003 -3.117587
v 1.436558 2.287082 -3.534959
v 1.471844 2.280022 -3.549221
v 1.712395 0.000003 -3.124719
v 1.694752 0.000003 -3.117587
v 1.471844 2.280022 -3.549221
v -0.385567 0.000002 -3.759184
v -0.409979 0.000002 -3.765023
v -0.250964 2.140962 -3.929463
v -0.334507 0.000002 -3.746971
v -0.148706 2.187032 -3.905190
v -0.255535 0.000002 -3.728083
v 0.001264 2.187032 -3.869321
v -0.409979 0.000002 -3.765023
v -0.428858 0.000002 -3.769918
v -0.337889 1.965372 -3.949493
v -0.334507 0.000002 -3.746971
v -0.148706 2.187032 -3.905190
v 0.001264 2.187032 -3.869321
v 0.016247 2.356802 -3.828362
v -0.019632 2.356922 -3.833972
v 0.157359 2.943692 -3.753306
v 1.694752 0.000003 -3.117587
v 1.675573 0.000003 -3.117362
v 1.398204 2.292032 -3.534518
v 1.436558 2.287082 -3.534959
v 1.694752 0.000003 -3.117587
v 1.398204 2.292032 -3.534518
v -0.385567 0.000002 -3.759184
v -0.250964 2.140962 -3.929463
v -0.148706 2.187032 -3.905190
v 0.185991 3.023822 -3.741039
v 0.331985 2.869762 -3.726377
v 0.308557 2.791102 -3.735897
v 0.235124 3.092502 -3.725072
v 0.235124 3.092502 -3.725072
v 0.378350 2.936662 -3.712160
v 0.331985 2.869762 -3.726377
v 0.301045 3.144482 -3.706641
v 0.308557 2.791102 -3.735897
v 0.250480 2.355352 -3.772079
v 0.157359 2.943692 -3.753306
v 0.185991 3.023822 -3.741039
v 0.301045 3.144482 -3.706641
v 0.378738 3.175762 -3.687133
v 0.442963 2.985072 -3.694711
v 0.378350 2.936662 -3.712160
v 1.274737 3.101442 -3.495056
v 0.519346 3.010122 -3.675742
v 0.378738 3.175762 -3.687133
v 0.442963 2.985072 -3.694711
v 1.269367 3.296562 -3.473894
v 1.404502 3.324532 -3.443064
v 1.274737 3.101442 -3.495056
v 0.378738 3.175762 -3.687133
v 1.404502 3.324532 -3.443064
v 1.529804 3.384792 -3.417545
v 1.411310 3.129492 -3.464652
v 1.274737 3.101442 -3.495056
v 1.529804 3.384792 -3.417545
v 1.698096 3.492322 -3.385632
v 1.541205 3.183022 -3.440277
v 1.411310 3.129492 -3.464652
v 0.250480 2.355352 -3.772079
v 0.016247 2.356802 -3.828362
v 0.157359 2.943692 -3.753306
v -0.409979 0.000002 -3.765023
v -0.299843 2.080212 -3.940908
v -0.250964 2.140962 -3.929463
v 1.865747 3.525102 -3.407349
v 1.746889 3.291102 -3.405641
v 1.698096 3.492322 -3.385632
v 1.541205 3.183022 -3.440277
v 1.842376 3.724582 -3.357354
v 1.865747 3.525102 -3.407349
v 1.698096 3.492322 -3.385632
v -0.299843 2.080212 -3.940908
v -0.409979 0.000002 -3.765023
v -0.337889 1.965372 -3.949493
v 2.475595 4.287313 -4.041934
v 2.535620 4.293772 -4.243459
v 2.528400 4.299833 -4.245515
v 2.553447 4.299833 -4.350231
v 2.468497 4.293422 -4.044073
v 2.475595 4.287313 -4.041934
v 2.528400 4.299833 -4.245515
v 2.439187 4.276083 -3.923247
v 2.355339 4.237833 -3.723575
v 2.432078 4.282342 -3.925338
v 2.468497 4.293422 -4.044073
v 2.348313 4.244173 -3.725584
v 2.355339 4.237833 -3.723575
v 2.268967 4.193812 -3.558919
v 2.635284 4.237833 -4.894000
v 2.632763 4.193812 -5.079918
v 2.628109 4.244173 -4.895383
v 2.612423 4.282342 -4.679345
v 2.619709 4.276083 -4.677996
v 2.591177 4.293422 -4.556986
v 2.635284 4.237833 -4.894000
v 2.598475 4.287313 -4.555682
v 2.591177 4.293422 -4.556986
v 2.553447 4.299833 -4.350231
v 2.560815 4.293772 -4.348798
v 2.553447 4.299833 -4.350231
v 2.535620 4.293772 -4.243459
v 2.598475 4.287313 -4.555682
v 2.261718 4.200002 -3.560427
v 2.268967 4.193812 -3.558919
v 2.348313 4.244173 -3.725584
v 2.147050 4.115412 -3.391815
v 2.632763 4.193812 -5.079918
v 2.599652 4.115412 -5.284102
v 2.625617 4.200002 -5.081854
v 2.628109 4.244173 -4.895383
v 2.139456 4.121032 -3.393591
v 2.147050 4.115412 -3.391815
v 2.261718 4.200002 -3.560427
v 2.020707 4.009482 -3.246613
v 2.599652 4.115412 -5.284102
v 2.552682 4.009482 -5.470751
v 2.592076 4.121032 -5.285954
v 2.625617 4.200002 -5.081854
v 2.012820 4.014722 -3.248457
v 2.020707 4.009482 -3.246613
v 2.139456 4.121032 -3.393591
v 2.552682 4.009482 -5.470751
v 2.544816 4.014722 -5.472681
v 2.592076 4.121032 -5.285954
v 0.081903 2.243402 -4.873643
v 0.087506 2.243402 -4.897073
v -0.019962 2.194952 -4.922777
v 0.226875 2.243452 -4.863738
v -0.025566 2.194952 -4.899347
v -0.115241 2.194952 -4.524423
v -0.007773 2.243402 -4.498718
v -0.109635 2.194952 -4.547862
v -0.151672 2.194952 -4.372109
v -0.157276 2.194952 -4.348680
v -0.049808 2.243402 -4.322975
v -0.190799 2.194952 -4.208524
v -0.083286 2.243392 -4.183003
v 0.206828 2.209352 -5.869246
v 0.199317 2.224132 -5.837413
v 0.313892 2.257812 -5.843570
v -0.243871 2.224132 -3.984483
v -0.251578 2.209352 -3.952694
v -0.144482 2.257812 -3.927151
v 0.876550 3.194922 -5.850118
v 1.785758 3.319142 -5.632879
v 0.916639 3.202672 -6.026754
v 0.798465 3.163092 -5.867557
v 0.839585 3.167582 -6.046354
v 0.798465 3.163092 -5.867557
v 0.731108 3.110792 -5.879980
v 0.774380 3.112952 -6.064338
v 0.731108 3.110792 -5.879980
v 1.263423 3.319152 -3.449045
v 0.354321 3.194922 -3.666723
v 0.310146 3.202672 -3.491060
v 0.276794 3.163092 -3.686501
v 0.232562 3.167582 -3.508446
v 0.276794 3.163092 -3.686501
v 0.211107 3.110792 -3.705903
v 0.166277 3.112952 -3.521914
v 0.211107 3.110792 -3.705903
v 0.199317 2.224132 -5.837413
v 0.306285 2.272802 -5.811767
v 0.313892 2.257812 -5.843570
v -0.136875 2.272802 -3.958954
v -0.243871 2.224132 -3.984483
v -0.144482 2.257812 -3.927151
v 0.252696 2.243382 -5.587717
v 0.145273 2.194952 -5.613609
v 0.111749 2.194952 -5.473449
v 0.106145 2.194952 -5.450016
v 0.219217 2.243402 -5.447744
v 0.069714 2.194952 -5.297704
v 0.177182 2.243402 -5.271999
v 0.064110 2.194952 -5.274272
v 0.024876 2.194952 -5.110239
v 0.171578 2.243402 -5.248567
v 0.132344 2.243402 -5.084535
v 0.271713 2.243452 -5.051200
v 0.019272 2.194952 -5.086810
v 0.126740 2.243402 -5.061106
v 0.266109 2.243452 -5.027771
v 0.301122 2.243452 -5.019397
v 1.035016 2.330732 -3.595887
v 1.033348 2.325462 -3.589345
v 1.222105 2.309502 -3.554861
v 0.846681 2.342332 -3.634281
v 0.846681 2.342332 -3.634281
v 0.844795 2.337442 -3.626825
v 0.658675 2.349932 -3.675342
v 1.330303 2.342332 -5.656260
v 1.515629 2.330732 -5.605285
v 1.517101 2.325462 -5.611870
v 1.701032 2.309502 -5.557214
v 1.331995 2.337442 -5.663764
v 1.144067 2.349932 -5.704719
v 0.306285 2.272802 -5.811767
v 0.199317 2.224132 -5.837413
v 0.179504 2.213532 -5.753287
v -0.243871 2.224132 -3.984483
v -0.136875 2.272802 -3.958954
v -0.223474 2.213532 -4.068473
v 0.179504 2.213532 -5.753287
v 0.145273 2.194952 -5.613609
v 0.252696 2.243382 -5.587717
v -0.190799 2.194952 -4.208524
v -0.223474 2.213532 -4.068473
v -0.083286 2.243392 -4.183003
v 0.658675 2.349932 -3.675342
v 0.656735 2.345432 -3.667230
v 0.844795 2.337442 -3.626825
v 0.471098 2.353502 -3.719055
v 0.957010 2.353502 -5.750609
v 1.144067 2.349932 -5.704719
v 1.146006 2.345432 -5.712827
v 1.331995 2.337442 -5.663764
v 1.785758 3.319142 -5.632879
v 1.919961 3.347252 -5.599442
v 1.961727 3.412522 -5.774063
v 2.083701 3.477042 -5.741510
v 1.828246 3.377972 -5.807079
v 1.961727 3.412522 -5.774063
v 0.916639 3.202672 -6.026754
v 2.042465 3.408772 -5.566099
v 2.083701 3.477042 -5.741510
v 2.202893 3.517202 -5.520216
v 1.222493 3.377972 -3.274478
v 1.263423 3.319152 -3.449045
v 0.310146 3.202672 -3.491060
v 1.356467 3.412522 -3.243524
v 1.398234 3.347252 -3.418148
v 1.356467 3.412522 -3.243524
v 1.479970 3.477042 -3.217367
v 1.522567 3.408772 -3.392450
v 1.479970 3.477042 -3.217367
v 1.686392 3.517202 -3.360773
v -0.064797 2.194952 -4.735324
v 0.042671 2.243402 -4.709620
v 0.037065 2.243402 -4.686181
v -0.070403 2.194952 -4.711885
v 0.221272 2.243452 -4.840308
v 0.182040 2.243452 -4.676285
v 2.154627 2.429312 -4.984828
v 2.145939 2.433432 -4.985046
v 2.146684 2.433382 -4.960648
v 1.877756 2.433432 -3.863797
v 1.885602 2.429312 -3.860060
v 1.889462 2.433382 -3.885222
v 2.155441 2.429312 -4.959861
v 2.154627 2.429312 -4.984828
v 2.146684 2.433382 -4.960648
v 1.885602 2.429312 -3.860060
v 1.897625 2.429312 -3.881953
v 1.889462 2.433382 -3.885222
v 2.133113 2.429312 -4.804174
v 2.124529 2.433442 -4.805254
v 2.122413 2.433432 -4.781362
v 0.471098 2.353502 -3.719055
v 0.469074 2.349432 -3.710593
v 0.656735 2.345432 -3.667230
v 0.250480 2.355352 -3.772079
v 0.957010 2.353502 -5.750609
v 0.959034 2.349432 -5.759072
v 0.736276 2.355352 -5.803147
v 1.146006 2.345432 -5.712827
v 1.940015 2.433442 -4.033819
v 1.948158 2.429312 -4.030894
v 1.948939 2.433432 -4.056084
v 2.131009 2.429312 -4.779905
v 2.133113 2.429312 -4.804174
v 2.122413 2.433432 -4.781362
v 1.948158 2.429312 -4.030894
v 1.957265 2.429312 -4.053496
v 1.948939 2.433432 -4.056084
v 2.096931 2.429312 -4.614640
v 2.088392 2.433462 -4.616343
v 2.084095 2.433442 -4.592787
v 2.092591 2.429312 -4.590909
v 2.096931 2.429312 -4.614640
v 2.084095 2.433442 -4.592787
v 2.001651 2.429312 -4.216287
v 2.008522 2.429312 -4.239423
v 2.000093 2.433442 -4.241583
v 1.993269 2.433462 -4.218641
v 2.001651 2.429312 -4.216287
v 2.000093 2.433442 -4.241583
v 2.053357 2.429312 -4.426875
v 2.044895 2.433452 -4.428900
v 2.039292 2.433452 -4.405470
v 2.047753 2.429312 -4.403446
v 0.248399 2.351782 -3.763375
v 0.469074 2.349432 -3.710593
v 0.250480 2.355352 -3.772079
v 0.959034 2.349432 -5.759072
v 0.738359 2.351782 -5.811854
v 0.736276 2.355352 -5.803147
v 0.453261 2.257202 -5.810235
v 0.313892 2.257812 -5.843570
v 0.445454 2.272342 -5.778454
v -0.144482 2.257812 -3.927151
v -0.005113 2.257212 -3.893816
v 0.002307 2.272342 -3.925694
v 0.313892 2.257812 -5.843570
v 0.306285 2.272802 -5.811767
v 0.445454 2.272342 -5.778454
v -0.136875 2.272802 -3.958954
v -0.144482 2.257812 -3.927151
v 0.002307 2.272342 -3.925694
v 0.889088 3.175762 -5.820860
v 1.779815 3.296562 -5.608031
v 0.876550 3.194922 -5.850118
v 1.269367 3.296562 -3.473894
v 0.378738 3.175762 -3.687133
v 0.354321 3.194922 -3.666723
v 0.445454 2.272342 -5.778454
v 0.306285 2.272802 -5.811767
v 0.286100 2.262742 -5.727374
v 0.179504 2.213532 -5.753287
v -0.136875 2.272802 -3.958954
v -0.116691 2.262742 -4.043343
v -0.223474 2.213532 -4.068473
v 0.002307 2.272342 -3.925694
v 1.779815 3.296562 -5.608031
v 1.785758 3.319142 -5.632879
v 0.876550 3.194922 -5.850118
v 1.919961 3.347252 -5.599442
v 1.914277 3.324532 -5.574384
v 2.042465 3.408772 -5.566099
v 1.779815 3.296562 -5.608031
v 2.208831 3.563162 -5.706676
v 2.083701 3.477042 -5.741510
v 2.202893 3.517202 -5.520216
v 1.404502 3.324532 -3.443064
v 1.269367 3.296562 -3.473894
v 1.398234 3.347252 -3.418148
v 1.522567 3.408772 -3.392450
v 1.269367 3.296562 -3.473894
v 1.263423 3.319152 -3.449045
v 0.354321 3.194922 -3.666723
v 1.479970 3.477042 -3.217367
v 1.607320 3.563172 -3.191812
v 1.686392 3.517202 -3.360773
v 0.056083 2.243432 -4.149669
v 0.091095 2.243432 -4.141294
v 0.089561 2.243452 -4.289641
v -0.083286 2.243392 -4.183003
v -0.223474 2.213532 -4.068473
v -0.116691 2.262742 -4.043343
v -0.116691 2.262742 -4.043343
v 0.056083 2.243432 -4.149669
v 0.095165 2.243452 -4.313070
v -0.049808 2.243402 -4.322975
v 0.124574 2.243452 -4.281266
v 0.217053 2.243452 -4.667911
v 0.182040 2.243452 -4.676285
v 0.211446 2.243452 -4.644472
v 0.172215 2.243452 -4.480449
v 0.406506 2.243452 -4.424410
v 0.176434 2.243452 -4.652846
v 0.137202 2.243452 -4.488823
v -0.002167 2.243402 -4.522158
v -0.007773 2.243402 -4.498718
v 0.131596 2.243452 -4.465384
v 0.166609 2.243452 -4.457009
v -0.044204 2.243402 -4.346405
v -0.151672 2.194952 -4.372109
v -0.049808 2.243402 -4.322975
v 0.095165 2.243452 -4.313070
v 0.130178 2.243452 -4.304696
v 0.364469 2.243452 -4.248657
v 0.400900 2.243452 -4.400971
v 0.621673 2.241102 -4.348166
v 0.089561 2.243452 -4.289641
v -0.083286 2.243392 -4.183003
v -0.049808 2.243402 -4.322975
v -0.157276 2.194952 -4.348680
v 0.219217 2.243402 -5.447744
v 0.252696 2.243382 -5.587717
v 0.111749 2.194952 -5.473449
v 0.358586 2.243452 -5.414410
v 0.213613 2.243402 -5.424312
v 0.352982 2.243452 -5.390977
v 0.106145 2.194952 -5.450016
v 0.177182 2.243402 -5.271999
v 0.316551 2.243452 -5.238665
v 0.352982 2.243452 -5.390977
v 0.316551 2.243452 -5.238665
v 0.387994 2.243452 -5.382603
v 0.171578 2.243402 -5.248567
v 0.310947 2.243452 -5.215233
v 0.271713 2.243452 -5.051200
v 0.351564 2.243452 -5.230290
v 0.387994 2.243452 -5.382603
v 0.622286 2.243452 -5.326565
v 0.585855 2.243452 -5.174252
v 0.806628 2.241102 -5.121447
v 0.843059 2.241102 -5.273760
v 1.030469 2.239562 -5.228920
v 0.345959 2.243452 -5.206858
v 0.306726 2.243452 -5.042826
v 0.580251 2.243452 -5.150820
v 0.266109 2.243452 -5.027771
v 0.301122 2.243452 -5.019397
v 0.132344 2.243402 -5.084535
v -0.002167 2.243402 -4.522158
v 0.176434 2.243452 -4.652846
v 0.211446 2.243452 -4.644472
v 0.217053 2.243452 -4.667911
v 0.256284 2.243452 -4.831934
v 0.451344 2.243452 -4.611873
v 0.261888 2.243452 -4.855364
v 0.490576 2.243452 -4.775896
v 0.711349 2.241102 -4.723091
v 0.535413 2.243452 -4.963358
v 0.672117 2.241102 -4.559068
v 0.496180 2.243452 -4.799325
v 0.859530 2.239552 -4.514241
v 0.716953 2.241102 -4.746520
v 0.898769 2.239552 -4.678294
v 0.756186 2.241102 -4.910553
v 1.046944 2.238922 -4.469415
v 0.943600 2.239552 -4.865727
v 1.086209 2.238912 -4.633574
v 0.904359 2.239552 -4.701665
v 1.234457 2.239212 -4.424576
v 1.131011 2.238922 -4.820891
v 1.273756 2.239192 -4.588881
v 1.091750 2.238912 -4.656741
v 1.421876 2.240412 -4.379769
v 1.318520 2.239212 -4.776032
v 1.461226 2.240392 -4.544289
v 1.279221 2.239192 -4.611727
v 1.505931 2.240412 -4.731196
v 1.466581 2.240392 -4.566677
v 1.782267 2.243152 -4.490698
v 1.777124 2.243152 -4.469194
v 1.737674 2.243202 -4.304256
v 1.821718 2.243202 -4.655635
v 1.889845 2.278132 -4.465450
v 1.884485 2.278132 -4.443042
v 1.845154 2.278162 -4.278601
v 1.905071 2.309732 -4.264300
v 1.944340 2.309722 -4.428479
v 1.898221 2.309732 -4.241251
v 1.949811 2.309722 -4.451354
v 1.989080 2.309732 -4.615533
v 1.929174 2.278162 -4.629882
v 1.929174 2.278162 -4.629882
v 1.993398 2.309732 -4.639177
v 1.933500 2.278162 -4.653555
v 2.027327 2.309732 -4.804246
v 1.933500 2.278162 -4.653555
v 1.826049 2.243202 -4.679338
v 1.860007 2.243202 -4.844525
v 1.967438 2.278152 -4.818663
v 2.027327 2.309732 -4.804246
v 1.511531 2.240422 -4.754606
v 1.550751 2.240442 -4.918584
v 1.860007 2.243202 -4.844525
v 1.324121 2.239212 -4.799452
v 1.363348 2.239222 -4.963455
v 1.136615 2.238922 -4.844320
v 1.175845 2.238932 -5.008336
v 0.949203 2.239552 -4.889156
v 0.988435 2.239562 -5.053182
v 0.761790 2.241102 -4.933982
v 0.801024 2.241102 -5.098015
v 0.580251 2.243452 -5.150820
v 0.541017 2.243452 -4.986788
v 0.306726 2.243452 -5.042826
v 1.969610 2.278152 -4.842790
v 1.862095 2.243202 -4.868730
v 1.969610 2.278152 -4.842790
v 2.029488 2.309722 -4.828325
v 1.884392 2.243192 -5.024284
v 1.592759 2.240522 -5.094215
v 1.556347 2.240462 -4.941980
v 1.368948 2.239232 -4.986867
v 1.405368 2.239272 -5.139136
v 1.181448 2.238932 -5.031760
v 1.217873 2.238952 -5.184052
v 0.994040 2.239562 -5.076613
v 1.030469 2.239562 -5.228920
v 0.806628 2.241102 -5.121447
v 1.991881 2.278142 -4.998239
v 2.051748 2.309702 -4.983723
v 2.029488 2.309722 -4.828325
v 2.027327 2.309732 -4.804246
v 1.967438 2.278152 -4.818663
v 2.051748 2.309702 -4.983723
v 2.050977 2.309682 -5.008442
v 1.991036 2.278132 -5.023072
v 1.884392 2.243192 -5.024284
v 1.991036 2.278132 -5.023072
v 1.883574 2.243192 -5.049237
v 1.903350 2.243332 -5.192962
v 1.991036 2.278132 -5.023072
v 1.999288 2.276032 -5.169774
v 2.058860 2.308342 -5.155319
v 2.050977 2.309682 -5.008442
v 0.172215 2.243452 -4.480449
v 0.137202 2.243452 -4.488823
v 0.166609 2.243452 -4.457009
v 0.310947 2.243452 -5.215233
v 0.345959 2.243452 -5.206858
v 0.351564 2.243452 -5.230290
v 1.730814 2.243202 -4.281169
v 1.416275 2.240422 -4.356350
v 1.377055 2.240442 -4.192374
v 1.677261 2.243202 -4.095956
v 1.784878 2.278152 -4.070441
v 1.686352 2.243202 -4.118489
v 1.228856 2.239212 -4.401156
v 1.626761 2.243192 -3.947151
v 1.189631 2.239222 -4.237162
v 1.041341 2.238922 -4.445986
v 1.002111 2.238932 -4.281972
v 0.853927 2.239552 -4.490812
v 0.814693 2.239562 -4.326779
v 0.666511 2.241102 -4.535628
v 0.627280 2.241102 -4.371605
v 0.406506 2.243452 -4.424410
v 0.445738 2.243452 -4.588433
v 1.371460 2.240462 -4.168984
v 1.335048 2.240522 -4.016748
v 1.184030 2.239232 -4.213742
v 1.626761 2.243192 -3.947151
v 1.614740 2.243192 -3.925267
v 1.722411 2.278132 -3.899977
v 1.734403 2.278142 -3.921744
v 1.722411 2.278132 -3.899977
v 1.626761 2.243192 -3.947151
v 1.782486 2.309682 -3.885905
v 1.614740 2.243192 -3.925267
v 1.567344 2.243332 -3.788151
v 1.663390 2.276032 -3.765414
v 1.723057 2.308342 -3.751359
v 1.782486 2.309682 -3.885905
v 0.585243 2.241102 -4.195852
v 0.621673 2.241102 -4.348166
v 0.364469 2.243452 -4.248657
v 0.772660 2.239562 -4.151046
v 0.809089 2.239562 -4.303349
v 0.960084 2.238952 -4.106258
v 0.996510 2.238932 -4.258553
v 1.147611 2.239272 -4.061478
v 1.184030 2.239232 -4.213742
v 1.335048 2.240522 -4.016748
v 1.914277 3.324532 -5.574384
v 2.037564 3.384792 -5.540446
v 2.042465 3.408772 -5.566099
v 2.202893 3.517202 -5.520216
v 1.522567 3.408772 -3.392450
v 1.686392 3.517202 -3.360773
v 1.529804 3.384792 -3.417545
v 1.404502 3.324532 -3.443064
v 0.733573 2.239552 -3.987625
v 0.920987 2.238972 -3.942800
v 0.767057 2.239562 -4.127617
v 0.887585 2.258352 -3.803148
v 0.954480 2.238962 -4.082829
v 1.075096 2.258752 -3.758299
v 1.108495 2.239342 -3.897940
v 1.142007 2.239292 -4.038049
v 0.002307 2.272342 -3.925694
v 0.022681 2.262792 -4.010018
v -0.116691 2.262742 -4.043343
v 0.425467 2.262782 -5.694031
v 0.445454 2.272342 -5.778454
v 0.286100 2.262742 -5.727374
v 1.262510 2.260122 -3.713472
v 1.295907 2.240652 -3.853105
v 1.329444 2.240562 -3.993320
v 1.614740 2.243192 -3.925267
v 1.567344 2.243272 -3.788151
v 1.533954 2.262792 -3.648548
v 1.406421 2.297582 -3.527176
v 1.444641 2.292792 -3.527483
v 1.479915 2.286192 -3.541698
v 1.262510 2.260122 -3.713472
v 1.507255 2.278712 -3.567876
v 1.522909 2.271372 -3.602370
v 1.533954 2.262792 -3.648548
v 1.223586 2.315122 -3.560192
v 1.406421 2.297582 -3.527176
v 1.035016 2.330732 -3.595887
v 1.838300 2.278162 -4.255532
v 1.898221 2.309732 -4.241251
v 1.737674 2.243202 -4.304256
v 1.853789 2.309732 -4.078698
v 1.793858 2.278152 -4.092939
v 1.844821 2.309722 -4.056249
v 1.853789 2.309732 -4.078698
v 1.794358 2.309702 -3.907599
v 1.844821 2.309722 -4.056249
v 1.330303 2.342332 -5.656260
v 1.144067 2.349932 -5.704719
v 1.290371 2.258352 -5.487161
v 1.477882 2.258752 -5.442311
v 1.515629 2.330732 -5.605285
v 1.256971 2.238972 -5.347516
v 1.477882 2.258752 -5.442311
v 1.665296 2.260122 -5.397485
v 1.444484 2.239342 -5.302676
v 1.223477 2.238962 -5.207483
v 1.410971 2.239292 -5.162562
v 1.631900 2.240652 -5.257861
v 1.598361 2.240562 -5.117638
v 1.883574 2.243192 -5.049237
v 1.903350 2.243272 -5.192959
v 1.936740 2.262782 -5.332561
v 1.699942 2.315122 -5.551796
v 1.665296 2.260122 -5.397485
v 1.877928 2.297582 -5.498504
v 1.911873 2.292792 -5.480940
v 1.936898 2.286182 -5.452302
v 1.949435 2.278712 -5.416589
v 1.947785 2.271372 -5.378739
v 1.936740 2.262782 -5.332561
v 1.947785 2.271372 -5.378739
v 0.286100 2.262742 -5.727374
v 0.179504 2.213532 -5.753287
v 0.252696 2.243382 -5.587717
v 0.392064 2.243432 -5.554379
v 0.358586 2.243452 -5.414410
v 0.392064 2.243432 -5.554379
v 0.427077 2.243432 -5.546004
v 0.393599 2.243452 -5.406035
v 0.352982 2.243452 -5.390977
v 0.219217 2.243402 -5.447744
v 0.661369 2.243432 -5.489965
v 0.427077 2.243432 -5.546004
v 0.627890 2.243452 -5.349997
v 0.393599 2.243452 -5.406035
v 0.387994 2.243452 -5.382603
v 0.352982 2.243452 -5.390977
v 0.848664 2.241102 -5.297192
v 0.694771 2.262782 -5.629618
v 0.882142 2.241072 -5.437160
v 1.069555 2.239552 -5.392337
v 1.036073 2.239562 -5.252352
v 0.915544 2.260432 -5.576813
v 1.102957 2.258912 -5.531986
v 0.957010 2.353502 -5.750609
v 0.736276 2.355352 -5.803147
v 0.501926 2.356802 -5.858942
v 0.846681 2.342332 -3.634281
v 1.075096 2.258752 -3.758299
v 0.658675 2.349932 -3.675342
v 0.700171 2.258912 -3.847974
v 0.471098 2.353502 -3.719055
v 0.512758 2.260432 -3.892800
v 0.291985 2.262792 -3.945605
v 0.250480 2.355352 -3.772079
v 0.546160 2.241072 -4.032451
v 0.016247 2.356802 -3.828362
v 0.579639 2.241102 -4.172423
v 0.325387 2.243432 -4.085257
v 0.358866 2.243452 -4.225228
v 0.124574 2.243452 -4.281266
v 0.130178 2.243452 -4.304696
v 0.095165 2.243452 -4.313070
v 0.091095 2.243432 -4.141294
v 0.089561 2.243452 -4.289641
v 0.057693 2.262792 -4.001643
v 0.056083 2.243432 -4.149669
v 0.022681 2.262792 -4.010018
v 0.022681 2.262792 -4.010018
v -0.019632 2.356922 -3.833972
v -0.116691 2.262742 -4.043343
v 0.056083 2.243432 -4.149669
v 0.501926 2.356802 -5.858942
v 0.467392 2.356922 -5.870174
v 0.425467 2.262782 -5.694031
v 0.460479 2.262782 -5.685656
v 0.425467 2.262782 -5.694031
v 0.392064 2.243432 -5.554379
v 0.286100 2.262742 -5.727374
v 1.782486 2.309682 -3.885905
v 1.794358 2.309702 -3.907599
v 1.734403 2.278142 -3.921744
vt 0.442012 0.524255
vt 0.440310 0.537423
vt 0.479648 0.540161
vt 0.413648 0.522033
vt 0.802323 0.537763
vt 0.829013 0.522423
vt 0.800645 0.524592
vt 0.762980 0.540428
vt 0.569282 0.569964
vt 0.569970 0.555610
vt 0.547161 0.568423
vt 0.611168 0.556495
vt 0.672628 0.555706
vt 0.673292 0.570061
vt 0.695410 0.568563
vt 0.631432 0.556514
vt 0.631432 0.556514
vt 0.631418 0.571034
vt 0.673292 0.570061
vt 0.611168 0.556495
vt 0.611154 0.571015
vt 0.569282 0.569964
vt 0.421094 0.502451
vt 0.413648 0.522033
vt 0.442012 0.524255
vt 0.392739 0.488073
vt 0.821607 0.502827
vt 0.829013 0.522423
vt 0.849986 0.488503
vt 0.800645 0.524592
vt 0.508009 0.547448
vt 0.506816 0.561294
vt 0.547849 0.554408
vt 0.475418 0.554004
vt 0.734607 0.547661
vt 0.735775 0.561509
vt 0.767186 0.554279
vt 0.694751 0.554546
vt 0.569970 0.555610
vt 0.547849 0.554408
vt 0.547161 0.568423
vt 0.506816 0.561294
vt 0.695410 0.568563
vt 0.735775 0.561509
vt 0.694751 0.554546
vt 0.672628 0.555706
vt 0.508009 0.547448
vt 0.479648 0.540161
vt 0.475418 0.554004
vt 0.440310 0.537423
vt 0.767186 0.554279
vt 0.802323 0.537763
vt 0.762980 0.540428
vt 0.734607 0.547661
vt 0.421094 0.502451
vt 0.404094 0.446210
vt 0.392739 0.488073
vt 0.838713 0.446619
vt 0.821607 0.502827
vt 0.849986 0.488503
vt 0.821607 0.502827
vt 0.838713 0.446619
vt 0.830453 0.428880
vt 0.404094 0.446210
vt 0.421094 0.502451
vt 0.412381 0.428487
vt 0.830453 0.428880
vt 0.814447 0.391552
vt 0.808299 0.469723
vt 0.428460 0.391189
vt 0.412381 0.428487
vt 0.434464 0.469371
vt 0.468964 0.233859
vt 0.471177 0.215287
vt 0.469486 0.215961
vt 0.772061 0.215570
vt 0.774243 0.234146
vt 0.773750 0.216247
vt 0.814447 0.391552
vt 0.801144 0.353378
vt 0.794152 0.431887
vt 0.441835 0.353040
vt 0.428460 0.391189
vt 0.448683 0.431562
vt 0.808299 0.469723
vt 0.821607 0.502827
vt 0.830453 0.428880
vt 0.421094 0.502451
vt 0.434464 0.469371
vt 0.412381 0.428487
vt 0.814447 0.391552
vt 0.794152 0.431887
vt 0.808299 0.469723
vt 0.448683 0.431562
vt 0.428460 0.391189
vt 0.434464 0.469371
vt 0.773750 0.216247
vt 0.876557 -0.296958
vt 0.772061 0.215570
vt 0.367648 -0.297437
vt 0.469486 0.215961
vt 0.471177 0.215287
vt 0.762980 0.540428
vt 0.800645 0.524592
vt 0.788529 0.486251
vt 0.792391 0.324496
vt 0.765364 0.336460
vt 0.801144 0.353378
vt 0.782468 0.285653
vt 0.442012 0.524255
vt 0.479648 0.540161
vt 0.454203 0.485937
vt 0.450639 0.324175
vt 0.477647 0.336189
vt 0.460638 0.285350
vt 0.441835 0.353040
vt 0.801144 0.353378
vt 0.782029 0.393376
vt 0.794152 0.431887
vt 0.765364 0.336460
vt 0.460878 0.393074
vt 0.477647 0.336189
vt 0.441835 0.353040
vt 0.448683 0.431562
vt 0.752041 0.498037
vt 0.762980 0.540428
vt 0.788529 0.486251
vt 0.777415 0.447575
vt 0.479648 0.540161
vt 0.490666 0.497791
vt 0.454203 0.485937
vt 0.465384 0.447281
vt 0.694751 0.554546
vt 0.734607 0.547661
vt 0.727215 0.503754
vt 0.508009 0.547448
vt 0.547849 0.554408
vt 0.515478 0.503555
vt 0.460638 0.285350
vt 0.487643 0.297533
vt 0.467434 0.246522
vt 0.477647 0.336189
vt 0.755440 0.297785
vt 0.765364 0.336460
vt 0.782468 0.285653
vt 0.775748 0.246812
vt 0.471177 0.215287
vt 0.499542 0.215313
vt 0.499557 0.199104
vt 0.471177 0.215287
vt 0.499524 0.234393
vt 0.743696 0.215543
vt 0.772061 0.215570
vt 0.743711 0.199333
vt 0.772061 0.215570
vt 0.743678 0.234623
vt 0.471177 0.215287
vt 0.468964 0.233859
vt 0.499524 0.234393
vt 0.495450 0.258704
vt 0.467434 0.246522
vt 0.487643 0.297533
vt 0.747709 0.258941
vt 0.755440 0.297785
vt 0.775748 0.246812
vt 0.774243 0.234146
vt 0.743678 0.234623
vt 0.772061 0.215570
vt 0.689219 0.508782
vt 0.694751 0.554546
vt 0.727215 0.503754
vt 0.721006 0.464237
vt 0.721006 0.464237
vt 0.684700 0.469099
vt 0.716149 0.424720
vt 0.716149 0.424720
vt 0.680683 0.429586
vt 0.673160 0.348868
vt 0.547849 0.554408
vt 0.553470 0.508655
vt 0.515478 0.503555
vt 0.521767 0.464050
vt 0.558061 0.468980
vt 0.521767 0.464050
vt 0.526699 0.424542
vt 0.562149 0.429474
vt 0.526699 0.424542
vt 0.569827 0.348771
vt 0.777415 0.447575
vt 0.742455 0.459023
vt 0.752041 0.498037
vt 0.767998 0.408561
vt 0.767998 0.408561
vt 0.734387 0.419842
vt 0.720440 0.345366
vt 0.753709 0.341852
vt 0.720440 0.345366
vt 0.746484 0.302672
vt 0.713896 0.306188
vt 0.741458 0.263494
vt 0.720440 0.345366
vt 0.500328 0.458795
vt 0.465384 0.447281
vt 0.490666 0.497791
vt 0.474877 0.408285
vt 0.508467 0.419629
vt 0.474877 0.408285
vt 0.522554 0.345180
vt 0.522554 0.345180
vt 0.489291 0.341603
vt 0.496590 0.302437
vt 0.529171 0.306014
vt 0.501693 0.263268
vt 0.522554 0.345180
vt 0.499542 0.215313
vt 0.504608 0.215318
vt 0.504623 0.199108
vt 0.738633 0.215538
vt 0.743696 0.215543
vt 0.738648 0.199328
vt 0.471192 0.198908
vt 0.471177 0.215287
vt 0.499557 0.199104
vt 0.772061 0.215570
vt 0.772077 0.199191
vt 0.743711 0.199333
vt 0.504623 0.199108
vt 0.504608 0.215318
vt 0.537702 0.215349
vt 0.537684 0.234600
vt 0.504590 0.234228
vt 0.537684 0.234600
vt 0.504590 0.234228
vt 0.534274 0.267016
vt 0.501693 0.263268
vt 0.534274 0.267016
vt 0.529171 0.306014
vt 0.708867 0.267180
vt 0.713896 0.306188
vt 0.741458 0.263494
vt 0.738615 0.234448
vt 0.738633 0.215538
vt 0.705521 0.234757
vt 0.738615 0.234448
vt 0.708867 0.267180
vt 0.738648 0.199328
vt 0.705539 0.215507
vt 0.705521 0.234757
vt 0.707608 0.347379
vt 0.673160 0.348868
vt 0.716149 0.424720
vt 0.703931 0.308035
vt 0.669824 0.309524
vt 0.673160 0.348868
vt 0.701776 0.268860
vt 0.666987 0.270348
vt 0.700455 0.235090
vt 0.569827 0.348771
vt 0.535379 0.347217
vt 0.526699 0.424542
vt 0.539136 0.307880
vt 0.569827 0.348771
vt 0.573240 0.309433
vt 0.541365 0.268709
vt 0.576151 0.270263
vt 0.542749 0.234941
vt 0.904251 -0.296932
vt 0.900871 -0.296935
vt 0.828995 0.185401
vt 0.343330 -0.297459
vt 0.339954 -0.297463
vt 0.414299 0.185011
vt 0.499557 0.199104
vt 0.499542 0.215313
vt 0.504623 0.199108
vt 0.499567 0.188466
vt 0.471202 0.188272
vt 0.471192 0.198908
vt 0.738648 0.199328
vt 0.743711 0.199333
vt 0.743721 0.188695
vt 0.743696 0.215543
vt 0.772077 0.199191
vt 0.772087 0.188555
vt 0.624166 0.199221
vt 0.659792 0.199254
vt 0.659802 0.188617
vt 0.659777 0.215464
vt 0.624150 0.215431
vt 0.659777 0.215464
vt 0.624132 0.235187
vt 0.659759 0.235220
vt 0.625113 0.270983
vt 0.660403 0.270848
vt 0.626092 0.309989
vt 0.661210 0.309853
vt 0.627067 0.349330
vt 0.662522 0.349196
vt 0.665828 0.430415
vt 0.627067 0.349330
vt 0.628848 0.431055
vt 0.629820 0.470567
vt 0.667643 0.470098
vt 0.665828 0.430415
vt 0.630629 0.510417
vt 0.669970 0.509948
vt 0.631432 0.556514
vt 0.672628 0.555706
vt 0.504623 0.199108
vt 0.504633 0.188471
vt 0.499567 0.188466
vt 0.738658 0.188691
vt 0.738648 0.199328
vt 0.743721 0.188695
vt 0.900871 -0.296935
vt 0.822241 0.183874
vt 0.828995 0.185401
vt 0.421060 0.183496
vt 0.343330 -0.297459
vt 0.414299 0.185011
vt 0.499567 0.188466
vt 0.471202 0.188272
vt 0.499557 0.199104
vt 0.772087 0.188555
vt 0.743721 0.188695
vt 0.743711 0.199333
vt 0.578420 0.188540
vt 0.542793 0.188507
vt 0.578410 0.199178
vt 0.542783 0.199144
vt 0.578410 0.199178
vt 0.542768 0.215354
vt 0.542749 0.234941
vt 0.578376 0.234975
vt 0.576151 0.270263
vt 0.573240 0.309433
vt 0.541365 0.268709
vt 0.578395 0.215388
vt 0.542768 0.215354
vt 0.583457 0.215392
vt 0.583473 0.199183
vt 0.578395 0.215388
vt 0.583473 0.199183
vt 0.578420 0.188540
vt 0.700489 0.199293
vt 0.700498 0.188655
vt 0.664862 0.199259
vt 0.700473 0.215502
vt 0.664872 0.188621
vt 0.664862 0.199259
vt 0.700455 0.235090
vt 0.664828 0.235056
vt 0.666987 0.270348
vt 0.669824 0.309524
vt 0.701776 0.268860
vt 0.700473 0.215502
vt 0.664846 0.215469
vt 0.659777 0.215464
vt 0.659792 0.199254
vt 0.664846 0.215469
vt 0.659792 0.199254
vt 0.664872 0.188621
vt 0.583473 0.199183
vt 0.583457 0.215392
vt 0.619103 0.199216
vt 0.583483 0.188545
vt 0.619113 0.188578
vt 0.583483 0.188545
vt 0.624176 0.188583
vt 0.659802 0.188617
vt 0.619088 0.215426
vt 0.583457 0.215392
vt 0.619069 0.235182
vt 0.583439 0.235148
vt 0.618020 0.270977
vt 0.582731 0.270775
vt 0.616972 0.309980
vt 0.581851 0.309779
vt 0.615920 0.349320
vt 0.580465 0.349119
vt 0.577009 0.430332
vt 0.613988 0.431041
vt 0.615920 0.349320
vt 0.612939 0.470551
vt 0.575116 0.470011
vt 0.612055 0.510400
vt 0.572715 0.509857
vt 0.611168 0.556495
vt 0.569970 0.555610
vt 0.504623 0.199108
vt 0.537717 0.199140
vt 0.504633 0.188471
vt 0.537702 0.215349
vt 0.542768 0.215354
vt 0.542783 0.199144
vt 0.705554 0.199297
vt 0.738648 0.199328
vt 0.738658 0.188691
vt 0.705539 0.215507
vt 0.700473 0.215502
vt 0.700489 0.199293
vt 0.542783 0.199144
vt 0.542793 0.188507
vt 0.537727 0.188502
vt 0.700498 0.188655
vt 0.700489 0.199293
vt 0.705564 0.188660
vt 0.537717 0.199140
vt 0.542783 0.199144
vt 0.537727 0.188502
vt 0.537702 0.215349
vt 0.537727 0.188502
vt 0.504633 0.188471
vt 0.705564 0.188660
vt 0.705554 0.199297
vt 0.738658 0.188691
vt 0.705539 0.215507
vt 0.700489 0.199293
vt 0.705564 0.188660
vt 0.659802 0.188617
vt 0.659792 0.199254
vt 0.664872 0.188621
vt 0.583473 0.199183
vt 0.583483 0.188545
vt 0.578420 0.188540
vt 0.386537 0.443492
vt 0.387671 0.493977
vt 0.392739 0.488073
vt 0.413648 0.522033
vt 0.855043 0.494417
vt 0.849986 0.488503
vt 0.829013 0.522423
vt 0.856274 0.443934
vt 0.391098 0.438938
vt 0.386537 0.443492
vt 0.392739 0.488073
vt 0.856274 0.443934
vt 0.851719 0.439371
vt 0.849986 0.488503
vt 0.387671 0.493977
vt 0.410098 0.527433
vt 0.413648 0.522033
vt 0.440310 0.537423
vt 0.832556 0.527830
vt 0.855043 0.494417
vt 0.829013 0.522423
vt 0.802323 0.537763
vt 0.900871 -0.296935
vt 0.896817 -0.296939
vt 0.822241 0.183874
vt 0.347384 -0.297456
vt 0.343330 -0.297459
vt 0.421060 0.183496
vt 0.410098 0.527433
vt 0.438449 0.543668
vt 0.440310 0.537423
vt 0.475418 0.554004
vt 0.804172 0.544012
vt 0.832556 0.527830
vt 0.802323 0.537763
vt 0.767186 0.554279
vt 0.896817 -0.296939
vt 0.814475 0.182345
vt 0.822241 0.183874
vt 0.428825 0.181983
vt 0.347384 -0.297456
vt 0.421060 0.183496
vt 0.774320 0.151746
vt 0.774308 0.164580
vt 0.804697 0.168661
vt 0.820227 0.170532
vt 0.820239 0.157532
vt 0.832053 0.161933
vt 0.832237 0.149099
vt 0.827154 0.167500
vt 0.827166 0.154498
vt 0.827154 0.167500
vt 0.832260 0.124955
vt 0.891920 -0.296944
vt 0.876729 -0.296958
vt 0.804348 0.180481
vt 0.896817 -0.296939
vt 0.814475 0.182345
vt 0.352282 -0.297451
vt 0.347384 -0.297456
vt 0.428825 0.181983
vt 0.367476 -0.297437
vt 0.438956 0.180137
vt 0.568770 0.576210
vt 0.611148 0.577432
vt 0.611154 0.571015
vt 0.631418 0.571034
vt 0.631412 0.577451
vt 0.673793 0.576308
vt 0.876729 -0.296958
vt 0.774125 0.176398
vt 0.804348 0.180481
vt 0.469186 0.176111
vt 0.367476 -0.297437
vt 0.438956 0.180137
vt 0.891920 -0.296944
vt 0.804348 0.180481
vt 0.814475 0.182345
vt 0.438956 0.180137
vt 0.352282 -0.297451
vt 0.428825 0.181983
vt 0.469041 0.151459
vt 0.469029 0.164293
vt 0.499590 0.164322
vt 0.423108 0.157158
vt 0.423096 0.170159
vt 0.438633 0.168317
vt 0.469029 0.164293
vt 0.469041 0.151459
vt 0.411126 0.148703
vt 0.411282 0.161537
vt 0.416175 0.167113
vt 0.416187 0.154111
vt 0.411149 0.124559
vt 0.416175 0.167113
vt 0.473214 0.559912
vt 0.505626 0.567369
vt 0.506816 0.561294
vt 0.547161 0.568423
vt 0.505626 0.567369
vt 0.546315 0.574668
vt 0.547161 0.568423
vt 0.569282 0.569964
vt 0.736953 0.567587
vt 0.769376 0.560190
vt 0.735775 0.561509
vt 0.695410 0.568563
vt 0.696250 0.574808
vt 0.736953 0.567587
vt 0.695410 0.568563
vt 0.673292 0.570061
vt 0.438449 0.543668
vt 0.473214 0.559912
vt 0.475418 0.554004
vt 0.506816 0.561294
vt 0.769376 0.560190
vt 0.804172 0.544012
vt 0.767186 0.554279
vt 0.735775 0.561509
vt 0.499602 0.151488
vt 0.504656 0.164326
vt 0.469041 0.151459
vt 0.499602 0.151488
vt 0.499627 0.125147
vt 0.578455 0.151562
vt 0.578443 0.164396
vt 0.583505 0.164401
vt 0.583517 0.151567
vt 0.619135 0.164434
vt 0.542828 0.151529
vt 0.542816 0.164362
vt 0.578480 0.125221
vt 0.542853 0.125187
vt 0.583542 0.125225
vt 0.537787 0.125183
vt 0.619148 0.151601
vt 0.619172 0.125259
vt 0.624235 0.125264
vt 0.537762 0.151524
vt 0.350173 0.506776
vt 0.387671 0.493977
vt 0.347859 0.453250
vt 0.410098 0.527433
vt 0.855043 0.494417
vt 0.832556 0.527830
vt 0.892516 0.507285
vt 0.894931 0.453765
vt 0.705624 0.125340
vt 0.705599 0.151682
vt 0.738718 0.125371
vt 0.705587 0.164515
vt 0.700521 0.164511
vt 0.738693 0.151713
vt 0.743781 0.125376
vt 0.743756 0.151718
vt 0.738681 0.164546
vt 0.743744 0.164551
vt 0.774320 0.151746
vt 0.743756 0.151718
vt 0.743781 0.125376
vt 0.774308 0.164580
vt 0.774320 0.151746
vt 0.387671 0.493977
vt 0.386537 0.443492
vt 0.347859 0.453250
vt 0.856274 0.443934
vt 0.855043 0.494417
vt 0.894931 0.453765
vt 0.415963 0.571170
vt 0.438449 0.543668
vt 0.380020 0.548679
vt 0.473214 0.559912
vt 0.804172 0.544012
vt 0.769376 0.560190
vt 0.826605 0.571556
vt 0.862594 0.549132
vt 0.565527 0.607614
vt 0.568770 0.576210
vt 0.539359 0.605225
vt 0.611148 0.577432
vt 0.569282 0.569964
vt 0.611154 0.571015
vt 0.546315 0.574668
vt 0.673793 0.576308
vt 0.696250 0.574808
vt 0.673292 0.570061
vt 0.631418 0.571034
vt 0.676971 0.607719
vt 0.703142 0.605379
vt 0.631412 0.577451
vt 0.380020 0.548679
vt 0.410098 0.527433
vt 0.350173 0.506776
vt 0.438449 0.543668
vt 0.832556 0.527830
vt 0.804172 0.544012
vt 0.862594 0.549132
vt 0.892516 0.507285
vt 0.609769 0.609005
vt 0.611148 0.577432
vt 0.565527 0.607614
vt 0.632732 0.609026
vt 0.631412 0.577451
vt 0.611148 0.577432
vt 0.632732 0.609026
vt 0.676971 0.607719
vt 0.539359 0.605225
vt 0.546315 0.574668
vt 0.494286 0.597076
vt 0.568770 0.576210
vt 0.696250 0.574808
vt 0.673793 0.576308
vt 0.703142 0.605379
vt 0.748234 0.597315
vt 0.344077 0.343494
vt 0.344741 0.358352
vt 0.384760 0.357884
vt 0.898228 0.358872
vt 0.898916 0.344016
vt 0.858210 0.358329
vt 0.494286 0.597076
vt 0.505626 0.567369
vt 0.456303 0.587755
vt 0.546315 0.574668
vt 0.736953 0.567587
vt 0.696250 0.574808
vt 0.748234 0.597315
vt 0.786234 0.588065
vt 0.456303 0.587755
vt 0.473214 0.559912
vt 0.415963 0.571170
vt 0.505626 0.567369
vt 0.769376 0.560190
vt 0.736953 0.567587
vt 0.786234 0.588065
vt 0.826605 0.571556
vt 0.397388 0.396899
vt 0.404094 0.446210
vt 0.399243 0.397071
vt 0.838713 0.446619
vt 0.845512 0.397320
vt 0.843653 0.397488
vt 0.393754 0.308081
vt 0.393067 0.322264
vt 0.395090 0.322266
vt 0.395781 0.308253
vt 0.394616 0.291535
vt 0.396640 0.291536
vt 0.401287 0.199686
vt 0.846454 0.291959
vt 0.848481 0.291961
vt 0.841984 0.200100
vt 0.847285 0.308677
vt 0.849309 0.308509
vt 0.847946 0.322692
vt 0.849970 0.322694
vt 0.537750 0.164357
vt 0.504668 0.151493
vt 0.504693 0.125151
vt 0.499627 0.125147
vt 0.624210 0.151605
vt 0.659862 0.125297
vt 0.624198 0.164439
vt 0.659837 0.151639
vt 0.664931 0.125302
vt 0.659825 0.164472
vt 0.664906 0.151644
vt 0.700558 0.125336
vt 0.664894 0.164477
vt 0.700533 0.151677
vt 0.399429 0.198841
vt 0.394616 0.291535
vt 0.401287 0.199686
vt 0.848481 0.291961
vt 0.843840 0.199259
vt 0.841984 0.200100
vt 0.385954 0.343533
vt 0.344077 0.343494
vt 0.384760 0.357884
vt 0.343084 0.326438
vt 0.387491 0.326480
vt 0.399429 0.199349
vt 0.336789 0.199290
vt 0.898916 0.344016
vt 0.857043 0.343976
vt 0.858210 0.358329
vt 0.899948 0.326962
vt 0.855538 0.326920
vt 0.843839 0.199766
vt 0.906482 0.199825
vt 0.438645 0.154807
vt 0.469041 0.151459
vt 0.469064 0.126809
vt 0.469041 0.151459
vt 0.438633 0.168317
vt 0.804709 0.155151
vt 0.774320 0.151746
vt 0.804697 0.168661
vt 0.774320 0.151746
vt 0.774343 0.127096
vt 0.423087 0.179952
vt 0.399429 0.199349
vt 0.438624 0.178110
vt 0.416165 0.176908
vt 0.411273 0.171328
vt 0.409088 0.164066
vt 0.336789 0.199290
vt 0.367817 -0.297436
vt 0.336789 0.199290
vt 0.337256 -0.297465
vt 0.843839 0.199766
vt 0.820217 0.180325
vt 0.804687 0.178454
vt 0.827145 0.177294
vt 0.832044 0.171724
vt 0.834246 0.164466
vt 0.906482 0.199825
vt 0.906949 -0.296930
vt 0.876388 -0.296958
vt 0.906482 0.199825
vt 0.423108 0.157158
vt 0.438645 0.154807
vt 0.423131 0.133183
vt 0.438633 0.168317
vt 0.438668 0.131339
vt 0.469064 0.126809
vt 0.820239 0.157532
vt 0.804709 0.155151
vt 0.804697 0.168661
vt 0.820261 0.133556
vt 0.804731 0.131683
vt 0.774343 0.127096
vt 0.705578 0.174308
vt 0.700512 0.174303
vt 0.700510 0.176329
vt 0.705576 0.176334
vt 0.624187 0.176257
vt 0.624189 0.174232
vt 0.619126 0.174227
vt 0.619124 0.176252
vt 0.578433 0.174189
vt 0.578432 0.176214
vt 0.583494 0.176219
vt 0.583496 0.174193
vt 0.537741 0.174150
vt 0.537739 0.176176
vt 0.542805 0.176181
vt 0.542807 0.174155
vt 0.743735 0.174344
vt 0.738672 0.174339
vt 0.738670 0.176365
vt 0.743733 0.176370
vt 0.499581 0.174115
vt 0.499579 0.176140
vt 0.504645 0.176145
vt 0.504647 0.174119
vt 0.664885 0.174270
vt 0.659816 0.174265
vt 0.659814 0.176291
vt 0.664883 0.176295
vt 0.438645 0.154807
vt 0.438668 0.131339
vt 0.423131 0.133183
vt 0.804731 0.131683
vt 0.804709 0.155151
vt 0.820261 0.133556
vt 0.416187 0.154111
vt 0.423108 0.157158
vt 0.416209 0.130136
vt 0.423096 0.170159
vt 0.416175 0.167113
vt 0.827166 0.154498
vt 0.820239 0.157532
vt 0.820227 0.170532
vt 0.827189 0.130522
vt 0.827154 0.167500
vt 0.469064 0.126809
vt 0.469041 0.151459
vt 0.499627 0.125147
vt 0.774320 0.151746
vt 0.774343 0.127096
vt 0.743781 0.125376
vt 0.423108 0.157158
vt 0.423131 0.133183
vt 0.416209 0.130136
vt 0.820261 0.133556
vt 0.820239 0.157532
vt 0.827189 0.130522
vt 0.416187 0.154111
vt 0.416209 0.130136
vt 0.411149 0.124559
vt 0.827189 0.130522
vt 0.827166 0.154498
vt 0.832260 0.124955
vt 0.271328 -0.039189
vt 0.229490 -0.080594
vt 0.228308 -0.078908
vt 0.433080 0.324498
vt 0.434265 0.322978
vt 0.419418 0.312157
vt 0.450298 0.330929
vt 0.451311 0.329579
vt 0.578423 0.364820
vt 0.434265 0.322978
vt 0.270483 -0.037331
vt 0.271328 -0.039189
vt 0.228308 -0.078908
vt 0.324817 0.000205
vt 0.406768 0.299481
vt 0.407950 0.297965
vt 0.400532 0.281073
vt 0.418232 0.313676
vt 0.433080 0.324498
vt 0.419418 0.312157
vt 0.407950 0.297965
vt 0.628001 0.431899
vt 0.652813 0.440196
vt 0.660075 0.440203
vt 0.635094 0.431906
vt 0.628001 0.431899
vt 0.660075 0.440203
vt 0.400532 0.281073
vt 0.364419 0.084666
vt 0.399350 0.282589
vt 0.406768 0.299481
vt 0.362560 0.084664
vt 0.364419 0.084666
vt 0.357181 0.055617
vt 0.399350 0.282589
vt 0.355326 0.055615
vt 0.357181 0.055617
vt 0.343701 0.028927
vt 0.362560 0.084664
vt 0.343701 0.028927
vt 0.324817 0.000205
vt 0.341674 0.029092
vt 0.355326 0.055615
vt 0.577743 0.367352
vt 1.075131 0.413578
vt 1.075133 0.411045
vt 0.578423 0.364820
vt 0.450298 0.330929
vt 0.577743 0.367352
vt 0.578423 0.364820
vt 0.323463 0.001553
vt 0.324817 0.000205
vt 0.270483 -0.037331
vt 0.341674 0.029092
vt 1.075101 0.445492
vt 0.635094 0.431906
vt 0.660075 0.440203
vt 0.628001 0.431899
vt 0.635094 0.431906
vt 0.614500 0.420911
vt 0.635094 0.431906
vt 0.621765 0.420918
vt 0.614500 0.420911
vt 0.331947 -0.042171
vt 0.290068 -0.040014
vt 0.339176 -0.008223
vt 0.403982 0.027464
vt 0.381227 -0.016965
vt 0.339176 -0.008223
vt 0.331947 -0.042171
vt 0.635094 0.431906
vt 1.075101 0.445492
vt 0.621765 0.420918
vt 0.454525 0.326375
vt 0.578428 0.359755
vt 0.578981 0.308930
vt 0.578423 0.364820
vt 0.451311 0.329579
vt 0.403982 0.027464
vt 0.362107 0.028607
vt 0.374743 0.055634
vt 0.339176 -0.008223
vt 0.415268 0.055335
vt 0.374743 0.055634
vt 0.380628 0.084849
vt 0.403982 0.027464
vt 0.421152 0.084888
vt 0.380628 0.084849
vt 0.405605 0.277533
vt 0.415268 0.055335
vt 0.440241 0.248689
vt 0.405605 0.277533
vt 0.412173 0.294423
vt 0.421152 0.084888
vt 0.469754 0.289581
vt 0.437644 0.319773
vt 0.454525 0.326375
vt 0.455581 0.279435
vt 0.455581 0.279435
vt 0.423131 0.308953
vt 0.437644 0.319773
vt 0.445463 0.265241
vt 0.445463 0.265241
vt 0.412173 0.294423
vt 0.423131 0.308953
vt 0.440241 0.248689
vt 0.621765 0.420918
vt 1.075106 0.439917
vt 0.611655 0.397608
vt 0.486300 0.294997
vt 0.469754 0.289581
vt 0.454525 0.326375
vt 0.578981 0.308930
vt 1.075540 -0.021715
vt 0.591547 0.051785
vt 0.590531 0.059553
vt 1.075536 -0.017833
vt 1.075540 -0.021715
vt 0.590531 0.059553
vt 0.604396 0.397601
vt 0.614500 0.420911
vt 0.611655 0.397608
vt 0.614500 0.420911
vt 0.621765 0.420918
vt 0.611655 0.397608
vt 0.611855 0.367384
vt 0.611655 0.397608
vt 1.075117 0.428267
vt 1.075540 -0.021715
vt 1.075543 -0.025092
vt 0.591547 0.051785
vt 1.075096 0.450387
vt 1.075101 0.445492
vt 0.660075 0.440203
vt 1.075106 0.439917
vt 0.621765 0.420918
vt 1.075117 0.428267
vt 0.611655 0.397608
vt 1.075131 0.413578
vt 0.611855 0.367384
vt 1.075543 -0.025092
vt 0.593075 0.045201
vt 0.591547 0.051785
vt 0.591710 0.061580
vt 0.590531 0.059553
vt 0.586778 0.098722
vt 1.075534 -0.015300
vt 1.075536 -0.017833
vt 0.590531 0.059553
vt 0.604396 0.397601
vt 0.611655 0.397608
vt 0.604590 0.367377
vt 0.598653 0.397595
vt 0.608931 0.420736
vt 0.611655 0.397608
vt 0.611855 0.367384
vt 0.604590 0.367377
vt 0.608931 0.420736
vt 0.614500 0.420911
vt 0.604396 0.397601
vt 0.591710 0.061580
vt 1.075534 -0.015300
vt 0.590531 0.059553
vt 1.075566 -0.049914
vt 1.075571 -0.055147
vt 0.562233 -0.014936
vt 1.075562 -0.044848
vt 0.588387 0.005517
vt 1.075556 -0.038433
vt 0.595124 0.018526
vt 1.075546 -0.027962
vt 0.602028 0.039300
vt 0.362107 0.028607
vt 0.339176 -0.008223
vt 0.334616 -0.007723
vt 1.075556 -0.038433
vt 0.595124 0.018526
vt 0.602028 0.039300
vt 1.075562 -0.044848
vt 0.588387 0.005517
vt 0.595124 0.018526
vt 0.603805 0.308953
vt 0.604353 0.261002
vt 0.601775 0.308951
vt 0.603757 0.359779
vt 0.604678 0.098231
vt 0.604063 0.034574
vt 0.602651 0.098229
vt 0.602781 0.138924
vt 0.604805 0.138925
vt 0.602908 0.179613
vt 0.604939 0.179615
vt 0.602705 0.220306
vt 0.604728 0.220308
vt 0.602329 0.261000
vt 0.604353 0.261002
vt 0.601775 0.308951
vt 0.601727 0.359777
vt 0.603757 0.359779
vt 0.604063 0.034574
vt 0.602033 0.034911
vt 0.602651 0.098229
vt 1.075566 -0.049914
vt 0.577758 -0.004454
vt 0.588387 0.005517
vt 0.544336 -0.017486
vt 0.543997 -0.015461
vt 0.562233 -0.014936
vt 0.544336 -0.017486
vt 0.531674 -0.020876
vt 0.531338 -0.018849
vt 0.492848 -0.029861
vt 0.492848 -0.029861
vt 0.492340 -0.027836
vt 0.454019 -0.035808
vt 0.598653 0.397595
vt 0.604396 0.397601
vt 0.598850 0.367372
vt 0.604396 0.397601
vt 0.604590 0.367377
vt 0.598850 0.367372
vt 0.543663 -0.022892
vt 0.544006 -0.024748
vt 0.514973 -0.032543
vt 0.562916 -0.023885
vt 0.577758 -0.004454
vt 1.075566 -0.049914
vt 0.562233 -0.014936
vt 0.514973 -0.032543
vt 0.475807 -0.042204
vt 0.514462 -0.030515
vt 0.543663 -0.022892
vt 0.475807 -0.042204
vt 0.475468 -0.040346
vt 0.514462 -0.030515
vt 0.562068 -0.022028
vt 0.562916 -0.023885
vt 0.543663 -0.022892
vt 0.475807 -0.042204
vt 0.436643 -0.050346
vt 0.475468 -0.040346
vt 0.606454 0.364846
vt 0.600882 0.364841
vt 0.600852 0.397429
vt 0.606423 0.397434
vt 0.610622 0.419557
vt 0.616194 0.419562
vt 0.613709 0.364853
vt 0.606423 0.397434
vt 0.613679 0.397441
vt 0.616194 0.419562
vt 0.623287 0.419569
vt 0.636107 0.430219
vt 0.629014 0.430212
vt 0.636107 0.430219
vt 0.660414 0.438346
vt 0.653153 0.438339
vt 0.603805 0.308953
vt 0.604353 0.261002
vt 0.601775 0.308951
vt 0.603757 0.359779
vt 0.604678 0.098231
vt 0.604067 0.030690
vt 0.602651 0.098229
vt 0.602781 0.138924
vt 0.604805 0.138925
vt 0.602908 0.179613
vt 0.604939 0.179615
vt 0.602705 0.220306
vt 0.604728 0.220308
vt 0.602329 0.261000
vt 0.604353 0.261002
vt 0.601775 0.308951
vt 0.601727 0.359777
vt 0.603757 0.359779
vt 0.454019 -0.035808
vt 0.453512 -0.033952
vt 0.492340 -0.027836
vt 0.424812 -0.037355
vt 0.604067 0.030690
vt 0.602036 0.031196
vt 0.602651 0.098229
vt 0.369787 -0.061215
vt 0.369958 -0.063072
vt 0.330958 -0.069862
vt 0.436643 -0.050346
vt 0.436304 -0.048488
vt 0.475468 -0.040346
vt 0.369787 -0.061215
vt 0.562919 -0.027602
vt 0.543338 -0.028801
vt 0.542995 -0.026774
vt 0.509572 -0.038457
vt 0.562071 -0.025912
vt 0.562919 -0.027602
vt 0.542995 -0.026774
vt 0.509572 -0.038457
vt 0.509233 -0.036431
vt 0.542995 -0.026774
vt 0.470410 -0.048962
vt 0.470071 -0.046938
vt 0.431078 -0.058286
vt 0.430567 -0.056261
vt 0.353420 -0.073386
vt 0.353759 -0.075244
vt 0.353420 -0.073386
vt 0.314258 -0.083386
vt 0.313919 -0.081530
vt 0.314258 -0.083386
vt 0.274752 -0.090515
vt 0.274416 -0.088489
vt 0.454019 -0.035808
vt 0.425148 -0.039211
vt 0.424812 -0.037355
vt 0.386994 -0.042288
vt 0.330790 -0.068006
vt 0.330958 -0.069862
vt 0.292297 -0.075302
vt 0.369787 -0.061215
vt 0.604678 0.098231
vt 0.604068 0.029339
vt 0.602651 0.098229
vt 0.602781 0.138924
vt 0.604805 0.138925
vt 0.602908 0.179613
vt 0.604939 0.179615
vt 0.602705 0.220306
vt 0.604728 0.220308
vt 0.602329 0.261000
vt 0.604353 0.261002
vt 0.601775 0.308951
vt 0.601727 0.359777
vt 0.603757 0.359779
vt 0.603805 0.308953
vt 0.604353 0.261002
vt 0.601775 0.308951
vt 0.603757 0.359779
vt 0.562921 -0.029120
vt 0.543167 -0.030152
vt 0.542825 -0.028296
vt 0.507550 -0.040992
vt 0.604068 0.029339
vt 0.602037 0.029676
vt 0.602651 0.098229
vt 0.507211 -0.038967
vt 0.542825 -0.028296
vt 0.507550 -0.040992
vt 0.468558 -0.052172
vt 0.468558 -0.052172
vt 0.468047 -0.050148
vt 0.507211 -0.038967
vt 0.562073 -0.027264
vt 0.562921 -0.029120
vt 0.542825 -0.028296
vt 0.292133 -0.073275
vt 0.330790 -0.068006
vt 0.292297 -0.075302
vt 0.468558 -0.052172
vt 0.429224 -0.062173
vt 0.468047 -0.050148
vt 0.429224 -0.062173
vt 0.428713 -0.060146
vt 0.468047 -0.050148
vt 0.347689 -0.079808
vt 0.275745 -0.067044
vt 0.275403 -0.065355
vt 0.308837 -0.064649
vt 0.429224 -0.062173
vt 0.348022 -0.081665
vt 0.347689 -0.079808
vt 0.308356 -0.090820
vt 0.274752 -0.090515
vt 0.230858 -0.097647
vt 0.274416 -0.088489
vt 0.292297 -0.075302
vt 0.253976 -0.079896
vt 0.292133 -0.073275
vt 0.308182 -0.088793
vt 0.347689 -0.079808
vt 0.308356 -0.090820
vt 0.268514 -0.098794
vt 0.230858 -0.097647
vt 0.230688 -0.095622
vt 0.274416 -0.088489
vt 0.386483 -0.040598
vt 0.424812 -0.037355
vt 0.386994 -0.042288
vt 0.268343 -0.096767
vt 0.308182 -0.088793
vt 0.268514 -0.098794
vt 0.222763 -0.107281
vt 0.253976 -0.079896
vt 0.254139 -0.078039
vt 0.292133 -0.073275
vt 0.222763 -0.107281
vt 0.222592 -0.105255
vt 0.268343 -0.096767
vt 0.275403 -0.065355
vt 0.308329 -0.062961
vt 0.308837 -0.064649
vt 0.346653 -0.061067
vt 0.604678 0.098231
vt 0.604068 0.029339
vt 0.602037 0.029676
vt 0.386483 -0.040598
vt 0.386994 -0.042288
vt 0.349678 -0.042660
vt 0.602651 0.098229
vt 0.604678 0.098231
vt 0.602037 0.029676
vt 0.604805 0.138925
vt 0.602781 0.138924
vt 0.604939 0.179615
vt 0.602908 0.179613
vt 0.604728 0.220308
vt 0.221921 -0.109138
vt 0.221751 -0.107111
vt 0.268009 -0.100314
vt 0.221751 -0.107111
vt 0.267667 -0.098287
vt 0.268009 -0.100314
vt 0.307848 -0.092005
vt 0.307512 -0.089978
vt 0.307848 -0.092005
vt 0.267667 -0.098287
vt 0.347351 -0.082847
vt 0.347012 -0.080821
vt 0.347351 -0.082847
vt 0.307512 -0.089978
vt 0.428545 -0.060823
vt 0.429056 -0.062847
vt 0.347351 -0.082847
vt 0.428545 -0.060823
vt 0.468386 -0.052510
vt 0.428545 -0.060823
vt 0.467882 -0.050485
vt 0.468386 -0.052510
vt 0.507382 -0.041159
vt 0.467882 -0.050485
vt 0.507040 -0.039134
vt 0.507382 -0.041159
vt 0.543167 -0.030322
vt 0.602908 0.179613
vt 0.602705 0.220306
vt 0.604728 0.220308
vt 0.604353 0.261002
vt 0.602705 0.220306
vt 0.602329 0.261000
vt 0.604353 0.261002
vt 0.603805 0.308953
vt 0.603757 0.359779
vt 0.601727 0.359777
vt 0.601775 0.308951
vt 0.603805 0.308953
vt 0.602329 0.261000
vt 0.601727 0.359777
vt 0.542825 -0.028296
vt 0.543167 -0.030322
vt 0.507040 -0.039134
vt 0.562073 -0.027264
vt 0.562921 -0.029120
vt 0.543167 -0.030322
vt 0.562073 -0.027264
vt 0.223940 -0.104408
vt 0.223939 -0.102382
vt 0.269695 -0.096260
vt 0.223939 -0.102382
vt 0.269356 -0.094235
vt 0.269695 -0.096260
vt 0.309365 -0.088625
vt 0.346317 -0.059379
vt 0.346653 -0.061067
vt 0.308329 -0.062961
vt 0.385148 -0.055796
vt 0.405605 0.277533
vt 0.402222 0.280735
vt 0.408962 0.297628
vt 0.412173 0.294423
vt 0.405605 0.277533
vt 0.419924 0.311991
vt 0.423131 0.308953
vt 0.434265 0.322978
vt 0.412173 0.294423
vt 0.437644 0.319773
vt 0.434265 0.322978
vt 0.451311 0.329579
vt 0.454525 0.326375
vt 0.451311 0.329579
vt 0.578428 0.359755
vt 0.309026 -0.086599
vt 0.309365 -0.088625
vt 0.269356 -0.094235
vt 0.348870 -0.079977
vt 0.238110 -0.090043
vt 0.237942 -0.088016
vt 0.280487 -0.084093
vt 0.348530 -0.077951
vt 0.348870 -0.079977
vt 0.309026 -0.086599
vt 0.429221 -0.059132
vt 0.237942 -0.088016
vt 0.280147 -0.082067
vt 0.280487 -0.084093
vt 0.319487 -0.077809
vt 0.349167 -0.041308
vt 0.386483 -0.040598
vt 0.349678 -0.042660
vt 0.429563 -0.061159
vt 0.348870 -0.079977
vt 0.429221 -0.059132
vt 0.468894 -0.051329
vt 0.468555 -0.049471
vt 0.468894 -0.051329
vt 0.429221 -0.059132
vt 0.508056 -0.040484
vt 0.507548 -0.038459
vt 0.508056 -0.040484
vt 0.468555 -0.049471
vt 0.543339 -0.030152
vt 0.319145 -0.075951
vt 0.319487 -0.077809
vt 0.280147 -0.082067
vt 0.358652 -0.070513
vt 0.507548 -0.038459
vt 0.542997 -0.028125
vt 0.543339 -0.030152
vt 0.562072 -0.026927
vt 0.562921 -0.028783
vt 0.543339 -0.030152
vt 0.562072 -0.026927
vt 0.384809 -0.053939
vt 0.385148 -0.055796
vt 0.346317 -0.059379
vt 0.441535 -0.044768
vt 0.349678 -0.042660
vt 0.331947 -0.042171
vt 0.349167 -0.041308
vt 0.604678 0.098231
vt 0.604068 0.029509
vt 0.602037 0.030013
vt 0.602651 0.098229
vt 0.604678 0.098231
vt 0.602037 0.030013
vt 0.604805 0.138925
vt 0.602781 0.138924
vt 0.604939 0.179615
vt 0.602908 0.179613
vt 0.604728 0.220308
vt 0.602705 0.220306
vt 0.604353 0.261002
vt 0.602329 0.261000
vt 0.603805 0.308953
vt 0.603757 0.359779
vt 0.601727 0.359777
vt 0.601775 0.308951
vt 0.603805 0.308953
vt 0.602329 0.261000
vt 0.601727 0.359777
vt 0.411666 0.295097
vt 0.407777 0.299146
vt 0.422628 0.309629
vt 0.401040 0.282254
vt 0.358316 -0.068655
vt 0.358652 -0.070513
vt 0.319145 -0.075951
vt 0.432592 -0.053557
vt 0.405095 0.278207
vt 0.401040 0.282254
vt 0.411666 0.295097
vt 0.433251 0.324498
vt 0.450130 0.330929
vt 0.454019 0.326880
vt 0.577743 0.367352
vt 0.437140 0.320449
vt 0.433251 0.324498
vt 0.418742 0.313507
vt 0.422628 0.309629
vt 0.418742 0.313507
vt 0.407777 0.299146
vt 1.075570 -0.053460
vt 1.075571 -0.055147
vt 0.562909 -0.015951
vt 0.433103 -0.055584
vt 0.358652 -0.070513
vt 0.432592 -0.053557
vt 0.472263 -0.046936
vt 0.442039 -0.046626
vt 0.385148 -0.055796
vt 0.441535 -0.044768
vt 0.480702 -0.039498
vt 0.432592 -0.053557
vt 0.471759 -0.044909
vt 0.472263 -0.046936
vt 0.511260 -0.036936
vt 0.471759 -0.044909
vt 0.510921 -0.035080
vt 0.511260 -0.036936
vt 0.543668 -0.028125
vt 0.562919 -0.026926
vt 0.543668 -0.028125
vt 0.562071 -0.025068
vt 0.543335 -0.026268
vt 0.543668 -0.028125
vt 0.510921 -0.035080
vt 0.562071 -0.025068
vt 0.441535 -0.044768
vt 0.480191 -0.037473
vt 0.480702 -0.039498
vt 0.519528 -0.030345
vt 0.480191 -0.037473
vt 0.519020 -0.028318
vt 0.519528 -0.030345
vt 0.543836 -0.023903
vt 0.604678 0.098231
vt 0.604066 0.031366
vt 0.602035 0.031870
vt 0.602651 0.098229
vt 0.604678 0.098231
vt 0.602035 0.031870
vt 0.604805 0.138925
vt 0.602781 0.138924
vt 0.604939 0.179615
vt 0.602908 0.179613
vt 0.604728 0.220308
vt 0.602705 0.220306
vt 0.604353 0.261002
vt 0.602329 0.261000
vt 0.603805 0.308953
vt 0.603757 0.359779
vt 0.601727 0.359777
vt 0.601775 0.308951
vt 0.603805 0.308953
vt 0.602329 0.261000
vt 0.601727 0.359777
vt 0.543494 -0.021878
vt 0.543836 -0.023903
vt 0.519020 -0.028318
vt 0.562066 -0.020679
vt 0.562915 -0.022535
vt 0.543836 -0.023903
vt 0.562066 -0.020679
vt 1.075570 -0.053460
vt 0.562909 -0.015951
vt 0.579275 -0.003778
vt 0.589904 0.006364
vt 1.075560 -0.042991
vt 0.579275 -0.003778
vt 0.331947 -0.042171
vt 0.331611 -0.040820
vt 0.381058 -0.016459
vt 0.604678 0.098231
vt 0.604062 0.035926
vt 0.602031 0.036430
vt 0.588130 0.098723
vt 0.591710 0.061580
vt 0.586778 0.098722
vt 0.583529 0.139243
vt 0.596816 0.019204
vt 1.075554 -0.036574
vt 0.589904 0.006364
vt 0.602651 0.098229
vt 0.604678 0.098231
vt 0.602031 0.036430
vt 0.604805 0.138925
vt 0.602781 0.138924
vt 0.604939 0.179615
vt 0.602908 0.179613
vt 0.604728 0.220308
vt 0.602705 0.220306
vt 0.604353 0.261002
vt 0.602329 0.261000
vt 0.603805 0.308953
vt 0.603757 0.359779
vt 0.601727 0.359777
vt 0.601775 0.308951
vt 0.603805 0.308953
vt 0.602329 0.261000
vt 0.601727 0.359777
vt 0.604057 0.041328
vt 1.075543 -0.025429
vt 0.596816 0.019204
vt 0.338498 -0.007549
vt 0.333262 -0.006372
vt 0.361092 0.028606
vt 1.075565 -0.048055
vt 1.075570 -0.053460
vt 0.579275 -0.003778
vt 1.075560 -0.042991
vt 1.075554 -0.036574
vt 0.589904 0.006364
vt 1.075543 -0.025429
vt 0.596816 0.019204
vt 0.592898 0.053813
vt 1.075538 -0.019351
vt 0.594253 0.047228
vt 1.075538 -0.019351
vt 1.075541 -0.022562
vt 0.594253 0.047228
vt 1.075117 0.428098
vt 1.075133 0.411045
vt 0.613709 0.364853
vt 1.075107 0.439242
vt 0.613679 0.397441
vt 1.075102 0.444475
vt 0.623287 0.419569
vt 0.613679 0.397441
vt 1.075117 0.428098
vt 0.613709 0.364853
vt 1.075098 0.448698
vt 1.075102 0.444475
vt 0.660414 0.438346
vt 0.577743 0.367352
vt 0.577750 0.359755
vt 0.454019 0.326880
vt 1.075538 -0.019351
vt 0.592898 0.053813
vt 0.591710 0.061580
vt 1.075534 -0.015300
vt 1.075538 -0.019351
vt 0.591710 0.061580
vt 0.469586 0.289748
vt 0.437140 0.320449
vt 0.486300 0.294997
vt 0.422628 0.309629
vt 0.455581 0.279605
vt 0.422628 0.309629
vt 0.469586 0.289748
vt 0.411666 0.295097
vt 0.623287 0.419569
vt 1.075107 0.439242
vt 0.613679 0.397441
vt 0.578138 0.308929
vt 0.486300 0.294997
vt 0.454019 0.326880
vt 0.437140 0.320449
vt 0.445294 0.265411
vt 0.411666 0.295097
vt 0.455581 0.279605
vt 0.405095 0.278207
vt 0.440075 0.248859
vt 0.405095 0.278207
vt 0.445294 0.265411
vt 0.420980 0.084887
vt 0.420980 0.084887
vt 0.379782 0.084849
vt 0.405095 0.278207
vt 0.373903 0.055633
vt 0.415099 0.055334
vt 0.373903 0.055633
vt 0.420980 0.084887
vt 0.361092 0.028606
vt 0.338498 -0.007549
vt 0.361092 0.028606
vt 0.403810 0.027464
vt 0.415099 0.055334
vt 0.577750 0.359755
vt 0.578138 0.308929
vt 0.454019 0.326880
vt 0.636107 0.430219
vt 1.075102 0.444475
vt 0.623287 0.419569
vt 0.381058 -0.016459
vt 0.338498 -0.007549
vt 0.403810 0.027464
vt 0.331611 -0.040820
vt 0.331611 -0.040820
vt 0.289564 -0.038495
vt 0.338498 -0.007549
vt 1.075102 0.444475
vt 0.636107 0.430219
vt 0.660414 0.438346
vt 0.774410 -0.127193
vt 0.774580 -0.125166
vt 0.804975 -0.127164
vt 0.774580 -0.125166
vt 0.804973 -0.125137
vt 0.438909 -0.125481
vt 0.469301 -0.125453
vt 0.438911 -0.127508
vt 0.469301 -0.125453
vt 0.469472 -0.127480
vt 0.804973 -0.125137
vt 0.820505 -0.125122
vt 0.804975 -0.127164
vt 0.423374 -0.125496
vt 0.438909 -0.125481
vt 0.438911 -0.127508
vt 0.820505 -0.125122
vt 0.827429 -0.125116
vt 0.823043 -0.127147
vt 0.416450 -0.125502
vt 0.423374 -0.125496
vt 0.420840 -0.127525
vt 0.744018 -0.127221
vt 0.744016 -0.125194
vt 0.774410 -0.127193
vt 0.774580 -0.125166
vt 0.774410 -0.127193
vt 0.469301 -0.125453
vt 0.499862 -0.125424
vt 0.469472 -0.127480
vt 0.499864 -0.127451
vt 0.469472 -0.127480
vt 0.827429 -0.125116
vt 0.829964 -0.126970
vt 0.823043 -0.127147
vt 0.413922 -0.127362
vt 0.416450 -0.125502
vt 0.420840 -0.127525
vt 0.738955 -0.127226
vt 0.738953 -0.125199
vt 0.744018 -0.127221
vt 0.744016 -0.125194
vt 0.705860 -0.125230
vt 0.705861 -0.127257
vt 0.700794 -0.125235
vt 0.700796 -0.127262
vt 0.665167 -0.125269
vt 0.665169 -0.127296
vt 0.660098 -0.125273
vt 0.660100 -0.127300
vt 0.624471 -0.125307
vt 0.624473 -0.127334
vt 0.619410 -0.127339
vt 0.619408 -0.125312
vt 0.583780 -0.127372
vt 0.583778 -0.125345
vt 0.578717 -0.127377
vt 0.578715 -0.125350
vt 0.543090 -0.127410
vt 0.543088 -0.125383
vt 0.538024 -0.127415
vt 0.538022 -0.125388
vt 0.504930 -0.127446
vt 0.504928 -0.125419
vt 0.499864 -0.127451
vt 0.499862 -0.125424
vt 0.820505 -0.125122
vt 0.823043 -0.127147
vt 0.804975 -0.127164
vt 0.420840 -0.127525
vt 0.423374 -0.125496
vt 0.438911 -0.127508
vt 0.471103 0.293632
vt 0.471091 0.306465
vt 0.499449 0.314089
vt 0.771976 0.306748
vt 0.771988 0.293915
vt 0.743603 0.314319
vt 0.504514 0.315615
vt 0.504526 0.302615
vt 0.499461 0.301089
vt 0.499449 0.314089
vt 0.738539 0.315835
vt 0.743603 0.314319
vt 0.743615 0.301318
vt 0.738551 0.302835
vt 0.499461 0.301089
vt 0.471103 0.293632
vt 0.499449 0.314089
vt 0.771988 0.293915
vt 0.743615 0.301318
vt 0.743603 0.314319
vt 0.542670 0.319366
vt 0.542682 0.306364
vt 0.537617 0.305683
vt 0.537605 0.318685
vt 0.700388 0.306512
vt 0.700375 0.319514
vt 0.705454 0.305841
vt 0.705442 0.318843
vt 0.537617 0.305683
vt 0.542682 0.306364
vt 0.537640 0.281539
vt 0.542705 0.282220
vt 0.537605 0.318685
vt 0.504526 0.302615
vt 0.504514 0.315615
vt 0.700388 0.306512
vt 0.705454 0.305841
vt 0.705477 0.281697
vt 0.700410 0.282368
vt 0.705442 0.318843
vt 0.738551 0.302835
vt 0.738539 0.315835
vt 0.499461 0.301089
vt 0.499484 0.276943
vt 0.471124 0.271515
vt 0.471103 0.293632
vt 0.499461 0.301089
vt 0.504526 0.302615
vt 0.504549 0.278300
vt 0.499484 0.276943
vt 0.743615 0.301318
vt 0.771988 0.293915
vt 0.772008 0.271797
vt 0.743638 0.277172
vt 0.743615 0.301318
vt 0.743638 0.277172
vt 0.738574 0.278520
vt 0.738551 0.302835
vt 0.537617 0.305683
vt 0.537640 0.281539
vt 0.504526 0.302615
vt 0.504549 0.278300
vt 0.705477 0.281697
vt 0.705454 0.305841
vt 0.738551 0.302835
vt 0.738574 0.278520
vt 0.468982 0.214610
vt 0.471124 0.271515
vt 0.499484 0.276943
vt 0.499543 0.214639
vt 0.469020 0.173916
vt 0.499581 0.173944
vt 0.469058 0.133226
vt 0.499619 0.133255
vt 0.469096 0.092533
vt 0.438666 0.133197
vt 0.438704 0.092504
vt 0.438742 0.051810
vt 0.399698 0.092468
vt 0.400671 0.132991
vt 0.402155 0.173515
vt 0.438627 0.173887
vt 0.438589 0.214582
vt 0.404312 0.214042
vt 0.471124 0.271515
vt 0.408837 0.251192
vt 0.440560 0.271486
vt 0.410685 0.258962
vt 0.429922 0.271476
vt 0.415404 0.265553
vt 0.422159 0.269948
vt 0.743773 0.133484
vt 0.743735 0.174174
vt 0.774337 0.133513
vt 0.774375 0.092820
vt 0.774299 0.174203
vt 0.743697 0.214868
vt 0.804768 0.092849
vt 0.804806 0.052154
vt 0.843771 0.092885
vt 0.804730 0.133542
vt 0.842718 0.133407
vt 0.841159 0.173928
vt 0.804691 0.174231
vt 0.774261 0.214897
vt 0.743638 0.277172
vt 0.772008 0.271797
vt 0.804653 0.214926
vt 0.772008 0.271797
vt 0.838931 0.214450
vt 0.802573 0.271826
vt 0.834333 0.251592
vt 0.813210 0.271836
vt 0.832474 0.259358
vt 0.820976 0.270323
vt 0.827736 0.265941
vt 0.774511 -0.051716
vt 0.774507 -0.046652
vt 0.804899 -0.046623
vt 0.804851 0.004203
vt 0.743811 0.092791
vt 0.774414 0.052126
vt 0.844023 0.004240
vt 0.844071 -0.046586
vt 0.844076 -0.051651
vt 0.843978 0.052191
vt 0.804904 -0.051688
vt 0.804934 -0.084276
vt 0.774542 -0.084304
vt 0.820436 -0.051673
vt 0.820466 -0.084261
vt 0.820487 -0.106380
vt 0.804955 -0.106224
vt 0.774563 -0.106423
vt 0.820487 -0.106380
vt 0.827360 -0.051667
vt 0.820466 -0.084261
vt 0.827391 -0.084255
vt 0.820487 -0.106380
vt 0.827411 -0.106373
vt 0.820487 -0.106380
vt 0.738880 -0.046685
vt 0.743942 -0.046681
vt 0.738884 -0.051750
vt 0.743947 -0.051745
vt 0.774459 0.004174
vt 0.743895 0.004146
vt 0.743850 0.052097
vt 0.389386 0.283931
vt 0.384995 0.283758
vt 0.386653 0.320233
vt 0.384180 0.256911
vt 0.858111 0.284203
vt 0.853726 0.284367
vt 0.856390 0.320675
vt 0.858983 0.257358
vt 0.504609 0.214644
vt 0.504549 0.278300
vt 0.537640 0.281539
vt 0.499789 -0.046910
vt 0.504854 -0.046905
vt 0.504859 -0.051970
vt 0.499793 -0.051974
vt 0.499824 -0.084562
vt 0.469263 -0.084591
vt 0.469284 -0.106710
vt 0.499845 -0.106681
vt 0.469232 -0.052003
vt 0.469228 -0.046939
vt 0.469180 0.003887
vt 0.499741 0.003916
vt 0.499696 0.051867
vt 0.469135 0.051839
vt 0.499657 0.092562
vt 0.438787 0.003859
vt 0.438835 -0.046967
vt 0.399612 0.003822
vt 0.399660 -0.047004
vt 0.399665 -0.052069
vt 0.399567 0.051773
vt 0.438840 -0.052032
vt 0.438871 -0.084620
vt 0.423305 -0.052046
vt 0.469263 -0.084591
vt 0.423335 -0.084634
vt 0.423356 -0.106753
vt 0.438891 -0.106568
vt 0.423356 -0.106753
vt 0.469284 -0.106710
vt 0.416381 -0.052053
vt 0.423335 -0.084634
vt 0.416411 -0.084641
vt 0.423356 -0.106753
vt 0.423356 -0.106753
vt 0.416432 -0.106760
vt 0.537984 -0.084527
vt 0.537953 -0.051939
vt 0.543019 -0.051934
vt 0.537948 -0.046874
vt 0.504890 -0.084558
vt 0.504911 -0.106677
vt 0.504807 0.003921
vt 0.537901 0.003952
vt 0.537856 0.051903
vt 0.504762 0.051872
vt 0.537817 0.092598
vt 0.504723 0.092567
vt 0.537779 0.133291
vt 0.504685 0.133259
vt 0.537741 0.173980
vt 0.504647 0.173949
vt 0.537703 0.214675
vt 0.660029 -0.051824
vt 0.660059 -0.084412
vt 0.624402 -0.051857
vt 0.665128 -0.084407
vt 0.660024 -0.046760
vt 0.665093 -0.046755
vt 0.665098 -0.051819
vt 0.700720 -0.046721
vt 0.700672 0.004105
vt 0.665045 0.004072
vt 0.665000 0.052023
vt 0.700627 0.052056
vt 0.664962 0.092717
vt 0.700589 0.092751
vt 0.664924 0.133410
vt 0.700550 0.133444
vt 0.664885 0.174100
vt 0.700512 0.174133
vt 0.664847 0.214794
vt 0.700474 0.214828
vt 0.664782 0.283515
vt 0.700410 0.282368
vt 0.664760 0.307661
vt 0.700388 0.306512
vt 0.659713 0.283680
vt 0.664747 0.320663
vt 0.700375 0.319514
vt 0.659690 0.307993
vt 0.659690 0.307993
vt 0.659678 0.320994
vt 0.664747 0.320663
vt 0.624086 0.283647
vt 0.659778 0.214789
vt 0.659690 0.307993
vt 0.624151 0.214756
vt 0.659816 0.174095
vt 0.624189 0.174061
vt 0.659854 0.133405
vt 0.624227 0.133372
vt 0.659893 0.092712
vt 0.624266 0.092679
vt 0.659931 0.052018
vt 0.624304 0.051985
vt 0.659976 0.004067
vt 0.624349 0.004033
vt 0.624397 -0.046793
vt 0.619339 -0.051862
vt 0.619334 -0.046798
vt 0.583704 -0.046831
vt 0.583656 0.003995
vt 0.619286 0.004029
vt 0.619241 0.051980
vt 0.583611 0.051946
vt 0.619203 0.092674
vt 0.583573 0.092641
vt 0.619165 0.133367
vt 0.583535 0.133334
vt 0.619126 0.174057
vt 0.583496 0.174023
vt 0.619088 0.214751
vt 0.583458 0.214718
vt 0.619023 0.283642
vt 0.583393 0.283609
vt 0.583370 0.307922
vt 0.619001 0.307955
vt 0.618988 0.320956
vt 0.583358 0.320922
vt 0.624063 0.307960
vt 0.624051 0.320961
vt 0.659678 0.320994
vt 0.583370 0.307922
vt 0.578308 0.307580
vt 0.578331 0.283434
vt 0.583358 0.320922
vt 0.583370 0.307922
vt 0.578296 0.320582
vt 0.542705 0.282220
vt 0.542768 0.214679
vt 0.542682 0.306364
vt 0.578296 0.320582
vt 0.542670 0.319366
vt 0.578395 0.214713
vt 0.542807 0.173985
vt 0.578434 0.174018
vt 0.542845 0.133295
vt 0.578472 0.133329
vt 0.542883 0.092602
vt 0.578510 0.092636
vt 0.542921 0.051908
vt 0.578548 0.051941
vt 0.542967 0.003957
vt 0.578593 0.003990
vt 0.578641 -0.046836
vt 0.543014 -0.046869
vt 0.578646 -0.051900
vt 0.583709 -0.051896
vt 0.583739 -0.084484
vt 0.578677 -0.084488
vt 0.543050 -0.084522
vt 0.619370 -0.084450
vt 0.583760 -0.106602
vt 0.624432 -0.084445
vt 0.619390 -0.106569
vt 0.660080 -0.106531
vt 0.578697 -0.106607
vt 0.543071 -0.106641
vt 0.389386 0.283931
vt 0.388565 0.256915
vt 0.384180 0.256911
vt 0.383867 0.227701
vt 0.854591 0.257354
vt 0.853726 0.284367
vt 0.858983 0.257358
vt 0.859348 0.228148
vt 0.700725 -0.051786
vt 0.700755 -0.084374
vt 0.705821 -0.084369
vt 0.700776 -0.106492
vt 0.705842 -0.106488
vt 0.738936 -0.106457
vt 0.743999 -0.106452
vt 0.743978 -0.084333
vt 0.774563 -0.106423
vt 0.774542 -0.084304
vt 0.738915 -0.084338
vt 0.705790 -0.051781
vt 0.705786 -0.046716
vt 0.738832 0.004141
vt 0.705738 0.004110
vt 0.705693 0.052061
vt 0.738787 0.052092
vt 0.705655 0.092756
vt 0.738749 0.092787
vt 0.705616 0.133448
vt 0.738710 0.133479
vt 0.705578 0.174138
vt 0.738672 0.174169
vt 0.705540 0.214832
vt 0.738634 0.214864
vt 0.705477 0.281697
vt 0.738574 0.278520
vt 0.388565 0.256915
vt 0.388258 0.227705
vt 0.383867 0.227701
vt 0.384051 0.031835
vt 0.854959 0.228144
vt 0.854591 0.257354
vt 0.859348 0.228148
vt 0.859532 0.032282
vt 0.347992 0.312259
vt 0.386653 0.320233
vt 0.384995 0.283758
vt 0.856390 0.320675
vt 0.895064 0.312773
vt 0.858111 0.284203
vt 0.385095 0.000598
vt 0.345077 0.000393
vt 0.384407 0.014950
vt 0.388258 0.227705
vt 0.388439 0.035046
vt 0.384051 0.031835
vt 0.855140 0.035484
vt 0.854959 0.228144
vt 0.859532 0.032282
vt 0.898564 0.000913
vt 0.858546 0.001043
vt 0.859210 0.015396
vt 0.347007 0.283554
vt 0.347992 0.312259
vt 0.384995 0.283758
vt 0.346189 0.256876
vt 0.384180 0.256911
vt 0.346047 0.227834
vt 0.384180 0.256911
vt 0.383867 0.227701
vt 0.345891 0.031461
vt 0.895064 0.312773
vt 0.896106 0.284070
vt 0.858111 0.284203
vt 0.896971 0.257393
vt 0.858983 0.257358
vt 0.897170 0.228352
vt 0.859348 0.228148
vt 0.897695 0.031979
vt 0.858983 0.257358
vt 0.394451 0.285118
vt 0.397451 0.329529
vt 0.399307 0.329024
vt 0.845575 0.329950
vt 0.848656 0.285545
vt 0.843717 0.329442
vt 0.396474 0.285120
vt 0.394451 0.285118
vt 0.399307 0.329024
vt 0.393128 0.257257
vt 0.395151 0.257259
vt 0.393128 0.257257
vt 0.392650 0.227709
vt 0.394677 0.227711
vt 0.394831 0.063757
vt 0.848541 0.228138
vt 0.850565 0.228140
vt 0.848695 0.064184
vt 0.848007 0.257685
vt 0.850031 0.257687
vt 0.846632 0.285543
vt 0.848656 0.285545
vt 0.843717 0.329442
vt 0.850031 0.257687
vt 0.383867 0.227701
vt 0.384051 0.031835
vt 0.345891 0.031461
vt 0.345570 0.014574
vt 0.384407 0.014950
vt 0.345570 0.014574
vt 0.345077 0.000393
vt 0.859532 0.032282
vt 0.859348 0.228148
vt 0.897695 0.031979
vt 0.898045 0.015094
vt 0.898045 0.015094
vt 0.859210 0.015396
vt 0.898564 0.000913
vt 0.392803 0.063926
vt 0.392650 0.227709
vt 0.394831 0.063757
vt 0.392985 0.047379
vt 0.395015 0.047211
vt 0.392985 0.047379
vt 0.393338 0.033195
vt 0.395362 0.033027
vt 0.850242 0.033624
vt 0.848218 0.033452
vt 0.848542 0.047637
vt 0.850566 0.047809
vt 0.848695 0.064184
vt 0.850565 0.228140
vt 0.850719 0.064356
vt 0.850566 0.047809
vt 0.538005 -0.106645
vt 0.624453 -0.106564
vt 0.665149 -0.106526
vt 0.421209 0.379531
vt 0.442136 0.392382
vt 0.422392 0.377842
vt 0.800769 0.392719
vt 0.821723 0.379907
vt 0.820541 0.378216
vt 0.442136 0.392382
vt 0.442981 0.390526
vt 0.422392 0.377842
vt 0.799928 0.390862
vt 0.800769 0.392719
vt 0.820541 0.378216
vt 0.570098 0.419858
vt 0.570100 0.417832
vt 0.548321 0.414940
vt 0.672758 0.417929
vt 0.672756 0.419954
vt 0.694545 0.415077
vt 0.631560 0.419745
vt 0.611297 0.419726
vt 0.611295 0.421753
vt 0.631558 0.421772
vt 0.508138 0.410173
vt 0.508477 0.408148
vt 0.480119 0.400523
vt 0.734398 0.408361
vt 0.734736 0.410387
vt 0.762770 0.400788
vt 0.479777 0.402550
vt 0.508138 0.410173
vt 0.480119 0.400523
vt 0.734736 0.410387
vt 0.763109 0.402816
vt 0.762770 0.400788
vt 0.547978 0.416965
vt 0.570098 0.419858
vt 0.548321 0.414940
vt 0.672756 0.419954
vt 0.694880 0.417103
vt 0.694545 0.415077
vt 0.413654 0.157317
vt 0.408580 0.162884
vt 0.408556 0.187707
vt 0.834757 0.163284
vt 0.829696 0.157708
vt 0.834733 0.188108
vt 0.408580 0.162884
vt 0.413654 0.157317
vt 0.413667 0.143810
vt 0.420575 0.154286
vt 0.413654 0.157317
vt 0.413631 0.181968
vt 0.829696 0.157708
vt 0.822778 0.154664
vt 0.829673 0.182360
vt 0.413654 0.157317
vt 0.420575 0.154286
vt 0.420588 0.140607
vt 0.420552 0.178767
vt 0.413631 0.181968
vt 0.413654 0.157317
vt 0.408556 0.187707
vt 0.822778 0.154664
vt 0.822755 0.179145
vt 0.829673 0.182360
vt 0.829696 0.157708
vt 0.834733 0.188108
vt 0.829696 0.157708
vt 0.822791 0.140986
vt 0.408761 0.149377
vt 0.408580 0.162884
vt 0.413667 0.143810
vt 0.834757 0.163284
vt 0.834601 0.149778
vt 0.829709 0.144201
vt 0.829696 0.157708
vt 0.834757 0.163284
vt 0.829709 0.144201
vt 0.504634 0.187121
vt 0.504660 0.160274
vt 0.499569 0.187117
vt 0.537728 0.187153
vt 0.537754 0.160305
vt 0.504634 0.187121
vt 0.542794 0.187157
vt 0.542820 0.160310
vt 0.578421 0.187191
vt 0.578447 0.160343
vt 0.583484 0.187196
vt 0.583509 0.160348
vt 0.664898 0.160425
vt 0.664873 0.187272
vt 0.700500 0.187306
vt 0.659829 0.160420
vt 0.659804 0.187267
vt 0.700525 0.160458
vt 0.705566 0.187310
vt 0.705591 0.160463
vt 0.738660 0.187341
vt 0.738685 0.160494
vt 0.738660 0.187341
vt 0.743722 0.187346
vt 0.774117 0.185516
vt 0.774140 0.160527
vt 0.469201 0.160241
vt 0.469178 0.185230
vt 0.499569 0.187117
vt 0.804536 0.157180
vt 0.774140 0.160527
vt 0.774117 0.185516
vt 0.438621 0.180641
vt 0.438812 0.156836
vt 0.420552 0.178767
vt 0.804536 0.157180
vt 0.804685 0.180985
vt 0.822755 0.179145
vt 0.438812 0.156836
vt 0.438621 0.180641
vt 0.469178 0.185230
vt 0.804685 0.180985
vt 0.804536 0.157180
vt 0.774117 0.185516
vt 0.583509 0.160348
vt 0.619139 0.160382
vt 0.619152 0.147042
vt 0.583484 0.187196
vt 0.619114 0.187229
vt 0.624215 0.147047
vt 0.624202 0.160386
vt 0.624177 0.187234
vt 0.659804 0.187267
vt 0.659829 0.160420
vt 0.336403 0.609930
vt 0.364596 0.609956
vt 0.336870 0.112501
vt 0.406571 0.146674
vt 0.336870 0.112501
vt 0.400691 0.112561
vt 0.408770 0.139416
vt 0.413676 0.133678
vt 0.420597 0.130477
vt 0.439001 0.132520
vt 0.877900 0.610439
vt 0.906096 0.610465
vt 0.906564 0.113036
vt 0.836799 0.147078
vt 0.906564 0.113036
vt 0.842737 0.112976
vt 0.834610 0.139816
vt 0.829718 0.134069
vt 0.822800 0.130855
vt 0.804393 0.132863
vt 0.420575 0.154286
vt 0.438812 0.156836
vt 0.438825 0.142819
vt 0.438812 0.156836
vt 0.420552 0.178767
vt 0.804536 0.157180
vt 0.822778 0.154664
vt 0.804549 0.143162
vt 0.804536 0.157180
vt 0.822755 0.179145
vt 0.400691 0.112561
vt 0.388658 -0.015100
vt 0.336870 0.112501
vt 0.344414 -0.014974
vt 0.345277 -0.032195
vt 0.387153 -0.031987
vt 0.345277 -0.032195
vt 0.345965 -0.047055
vt 0.898426 -0.031675
vt 0.897769 -0.046536
vt 0.856553 -0.031546
vt 0.855016 -0.014661
vt 0.842737 0.112976
vt 0.906564 0.113036
vt 0.899253 -0.014453
vt 0.898426 -0.031675
vt 0.827139 0.182865
vt 0.832200 0.188441
vt 0.829673 0.182360
vt 0.411089 0.188045
vt 0.416160 0.182478
vt 0.413631 0.181968
vt 0.832200 0.188441
vt 0.834733 0.188108
vt 0.829673 0.182360
vt 0.408556 0.187707
vt 0.411089 0.188045
vt 0.413631 0.181968
vt 0.705591 0.160463
vt 0.705603 0.147123
vt 0.700538 0.147119
vt 0.700525 0.160458
vt 0.705566 0.187310
vt 0.738685 0.160494
vt 0.738697 0.147155
vt 0.738660 0.187341
vt 0.743748 0.160499
vt 0.743722 0.187346
vt 0.774140 0.160527
vt 0.804536 0.157180
vt 0.804549 0.143162
vt 0.743760 0.147159
vt 0.774140 0.160527
vt 0.774153 0.147188
vt 0.413667 0.143810
vt 0.413654 0.157317
vt 0.420588 0.140607
vt 0.829696 0.157708
vt 0.829709 0.144201
vt 0.822791 0.140986
vt 0.832200 0.188441
vt 0.834558 0.195705
vt 0.834733 0.188108
vt 0.408718 0.195305
vt 0.411089 0.188045
vt 0.408556 0.187707
vt 0.834558 0.195705
vt 0.837088 0.195369
vt 0.834733 0.188108
vt 0.406188 0.194964
vt 0.408718 0.195305
vt 0.408556 0.187707
vt 0.385986 -0.046510
vt 0.345965 -0.047055
vt 0.387153 -0.031987
vt 0.897769 -0.046536
vt 0.857747 -0.046066
vt 0.856553 -0.031546
vt 0.406188 0.194964
vt 0.364596 0.609956
vt 0.367129 0.609959
vt 0.877900 0.610439
vt 0.837088 0.195369
vt 0.875363 0.610437
vt 0.408718 0.195305
vt 0.406188 0.194964
vt 0.367129 0.609959
vt 0.837088 0.195369
vt 0.834558 0.195705
vt 0.875363 0.610437
vt 0.469201 0.160241
vt 0.438812 0.156836
vt 0.469178 0.185230
vt 0.469214 0.146901
vt 0.499606 0.146930
vt 0.499594 0.160269
vt 0.504672 0.146935
vt 0.469201 0.160241
vt 0.438812 0.156836
vt 0.438825 0.142819
vt 0.499569 0.187117
vt 0.504660 0.160274
vt 0.537766 0.146966
vt 0.537754 0.160305
vt 0.504634 0.187121
vt 0.542832 0.146970
vt 0.542820 0.160310
vt 0.537728 0.187153
vt 0.578459 0.147004
vt 0.578447 0.160343
vt 0.542794 0.187157
vt 0.583522 0.147009
vt 0.578421 0.187191
vt 0.420588 0.140607
vt 0.420575 0.154286
vt 0.438825 0.142819
vt 0.822778 0.154664
vt 0.822791 0.140986
vt 0.804549 0.143162
vt 0.469201 0.160241
vt 0.469214 0.146901
vt 0.438825 0.142819
vt 0.774153 0.147188
vt 0.774140 0.160527
vt 0.804549 0.143162
vt 0.659842 0.147080
vt 0.664898 0.160425
vt 0.664873 0.187272
vt 0.664911 0.147085
vt 0.700500 0.187306
vt 0.439343 -0.232191
vt 0.473974 -0.248541
vt 0.456947 -0.276414
vt 0.495116 -0.285665
vt 0.770136 -0.248262
vt 0.804736 -0.231848
vt 0.787212 -0.276104
vt 0.749064 -0.285427
vt 0.473974 -0.248541
vt 0.506572 -0.255937
vt 0.495116 -0.285665
vt 0.540204 -0.293728
vt 0.737555 -0.255720
vt 0.770136 -0.248262
vt 0.749064 -0.285427
vt 0.703988 -0.293574
vt 0.697038 -0.263018
vt 0.737555 -0.255720
vt 0.703988 -0.293574
vt 0.677820 -0.295796
vt 0.506572 -0.255937
vt 0.547103 -0.263159
vt 0.540204 -0.293728
vt 0.566376 -0.295901
vt 0.632205 -0.265613
vt 0.674414 -0.264391
vt 0.633415 -0.297187
vt 0.611941 -0.265632
vt 0.633415 -0.297187
vt 0.610787 -0.297208
vt 0.611941 -0.265632
vt 0.569729 -0.264490
vt 0.410797 -0.216010
vt 0.439343 -0.232191
vt 0.416744 -0.259736
vt 0.456947 -0.276414
vt 0.804736 -0.231848
vt 0.833255 -0.215613
vt 0.827386 -0.259350
vt 0.787212 -0.276104
vt 0.674414 -0.264391
vt 0.697038 -0.263018
vt 0.677820 -0.295796
vt 0.633415 -0.297187
vt 0.673902 -0.257301
vt 0.632198 -0.258520
vt 0.697038 -0.263018
vt 0.547103 -0.263159
vt 0.569729 -0.264490
vt 0.566376 -0.295901
vt 0.610787 -0.297208
vt 0.570225 -0.257398
vt 0.611934 -0.258539
vt 0.547103 -0.263159
vt 0.388644 -0.182429
vt 0.410797 -0.216010
vt 0.380759 -0.237314
vt 0.416744 -0.259736
vt 0.833255 -0.215613
vt 0.855345 -0.181991
vt 0.863333 -0.236860
vt 0.827386 -0.259350
vt 0.349097 -0.142113
vt 0.387582 -0.132285
vt 0.351170 -0.195131
vt 0.856307 -0.131845
vt 0.894816 -0.141600
vt 0.892839 -0.194622
vt 0.405992 -0.133954
vt 0.404639 -0.133618
vt 0.414249 -0.116386
vt 0.839258 -0.133210
vt 0.837906 -0.133548
vt 0.829613 -0.115996
vt 0.387582 -0.132285
vt 0.388644 -0.182429
vt 0.351170 -0.195131
vt 0.380759 -0.237314
vt 0.855345 -0.181991
vt 0.856307 -0.131845
vt 0.892839 -0.194622
vt 0.863333 -0.236860
vt 0.473974 -0.248541
vt 0.439343 -0.232191
vt 0.476500 -0.241782
vt 0.507915 -0.249014
vt 0.767597 -0.241509
vt 0.770136 -0.248262
vt 0.736199 -0.248800
vt 0.804736 -0.231848
vt 0.547103 -0.263159
vt 0.548105 -0.256067
vt 0.570225 -0.257398
vt 0.506572 -0.255937
vt 0.506572 -0.255937
vt 0.507915 -0.249014
vt 0.548105 -0.256067
vt 0.473974 -0.248541
vt 0.737555 -0.255720
vt 0.697038 -0.263018
vt 0.696019 -0.255927
vt 0.673902 -0.257301
vt 0.736199 -0.248800
vt 0.737555 -0.255720
vt 0.696019 -0.255927
vt 0.770136 -0.248262
vt 0.895458 0.610455
vt 0.813341 0.132703
vt 0.802701 0.134889
vt 0.430053 0.132343
vt 0.347040 0.609940
vt 0.440688 0.134549
vt 0.890224 0.610451
vt 0.802701 0.134889
vt 0.772133 0.138913
vt 0.440688 0.134549
vt 0.352272 0.609945
vt 0.471249 0.138630
vt 0.611941 -0.265632
vt 0.569729 -0.264490
vt 0.611934 -0.258539
vt 0.632205 -0.265613
vt 0.674414 -0.264391
vt 0.632205 -0.265613
vt 0.632198 -0.258520
vt 0.611934 -0.258539
vt 0.890224 0.610451
vt 0.895458 0.610455
vt 0.802701 0.134889
vt 0.874857 0.610436
vt 0.772133 0.138913
vt 0.352272 0.609945
vt 0.367638 0.609959
vt 0.471249 0.138630
vt 0.347040 0.609940
vt 0.440688 0.134549
vt 0.619330 0.136743
vt 0.619160 0.138769
vt 0.624222 0.138774
vt 0.624056 0.136748
vt 0.619330 0.136743
vt 0.624222 0.138774
vt 0.583530 0.138735
vt 0.583531 0.136710
vt 0.578469 0.136705
vt 0.578467 0.138730
vt 0.659849 0.138807
vt 0.664918 0.138812
vt 0.664920 0.136786
vt 0.659851 0.136782
vt 0.542840 0.138697
vt 0.542842 0.136672
vt 0.537776 0.136667
vt 0.537774 0.138692
vt 0.700545 0.138845
vt 0.705611 0.138850
vt 0.705613 0.136825
vt 0.700547 0.136820
vt 0.504680 0.138661
vt 0.504851 0.136636
vt 0.499781 0.136631
vt 0.499614 0.138656
vt 0.738705 0.138881
vt 0.743768 0.138886
vt 0.743604 0.136860
vt 0.738538 0.136856
vt 0.899341 0.610459
vt 0.821107 0.131024
vt 0.813341 0.132703
vt 0.422290 0.130649
vt 0.343155 0.609936
vt 0.430053 0.132343
vt 0.439343 -0.232191
vt 0.410797 -0.216010
vt 0.441704 -0.225098
vt 0.476500 -0.241782
vt 0.802365 -0.224759
vt 0.804736 -0.231848
vt 0.767597 -0.241509
vt 0.833255 -0.215613
vt 0.895458 0.610455
vt 0.899341 0.610459
vt 0.813341 0.132703
vt 0.410797 -0.216010
vt 0.388644 -0.182429
vt 0.415180 -0.209927
vt 0.441704 -0.225098
vt 0.343155 0.609936
vt 0.347040 0.609940
vt 0.430053 0.132343
vt 0.828858 -0.209538
vt 0.833255 -0.215613
vt 0.802365 -0.224759
vt 0.855345 -0.181991
vt 0.387582 -0.132285
vt 0.393317 -0.127042
vt 0.394547 -0.176009
vt 0.850564 -0.126612
vt 0.856307 -0.131845
vt 0.849427 -0.175581
vt 0.388644 -0.182429
vt 0.387582 -0.132285
vt 0.394547 -0.176009
vt 0.415180 -0.209927
vt 0.849427 -0.175581
vt 0.855345 -0.181991
vt 0.828858 -0.209538
vt 0.856307 -0.131845
vt 0.578482 0.122689
vt 0.583545 0.122694
vt 0.578492 0.112220
vt 0.583555 0.112225
vt 0.583569 0.096690
vt 0.578506 0.096685
vt 0.659864 0.122766
vt 0.664934 0.122771
vt 0.664943 0.112302
vt 0.659874 0.112297
vt 0.659889 0.096762
vt 0.664958 0.096766
vt 0.543033 0.112187
vt 0.537968 0.112182
vt 0.543024 0.122656
vt 0.537958 0.122651
vt 0.543048 0.096652
vt 0.537982 0.096647
vt 0.705458 0.122809
vt 0.705468 0.112340
vt 0.700392 0.122804
vt 0.700402 0.112335
vt 0.700416 0.096800
vt 0.705482 0.096805
vt 0.902720 0.610462
vt 0.827864 0.129172
vt 0.821107 0.131024
vt 0.415533 0.128784
vt 0.339776 0.609933
vt 0.422290 0.130649
vt 0.583555 0.112225
vt 0.583545 0.122694
vt 0.619175 0.122728
vt 0.619185 0.112259
vt 0.619199 0.096723
vt 0.583569 0.096690
vt 0.624247 0.112263
vt 0.624237 0.122732
vt 0.619217 0.077478
vt 0.583587 0.077445
vt 0.582946 0.041815
vt 0.618236 0.041680
vt 0.582140 0.002643
vt 0.617261 0.002506
vt 0.580827 -0.036702
vt 0.616283 -0.036837
vt 0.577524 -0.117752
vt 0.614504 -0.118392
vt 0.575706 -0.157265
vt 0.613695 -0.157903
vt 0.573548 -0.197115
vt 0.612889 -0.197752
vt 0.570721 -0.242876
vt 0.611920 -0.243682
vt 0.578482 0.122689
vt 0.578492 0.112220
vt 0.543033 0.112187
vt 0.543024 0.122656
vt 0.578506 0.096685
vt 0.543048 0.096652
vt 0.578524 0.077607
vt 0.543066 0.077573
vt 0.543048 0.096652
vt 0.541749 0.043802
vt 0.576365 0.042147
vt 0.539421 0.004628
vt 0.573700 0.003139
vt 0.539421 0.004628
vt 0.535910 -0.034888
vt 0.570355 -0.036206
vt 0.527541 -0.112059
vt 0.664943 0.112302
vt 0.664934 0.122771
vt 0.700402 0.112335
vt 0.700392 0.122804
vt 0.664958 0.096766
vt 0.700416 0.096800
vt 0.664976 0.077688
vt 0.700416 0.096800
vt 0.700434 0.077721
vt 0.701815 0.043953
vt 0.667202 0.042232
vt 0.704216 0.004783
vt 0.704216 0.004783
vt 0.669940 0.003230
vt 0.707798 -0.034726
vt 0.673353 -0.036109
vt 0.716316 -0.111881
vt 0.659864 0.122766
vt 0.659874 0.112297
vt 0.624262 0.096728
vt 0.659889 0.096762
vt 0.624280 0.077483
vt 0.659907 0.077516
vt 0.660618 0.041888
vt 0.625329 0.041687
vt 0.661498 0.002717
vt 0.626381 0.002514
vt 0.662884 -0.036625
vt 0.627430 -0.036827
vt 0.666343 -0.117669
vt 0.629365 -0.118378
vt 0.668232 -0.157177
vt 0.630245 -0.157888
vt 0.670469 -0.197023
vt 0.631123 -0.197735
vt 0.673379 -0.242780
vt 0.632184 -0.243663
vt 0.899341 0.610459
vt 0.902720 0.610462
vt 0.821107 0.131024
vt 0.339776 0.609933
vt 0.343155 0.609936
vt 0.422290 0.130649
vt 0.505042 0.112151
vt 0.499976 0.112146
vt 0.504864 0.122620
vt 0.499966 0.122616
vt 0.505057 0.096616
vt 0.505057 0.096616
vt 0.499991 0.096611
vt 0.743446 0.122845
vt 0.743456 0.112375
vt 0.738552 0.122840
vt 0.738390 0.112371
vt 0.738404 0.096836
vt 0.743470 0.096840
vt 0.738404 0.096836
vt 0.537968 0.112182
vt 0.505042 0.112151
vt 0.537958 0.122651
vt 0.504864 0.122620
vt 0.537982 0.096647
vt 0.505057 0.096616
vt 0.538168 0.077906
vt 0.505074 0.078212
vt 0.505057 0.096616
vt 0.502063 0.048999
vt 0.534654 0.045485
vt 0.497033 0.009990
vt 0.529794 0.006307
vt 0.489809 -0.029189
vt 0.523247 -0.032872
vt 0.475692 -0.095729
vt 0.509299 -0.107178
vt 0.466440 -0.134742
vt 0.501231 -0.146359
vt 0.455329 -0.173419
vt 0.491814 -0.185373
vt 0.443547 -0.211421
vt 0.480710 -0.227594
vt 0.738552 0.122840
vt 0.738390 0.112371
vt 0.705458 0.122809
vt 0.705468 0.112340
vt 0.705482 0.096805
vt 0.738404 0.096836
vt 0.705328 0.078063
vt 0.738404 0.096836
vt 0.738422 0.078432
vt 0.741491 0.049224
vt 0.708903 0.045649
vt 0.746594 0.010224
vt 0.713841 0.006480
vt 0.753886 -0.028940
vt 0.720461 -0.032687
vt 0.768134 -0.095454
vt 0.734545 -0.106967
vt 0.777459 -0.134450
vt 0.742687 -0.146132
vt 0.788636 -0.173105
vt 0.752181 -0.185128
vt 0.800494 -0.211085
vt 0.763361 -0.227328
vt 0.469412 0.112288
vt 0.499976 0.112146
vt 0.469598 0.096753
vt 0.469412 0.112288
vt 0.499966 0.122616
vt 0.469402 0.122926
vt 0.499966 0.122616
vt 0.499976 0.112146
vt 0.499991 0.096611
vt 0.500177 0.078039
vt 0.469616 0.078520
vt 0.469598 0.096753
vt 0.467938 0.065852
vt 0.495981 0.053554
vt 0.461394 0.026842
vt 0.488415 0.014709
vt 0.461394 0.026842
vt 0.774010 0.123212
vt 0.774020 0.112574
vt 0.743446 0.122845
vt 0.743456 0.112375
vt 0.743446 0.122845
vt 0.773862 0.097039
vt 0.743470 0.096840
vt 0.743456 0.112375
vt 0.743319 0.078268
vt 0.773862 0.097039
vt 0.773880 0.078806
vt 0.775584 0.066141
vt 0.747562 0.053790
vt 0.782202 0.027144
vt 0.782202 0.027144
vt 0.755197 0.014960
vt 0.562835 -0.116923
vt 0.527541 -0.112059
vt 0.570355 -0.036206
vt 0.522680 -0.151574
vt 0.558821 -0.156437
vt 0.516471 -0.191090
vt 0.554295 -0.196121
vt 0.509082 -0.234829
vt 0.548938 -0.241546
vt 0.509082 -0.234829
vt 0.735002 -0.234617
vt 0.695162 -0.241408
vt 0.689716 -0.195993
vt 0.727531 -0.190892
vt 0.735002 -0.234617
vt 0.685116 -0.156318
vt 0.721247 -0.151387
vt 0.681031 -0.116811
vt 0.716316 -0.111881
vt 0.673353 -0.036109
vt 0.782202 0.027144
vt 0.792033 -0.011681
vt 0.755197 0.014960
vt 0.451633 -0.012001
vt 0.461394 0.026842
vt 0.488415 0.014709
vt 0.800842 -0.040379
vt 0.781628 -0.080412
vt 0.765196 -0.023695
vt 0.792033 -0.011681
vt 0.765196 -0.023695
vt 0.755197 0.014960
vt 0.462166 -0.080712
vt 0.442880 -0.040716
vt 0.478491 -0.023965
vt 0.451633 -0.012001
vt 0.478491 -0.023965
vt 0.488415 0.014709
vt 0.793823 -0.118900
vt 0.781628 -0.080412
vt 0.813877 -0.078694
vt 0.800842 -0.040379
vt 0.462166 -0.080712
vt 0.450044 -0.119223
vt 0.429911 -0.079055
vt 0.442880 -0.040716
vt 0.837906 -0.133548
vt 0.821075 -0.189791
vt 0.807873 -0.156879
vt 0.422926 -0.190165
vt 0.405992 -0.133954
vt 0.436069 -0.157229
vt 0.807873 -0.156879
vt 0.793823 -0.118900
vt 0.829613 -0.115996
vt 0.813877 -0.078694
vt 0.829613 -0.115996
vt 0.450044 -0.119223
vt 0.436069 -0.157229
vt 0.414249 -0.116386
vt 0.429911 -0.079055
vt 0.414249 -0.116386
vt 0.829613 -0.115996
vt 0.837906 -0.133548
vt 0.807873 -0.156879
vt 0.405992 -0.133954
vt 0.414249 -0.116386
vt 0.436069 -0.157229
vt 0.405992 -0.133954
vt 0.422926 -0.190165
vt 0.394547 -0.176009
vt 0.821075 -0.189791
vt 0.837906 -0.133548
vt 0.849427 -0.175581
vt 0.476500 -0.241782
vt 0.441704 -0.225098
vt 0.480710 -0.227594
vt 0.509082 -0.234829
vt 0.548105 -0.256067
vt 0.507915 -0.249014
vt 0.548938 -0.241546
vt 0.570721 -0.242876
vt 0.673379 -0.242780
vt 0.695162 -0.241408
vt 0.696019 -0.255927
vt 0.736199 -0.248800
vt 0.802365 -0.224759
vt 0.767597 -0.241509
vt 0.763361 -0.227328
vt 0.735002 -0.234617
vt 0.509082 -0.234829
vt 0.507915 -0.249014
vt 0.476500 -0.241782
vt 0.548938 -0.241546
vt 0.735002 -0.234617
vt 0.736199 -0.248800
vt 0.695162 -0.241408
vt 0.767597 -0.241509
vt 0.422926 -0.190165
vt 0.415180 -0.209927
vt 0.394547 -0.176009
vt 0.443547 -0.211421
vt 0.611920 -0.243682
vt 0.611934 -0.258539
vt 0.570225 -0.257398
vt 0.632198 -0.258520
vt 0.632184 -0.243663
vt 0.673902 -0.257301
vt 0.821075 -0.189791
vt 0.828858 -0.209538
vt 0.800494 -0.211085
vt 0.849427 -0.175581
vt 0.570721 -0.242876
vt 0.611920 -0.243682
vt 0.570225 -0.257398
vt 0.548105 -0.256067
vt 0.632184 -0.243663
vt 0.673379 -0.242780
vt 0.673902 -0.257301
vt 0.696019 -0.255927
vt 0.441704 -0.225098
vt 0.415180 -0.209927
vt 0.443547 -0.211421
vt 0.480710 -0.227594
vt 0.828858 -0.209538
vt 0.802365 -0.224759
vt 0.800494 -0.211085
vt 0.763361 -0.227328
vt 0.229045 0.392857
vt 0.270960 0.351530
vt 0.227866 0.391169
vt 0.450627 -0.018251
vt 0.451637 -0.016899
vt 0.578815 -0.051900
vt 0.434578 -0.010329
vt 0.433396 -0.011852
vt 0.434578 -0.010329
vt 0.419711 0.000463
vt 0.270960 0.351530
vt 0.324524 0.312237
vt 0.270119 0.349671
vt 0.227866 0.391169
vt 0.433396 -0.011852
vt 0.418528 -0.001057
vt 0.419711 0.000463
vt 0.408216 0.014633
vt 0.407037 0.013116
vt 0.408216 0.014633
vt 0.400767 0.031512
vt 0.653347 -0.127137
vt 0.628519 -0.118886
vt 0.660608 -0.127130
vt 0.407037 0.013116
vt 0.399588 0.029993
vt 0.400767 0.031512
vt 0.364284 0.227851
vt 0.362426 0.227849
vt 0.364284 0.227851
vt 0.399588 0.029993
vt 0.356992 0.256886
vt 0.362426 0.227849
vt 0.355137 0.256884
vt 0.356992 0.256886
vt 0.343462 0.283550
vt 0.355137 0.256884
vt 0.341435 0.283381
vt 0.343462 0.283550
vt 0.324524 0.312237
vt 0.578139 -0.054434
vt 0.578815 -0.051900
vt 1.075611 -0.097192
vt 1.075613 -0.099725
vt 0.628519 -0.118886
vt 0.635612 -0.118880
vt 0.660608 -0.127130
vt 0.578139 -0.054434
vt 0.450627 -0.018251
vt 0.578815 -0.051900
vt 0.323173 0.310886
vt 0.324524 0.312237
vt 0.341435 0.283381
vt 0.270119 0.349671
vt 0.635612 -0.118880
vt 1.075643 -0.131638
vt 0.660608 -0.127130
vt 0.635612 -0.118880
vt 0.628519 -0.118886
vt 0.614997 -0.107924
vt 0.622262 -0.107917
vt 0.635612 -0.118880
vt 0.614997 -0.107924
vt 0.289699 0.352391
vt 0.331574 0.354626
vt 0.338867 0.320692
vt 0.331574 0.354626
vt 0.380901 0.329513
vt 0.338867 0.320692
vt 0.403739 0.285126
vt 1.075643 -0.131638
vt 0.635612 -0.118880
vt 0.622262 -0.107917
vt 0.578810 -0.046836
vt 0.578815 -0.051900
vt 0.451637 -0.016899
vt 0.454845 -0.013688
vt 0.579268 0.003991
vt 0.361867 0.283905
vt 0.403739 0.285126
vt 0.374554 0.256902
vt 0.338867 0.320692
vt 0.374554 0.256902
vt 0.415078 0.257278
vt 0.380494 0.227698
vt 0.403739 0.285126
vt 0.380494 0.227698
vt 0.421018 0.227736
vt 0.405833 0.035062
vt 0.415078 0.257278
vt 0.405833 0.035062
vt 0.440414 0.063971
vt 0.412432 0.018184
vt 0.421018 0.227736
vt 0.437951 -0.007119
vt 0.470005 0.023134
vt 0.454845 -0.013688
vt 0.455813 0.033254
vt 0.423418 0.003674
vt 0.455813 0.033254
vt 0.437951 -0.007119
vt 0.445668 0.047428
vt 0.412432 0.018184
vt 0.445668 0.047428
vt 0.423418 0.003674
vt 0.440414 0.063971
vt 1.075638 -0.126063
vt 0.622262 -0.107917
vt 0.612108 -0.084626
vt 0.454845 -0.013688
vt 0.486560 0.017749
vt 0.579268 0.003991
vt 0.470005 0.023134
vt 1.075204 0.335569
vt 1.075208 0.331687
vt 0.590349 0.253388
vt 0.591351 0.261159
vt 1.075204 0.335569
vt 0.590349 0.253388
vt 0.614997 -0.107924
vt 0.604850 -0.084632
vt 0.612108 -0.084626
vt 0.622262 -0.107917
vt 0.614997 -0.107924
vt 0.612108 -0.084626
vt 0.612108 -0.084626
vt 0.612252 -0.054402
vt 1.075627 -0.114414
vt 1.075201 0.338945
vt 1.075204 0.335569
vt 0.591351 0.261159
vt 0.612252 -0.054402
vt 1.075613 -0.099725
vt 1.075627 -0.114414
vt 1.075638 -0.126063
vt 0.612108 -0.084626
vt 1.075643 -0.131638
vt 0.622262 -0.107917
vt 1.075648 -0.136534
vt 0.660608 -0.127130
vt 0.592865 0.267745
vt 1.075201 0.338945
vt 0.591351 0.261159
vt 0.590349 0.253388
vt 0.591532 0.251364
vt 0.586669 0.214213
vt 1.075208 0.331687
vt 1.075210 0.329154
vt 0.590349 0.253388
vt 0.609428 -0.107759
vt 0.599106 -0.084638
vt 0.604850 -0.084632
vt 0.612108 -0.084626
vt 0.604987 -0.054408
vt 0.612252 -0.054402
vt 0.612108 -0.084626
vt 0.604987 -0.054408
vt 0.614997 -0.107924
vt 0.609428 -0.107759
vt 0.604850 -0.084632
vt 1.075210 0.329154
vt 0.591532 0.251364
vt 0.590349 0.253388
vt 1.075188 0.352286
vt 1.075198 0.341815
vt 0.601808 0.273663
vt 1.075182 0.358701
vt 0.594864 0.294424
vt 1.075177 0.363767
vt 0.588103 0.307420
vt 1.075173 0.369000
vt 0.561911 0.327825
vt 0.338867 0.320692
vt 0.361867 0.283905
vt 0.334308 0.320184
vt 0.594864 0.294424
vt 1.075188 0.352286
vt 0.601808 0.273663
vt 0.588103 0.307420
vt 1.075182 0.358701
vt 0.594864 0.294424
vt 0.604092 0.004014
vt 0.604140 -0.046812
vt 0.602062 0.004012
vt 0.604549 0.051966
vt 0.604140 -0.046812
vt 0.602109 -0.046814
vt 0.602062 0.004012
vt 0.602526 0.051964
vt 0.604549 0.051966
vt 0.604849 0.092661
vt 0.602825 0.092659
vt 0.604982 0.133354
vt 0.602952 0.133352
vt 0.604772 0.174043
vt 0.602748 0.174041
vt 0.604568 0.214738
vt 0.602541 0.214736
vt 0.603834 0.278393
vt 0.601804 0.278053
vt 0.603834 0.278393
vt 0.602541 0.214736
vt 0.577456 0.317372
vt 1.075177 0.363767
vt 0.588103 0.307420
vt 0.453658 0.348493
vt 0.492498 0.342618
vt 0.491994 0.340593
vt 0.531009 0.331680
vt 0.492498 0.342618
vt 0.531341 0.333707
vt 0.543674 0.328315
vt 0.544009 0.330341
vt 0.544009 0.330341
vt 0.561911 0.327825
vt 0.604850 -0.084632
vt 0.599106 -0.084638
vt 0.599246 -0.054414
vt 0.604987 -0.054408
vt 0.604850 -0.084632
vt 0.599246 -0.054414
vt 0.543665 0.337602
vt 0.543326 0.335745
vt 0.514618 0.345342
vt 0.562577 0.336775
vt 1.075177 0.363767
vt 0.577456 0.317372
vt 0.561911 0.327825
vt 0.475433 0.354930
vt 0.514618 0.345342
vt 0.514110 0.343313
vt 0.543326 0.335745
vt 0.475098 0.353071
vt 0.475433 0.354930
vt 0.514110 0.343313
vt 0.601274 -0.051879
vt 0.606846 -0.051874
vt 0.601305 -0.084467
vt 0.606876 -0.084462
vt 0.611117 -0.106577
vt 0.616689 -0.106571
vt 0.614101 -0.051867
vt 0.606876 -0.084462
vt 0.614132 -0.084455
vt 0.616689 -0.106571
vt 0.623782 -0.106565
vt 0.636622 -0.117191
vt 0.636622 -0.117191
vt 0.629529 -0.117197
vt 0.660944 -0.125273
vt 0.653682 -0.125279
vt 0.562577 0.336775
vt 0.561732 0.334916
vt 0.543326 0.335745
vt 0.436254 0.362998
vt 0.475433 0.354930
vt 0.475098 0.353071
vt 0.604092 0.004014
vt 0.604140 -0.046812
vt 0.602062 0.004012
vt 0.604549 0.051966
vt 0.604140 -0.046812
vt 0.602109 -0.046814
vt 0.602062 0.004012
vt 0.602526 0.051964
vt 0.604549 0.051966
vt 0.604849 0.092661
vt 0.602825 0.092659
vt 0.604982 0.133354
vt 0.602952 0.133352
vt 0.604772 0.174043
vt 0.602748 0.174041
vt 0.604568 0.214738
vt 0.602541 0.214736
vt 0.603830 0.282277
vt 0.453658 0.348493
vt 0.453154 0.346635
vt 0.424448 0.349985
vt 0.491994 0.340593
vt 0.601800 0.281768
vt 0.603830 0.282277
vt 0.602541 0.214736
vt 0.369545 0.375598
vt 0.369378 0.373741
vt 0.330532 0.382316
vt 0.436254 0.362998
vt 0.435919 0.361139
vt 0.475098 0.353071
vt 0.369378 0.373741
vt 0.542989 0.341654
vt 0.562573 0.340492
vt 0.542651 0.339627
vt 0.509206 0.351246
vt 0.562573 0.340492
vt 0.561729 0.338800
vt 0.542651 0.339627
vt 0.508870 0.349219
vt 0.509206 0.351246
vt 0.542651 0.339627
vt 0.470024 0.361677
vt 0.469689 0.359653
vt 0.430675 0.370927
vt 0.430168 0.368901
vt 0.352988 0.385882
vt 0.353324 0.387740
vt 0.352988 0.385882
vt 0.353324 0.387740
vt 0.313807 0.395808
vt 0.313472 0.393951
vt 0.313807 0.395808
vt 0.274288 0.402862
vt 0.273956 0.400837
vt 0.230381 0.409912
vt 0.424780 0.351842
vt 0.424448 0.349985
vt 0.386621 0.354846
vt 0.453658 0.348493
vt 0.330532 0.382316
vt 0.330369 0.380459
vt 0.291862 0.387683
vt 0.369378 0.373741
vt 0.542816 0.343005
vt 0.542478 0.341147
vt 0.507179 0.353778
vt 0.562572 0.342010
vt 0.604140 -0.046812
vt 0.602109 -0.046814
vt 0.602062 0.004012
vt 0.602526 0.051964
vt 0.604549 0.051966
vt 0.604849 0.092661
vt 0.602825 0.092659
vt 0.604982 0.133354
vt 0.602952 0.133352
vt 0.604772 0.174043
vt 0.602748 0.174041
vt 0.604568 0.214738
vt 0.602541 0.214736
vt 0.603829 0.283628
vt 0.604092 0.004014
vt 0.604140 -0.046812
vt 0.602062 0.004012
vt 0.604549 0.051966
vt 0.601799 0.283287
vt 0.603829 0.283628
vt 0.602541 0.214736
vt 0.468166 0.364885
vt 0.507179 0.353778
vt 0.506844 0.351752
vt 0.542478 0.341147
vt 0.467659 0.362859
vt 0.468166 0.364885
vt 0.506844 0.351752
vt 0.330369 0.380459
vt 0.291701 0.385655
vt 0.291862 0.387683
vt 0.562572 0.342010
vt 0.561727 0.340152
vt 0.542478 0.341147
vt 0.428813 0.374811
vt 0.468166 0.364885
vt 0.467659 0.362859
vt 0.428813 0.374811
vt 0.428306 0.372783
vt 0.347245 0.392293
vt 0.467659 0.362859
vt 0.274987 0.377703
vt 0.275325 0.379394
vt 0.308422 0.377060
vt 0.347574 0.394150
vt 0.347245 0.392293
vt 0.307891 0.403231
vt 0.428813 0.374811
vt 0.253532 0.392205
vt 0.291862 0.387683
vt 0.291701 0.385655
vt 0.307891 0.403231
vt 0.307721 0.401204
vt 0.268034 0.411130
vt 0.347245 0.392293
vt 0.230215 0.407887
vt 0.230381 0.409912
vt 0.273956 0.400837
vt 0.424448 0.349985
vt 0.386113 0.353156
vt 0.386621 0.354846
vt 0.222267 0.419531
vt 0.268034 0.411130
vt 0.267867 0.409103
vt 0.307721 0.401204
vt 0.267867 0.409103
vt 0.253699 0.390348
vt 0.253532 0.392205
vt 0.291701 0.385655
vt 0.222101 0.417505
vt 0.222267 0.419531
vt 0.267867 0.409103
vt 0.308422 0.377060
vt 0.346244 0.373549
vt 0.307917 0.375372
vt 0.274987 0.377703
vt 0.603829 0.283628
vt 0.604568 0.214738
vt 0.601799 0.283287
vt 0.386621 0.354846
vt 0.386113 0.353156
vt 0.349304 0.355148
vt 0.346566 0.393304
vt 0.346902 0.395332
vt 0.428136 0.373459
vt 0.307049 0.402387
vt 0.307381 0.404414
vt 0.346902 0.395332
vt 0.307049 0.402387
vt 0.267188 0.410622
vt 0.267527 0.412649
vt 0.307381 0.404414
vt 0.267188 0.410622
vt 0.221256 0.419359
vt 0.221256 0.419359
vt 0.221422 0.421387
vt 0.267527 0.412649
vt 0.428136 0.373459
vt 0.428643 0.375485
vt 0.467994 0.365222
vt 0.346902 0.395332
vt 0.467493 0.363196
vt 0.467994 0.365222
vt 0.507011 0.353944
vt 0.428136 0.373459
vt 0.604568 0.214738
vt 0.602541 0.214736
vt 0.601799 0.283287
vt 0.604772 0.174043
vt 0.602748 0.174041
vt 0.604982 0.133354
vt 0.602952 0.133352
vt 0.604849 0.092661
vt 0.602825 0.092659
vt 0.604549 0.051966
vt 0.602526 0.051964
vt 0.604092 0.004014
vt 0.604140 -0.046812
vt 0.602109 -0.046814
vt 0.507011 0.353944
vt 0.542816 0.343175
vt 0.506672 0.351919
vt 0.467493 0.363196
vt 0.542816 0.343175
vt 0.562572 0.342010
vt 0.561727 0.340152
vt 0.542478 0.341147
vt 0.542816 0.343175
vt 0.561727 0.340152
vt 0.506672 0.351919
vt 0.604092 0.004014
vt 0.602062 0.004012
vt 0.602526 0.051964
vt 0.602109 -0.046814
vt 0.223453 0.414634
vt 0.223451 0.416660
vt 0.269220 0.408598
vt 0.269220 0.408598
vt 0.308905 0.401038
vt 0.268885 0.406572
vt 0.223453 0.414634
vt 0.346244 0.373549
vt 0.384750 0.368351
vt 0.345912 0.371861
vt 0.307917 0.375372
vt 0.454845 -0.013688
vt 0.578810 -0.046836
vt 0.451637 -0.016899
vt 0.437951 -0.007119
vt 0.434578 -0.010329
vt 0.451637 -0.016899
vt 0.423418 0.003674
vt 0.412432 0.018184
vt 0.420216 0.000631
vt 0.434578 -0.010329
vt 0.409228 0.014973
vt 0.412432 0.018184
vt 0.405833 0.035062
vt 0.402456 0.031853
vt 0.405833 0.035062
vt 0.308905 0.401038
vt 0.348426 0.392464
vt 0.308570 0.399011
vt 0.268885 0.406572
vt 0.237483 0.400295
vt 0.237647 0.402322
vt 0.280035 0.396451
vt 0.348090 0.390437
vt 0.348426 0.392464
vt 0.428816 0.371770
vt 0.308570 0.399011
vt 0.280035 0.396451
vt 0.319047 0.390241
vt 0.279699 0.394425
vt 0.237483 0.400295
vt 0.386113 0.353156
vt 0.348796 0.353796
vt 0.349304 0.355148
vt 0.429154 0.373798
vt 0.468504 0.364042
vt 0.428816 0.371770
vt 0.348426 0.392464
vt 0.468504 0.364042
vt 0.507686 0.353270
vt 0.468168 0.362183
vt 0.428816 0.371770
vt 0.507182 0.351245
vt 0.507686 0.353270
vt 0.542988 0.343005
vt 0.468168 0.362183
vt 0.319047 0.390241
vt 0.358226 0.383018
vt 0.318708 0.388382
vt 0.279699 0.394425
vt 0.542988 0.343005
vt 0.562572 0.341672
vt 0.561728 0.339815
vt 0.542650 0.340977
vt 0.542988 0.343005
vt 0.561728 0.339815
vt 0.507182 0.351245
vt 0.384414 0.366494
vt 0.384750 0.368351
vt 0.441157 0.357429
vt 0.345912 0.371861
vt 0.331574 0.354626
vt 0.349304 0.355148
vt 0.348796 0.353796
vt 0.603829 0.283458
vt 0.604568 0.214738
vt 0.601799 0.282950
vt 0.604568 0.214738
vt 0.602541 0.214736
vt 0.601799 0.282950
vt 0.602541 0.214736
vt 0.604568 0.214738
vt 0.604772 0.174043
vt 0.602748 0.174041
vt 0.604982 0.133354
vt 0.602952 0.133352
vt 0.604849 0.092661
vt 0.602825 0.092659
vt 0.604549 0.051966
vt 0.602526 0.051964
vt 0.604092 0.004014
vt 0.604140 -0.046812
vt 0.602109 -0.046814
vt 0.604092 0.004014
vt 0.602062 0.004012
vt 0.602526 0.051964
vt 0.602109 -0.046814
vt 0.408046 0.013453
vt 0.401277 0.030332
vt 0.411927 0.017509
vt 0.422916 0.002997
vt 0.357893 0.381159
vt 0.358226 0.383018
vt 0.432197 0.366202
vt 0.318708 0.388382
vt 0.401277 0.030332
vt 0.405324 0.034387
vt 0.411927 0.017509
vt 1.075173 0.369000
vt 1.075174 0.367314
vt 0.562584 0.328840
vt 0.419037 -0.000888
vt 0.408046 0.013453
vt 0.422916 0.002997
vt 0.437449 -0.007795
vt 0.433568 -0.011851
vt 0.419037 -0.000888
vt 0.454339 -0.014195
vt 0.450458 -0.018251
vt 0.433568 -0.011851
vt 0.578139 -0.054434
vt 0.432197 0.366202
vt 0.432704 0.368229
vt 0.471881 0.359655
vt 0.358226 0.383018
vt 0.441157 0.357429
vt 0.441658 0.359288
vt 0.480333 0.352233
vt 0.384750 0.368351
vt 0.471380 0.357628
vt 0.471881 0.359655
vt 0.510897 0.349729
vt 0.432197 0.366202
vt 0.510897 0.349729
vt 0.543321 0.340978
vt 0.510561 0.347872
vt 0.471380 0.357628
vt 0.543321 0.340978
vt 0.562574 0.339816
vt 0.561729 0.337956
vt 0.542992 0.339121
vt 0.543321 0.340978
vt 0.561729 0.337956
vt 0.510561 0.347872
vt 0.479826 0.350207
vt 0.480333 0.352233
vt 0.519176 0.343153
vt 0.441157 0.357429
vt 0.519176 0.343153
vt 0.543497 0.336757
vt 0.518672 0.341125
vt 0.479826 0.350207
vt 0.603831 0.281601
vt 0.604568 0.214738
vt 0.601801 0.281093
vt 0.604568 0.214738
vt 0.602541 0.214736
vt 0.601801 0.281093
vt 0.604772 0.174043
vt 0.602748 0.174041
vt 0.604982 0.133354
vt 0.602952 0.133352
vt 0.604849 0.092661
vt 0.602825 0.092659
vt 0.604549 0.051966
vt 0.602526 0.051964
vt 0.604092 0.004014
vt 0.604140 -0.046812
vt 0.602109 -0.046814
vt 0.604092 0.004014
vt 0.602062 0.004012
vt 0.602526 0.051964
vt 0.602109 -0.046814
vt 0.543158 0.334731
vt 0.543497 0.336757
vt 0.561733 0.333567
vt 0.518672 0.341125
vt 0.543497 0.336757
vt 0.562578 0.335424
vt 0.561733 0.333567
vt 0.562584 0.328840
vt 1.075174 0.367314
vt 0.578974 0.316699
vt 0.583497 0.173686
vt 0.586669 0.214213
vt 0.588022 0.214214
vt 0.591532 0.251364
vt 1.075184 0.356844
vt 0.589621 0.306577
vt 0.578974 0.316699
vt 0.331241 0.353275
vt 0.331574 0.354626
vt 0.380733 0.329007
vt 0.603835 0.277041
vt 0.604568 0.214738
vt 0.601805 0.276533
vt 1.075190 0.350428
vt 0.596558 0.293750
vt 0.589621 0.306577
vt 0.604568 0.214738
vt 0.602541 0.214736
vt 0.601805 0.276533
vt 0.604772 0.174043
vt 0.602748 0.174041
vt 0.604982 0.133354
vt 0.602952 0.133352
vt 0.604849 0.092661
vt 0.602825 0.092659
vt 0.604549 0.051966
vt 0.602526 0.051964
vt 0.604092 0.004014
vt 0.604140 -0.046812
vt 0.602109 -0.046814
vt 0.604092 0.004014
vt 0.602062 0.004012
vt 0.602526 0.051964
vt 0.602109 -0.046814
vt 1.075201 0.339282
vt 0.603840 0.271639
vt 0.596558 0.293750
vt 0.332956 0.318830
vt 0.338190 0.320017
vt 0.360852 0.283904
vt 1.075190 0.350428
vt 1.075201 0.339282
vt 0.596558 0.293750
vt 1.075184 0.356844
vt 0.589621 0.306577
vt 1.075179 0.361909
vt 0.578974 0.316699
vt 1.075174 0.367314
vt 1.075206 0.333205
vt 0.592705 0.259133
vt 0.594048 0.265721
vt 1.075203 0.336415
vt 1.075206 0.333205
vt 0.594048 0.265721
vt 1.075637 -0.125389
vt 1.075642 -0.130622
vt 0.623782 -0.106565
vt 1.075627 -0.114245
vt 0.614132 -0.084455
vt 1.075611 -0.097192
vt 0.614101 -0.051867
vt 1.075642 -0.130622
vt 1.075646 -0.134844
vt 0.660944 -0.125273
vt 1.075627 -0.114245
vt 0.614132 -0.084455
vt 0.614101 -0.051867
vt 0.578132 -0.046837
vt 0.578139 -0.054434
vt 0.454339 -0.014195
vt 1.075206 0.333205
vt 1.075210 0.329154
vt 0.591532 0.251364
vt 0.592705 0.259133
vt 1.075206 0.333205
vt 0.591532 0.251364
vt 1.075637 -0.125389
vt 0.623782 -0.106565
vt 0.614132 -0.084455
vt 0.437449 -0.007795
vt 0.469836 0.022966
vt 0.486560 0.017749
vt 0.422916 0.002997
vt 0.422916 0.002997
vt 0.455813 0.033084
vt 0.469836 0.022966
vt 0.411927 0.017509
vt 0.486560 0.017749
vt 0.578425 0.003990
vt 0.454339 -0.014195
vt 0.437449 -0.007795
vt 0.411927 0.017509
vt 0.405324 0.034387
vt 0.445499 0.047258
vt 0.455813 0.033084
vt 0.420846 0.227736
vt 0.440249 0.063800
vt 0.405324 0.034387
vt 0.445499 0.047258
vt 0.379647 0.227697
vt 0.373714 0.256901
vt 0.420846 0.227736
vt 0.405324 0.034387
vt 0.373714 0.256901
vt 0.360852 0.283904
vt 0.414909 0.257277
vt 0.420846 0.227736
vt 0.360852 0.283904
vt 0.338190 0.320017
vt 0.403567 0.285126
vt 0.414909 0.257277
vt 0.578425 0.003990
vt 0.578132 -0.046837
vt 0.454339 -0.014195
vt 1.075642 -0.130622
vt 0.636622 -0.117191
vt 0.623782 -0.106565
vt 0.331241 0.353275
vt 0.380733 0.329007
vt 0.338190 0.320017
vt 0.403567 0.285126
vt 0.289198 0.350871
vt 0.331241 0.353275
vt 0.338190 0.320017
vt 0.636622 -0.117191
vt 1.075642 -0.130622
vt 0.660944 -0.125273
vt 0.677668 -0.134544
vt 0.633433 -0.136950
vt 0.633263 -0.135429
vt 0.610635 -0.135450
vt 0.677667 -0.133024
vt 0.677668 -0.134544
vt 0.633263 -0.135429
vt 0.703836 -0.132829
vt 0.748914 -0.125359
vt 0.703835 -0.131310
vt 0.677667 -0.133024
vt 0.748912 -0.123837
vt 0.748914 -0.125359
vt 0.786896 -0.115697
vt 0.494965 -0.125597
vt 0.456965 -0.116007
vt 0.494964 -0.124076
vt 0.540052 -0.131464
vt 0.540053 -0.132983
vt 0.566223 -0.133129
vt 0.494965 -0.125597
vt 0.566224 -0.134649
vt 0.566223 -0.133129
vt 0.610635 -0.135450
vt 0.610471 -0.136971
vt 0.610635 -0.135450
vt 0.633433 -0.136950
vt 0.566224 -0.134649
vt 0.787060 -0.114179
vt 0.786896 -0.115697
vt 0.748912 -0.123837
vt 0.827236 -0.098943
vt 0.456965 -0.116007
vt 0.416594 -0.099329
vt 0.456795 -0.114489
vt 0.494964 -0.124076
vt 0.827234 -0.097257
vt 0.827236 -0.098943
vt 0.787060 -0.114179
vt 0.863185 -0.079998
vt 0.416594 -0.099329
vt 0.380612 -0.080452
vt 0.416592 -0.097643
vt 0.456795 -0.114489
vt 0.863184 -0.078312
vt 0.863185 -0.079998
vt 0.827234 -0.097257
vt 0.380612 -0.080452
vt 0.380610 -0.078765
vt 0.416592 -0.097643
vt 0.623979 0.397619
vt 0.618916 0.397614
vt 0.618894 0.420915
vt 0.618945 0.367391
vt 0.623957 0.420920
vt 0.705346 0.420997
vt 0.705368 0.397696
vt 0.700280 0.420992
vt 0.738440 0.421028
vt 0.743503 0.421032
vt 0.743525 0.397731
vt 0.773895 0.421061
vt 0.773917 0.397760
vt 0.413406 0.420552
vt 0.420324 0.420558
vt 0.413428 0.397421
vt 0.822527 0.420937
vt 0.829448 0.420943
vt 0.829470 0.397812
vt 0.384659 0.282238
vt 0.384844 0.084853
vt 0.346330 0.282539
vt 0.384815 0.299124
vt 0.346149 0.299424
vt 0.384815 0.299124
vt 0.385648 0.313476
vt 0.345626 0.313607
vt 0.385648 0.313476
vt 0.858639 0.085299
vt 0.858453 0.282684
vt 0.896781 0.283057
vt 0.858265 0.299569
vt 0.896931 0.299941
vt 0.858265 0.299569
vt 0.857409 0.313920
vt 0.897430 0.314126
vt 0.857409 0.313920
vt 0.420324 0.420558
vt 0.420346 0.397428
vt 0.413428 0.397421
vt 0.822549 0.397806
vt 0.822527 0.420937
vt 0.829470 0.397812
vt 0.468978 0.397473
vt 0.468956 0.420774
vt 0.499349 0.420803
vt 0.504415 0.420808
vt 0.499371 0.397502
vt 0.537509 0.420839
vt 0.537531 0.397538
vt 0.542575 0.420844
vt 0.578202 0.420877
vt 0.542597 0.397543
vt 0.578223 0.397576
vt 0.578252 0.367352
vt 0.583264 0.420882
vt 0.583286 0.397581
vt 0.583315 0.367357
vt 0.583322 0.359760
vt 0.839676 0.139484
vt 0.841191 0.139485
vt 0.839040 0.098959
vt 0.840987 0.180007
vt 0.840987 0.180007
vt 0.842674 0.180009
vt 0.841796 0.220531
vt 0.402317 0.179595
vt 0.403705 0.139074
vt 0.402187 0.139072
vt 0.404421 0.098550
vt 0.400628 0.179593
vt 0.401436 0.220117
vt 0.420346 0.397428
vt 0.420324 0.420558
vt 0.438564 0.420576
vt 0.822527 0.420937
vt 0.822549 0.397806
vt 0.804288 0.420919
vt 0.438564 0.420576
vt 0.468956 0.420774
vt 0.468978 0.397473
vt 0.773895 0.421061
vt 0.804288 0.420919
vt 0.773917 0.397760
vt 0.841796 0.220531
vt 0.843651 0.220533
vt 0.842674 0.180009
vt 0.842092 0.261226
vt 0.401061 0.260811
vt 0.401436 0.220117
vt 0.399578 0.220115
vt 0.400628 0.179593
vt 0.384844 0.084853
vt 0.385044 0.055643
vt 0.347221 0.055608
vt 0.347917 0.029098
vt 0.346856 0.084649
vt 0.347221 0.055608
vt 0.346330 0.282539
vt 0.385915 0.028967
vt 0.347917 0.029098
vt 0.387463 -0.006321
vt 0.896627 0.085166
vt 0.858639 0.085299
vt 0.896781 0.283057
vt 0.896320 0.056124
vt 0.858494 0.056089
vt 0.896320 0.056124
vt 0.895667 0.029613
vt 0.857676 0.029410
vt 0.895667 0.029613
vt 0.856188 -0.005881
vt 0.659584 0.420954
vt 0.659606 0.397653
vt 0.664675 0.397657
vt 0.664653 0.420958
vt 0.624007 0.367395
vt 0.659634 0.367429
vt 0.499766 -0.022594
vt 0.500101 -0.020737
vt 0.505168 -0.022081
vt 0.743581 -0.020508
vt 0.743920 -0.022365
vt 0.738516 -0.021862
vt 0.504833 -0.023940
vt 0.499766 -0.022594
vt 0.505168 -0.022081
vt 0.743920 -0.022365
vt 0.738858 -0.023720
vt 0.738516 -0.021862
vt 0.537930 -0.026949
vt 0.538097 -0.025091
vt 0.543163 -0.025929
vt 0.842092 0.261226
vt 0.843781 0.261227
vt 0.843651 0.220533
vt 0.841881 0.309177
vt 0.401061 0.260811
vt 0.399371 0.260809
vt 0.401184 0.308762
vt 0.399578 0.220115
vt 0.705597 -0.024934
vt 0.705767 -0.026792
vt 0.700531 -0.025782
vt 0.542996 -0.027621
vt 0.537930 -0.026949
vt 0.543163 -0.025929
vt 0.705767 -0.026792
vt 0.700702 -0.027473
vt 0.700531 -0.025782
vt 0.578624 -0.028768
vt 0.578622 -0.026911
vt 0.583686 -0.027244
vt 0.583687 -0.029101
vt 0.578624 -0.028768
vt 0.583686 -0.027244
vt 0.665076 -0.028687
vt 0.660007 -0.029029
vt 0.660005 -0.027172
vt 0.665074 -0.026830
vt 0.665076 -0.028687
vt 0.660005 -0.027172
vt 0.619317 -0.029067
vt 0.619316 -0.027210
vt 0.624378 -0.027206
vt 0.624380 -0.029062
vt 0.843736 0.309178
vt 0.843781 0.261227
vt 0.841881 0.309177
vt 0.399371 0.260809
vt 0.399326 0.308761
vt 0.401184 0.308762
vt 0.413457 0.367197
vt 0.413428 0.397421
vt 0.420375 0.367204
vt 0.829470 0.397812
vt 0.829499 0.367589
vt 0.822578 0.367582
vt 0.413428 0.397421
vt 0.420346 0.397428
vt 0.420375 0.367204
vt 0.822549 0.397806
vt 0.829470 0.397812
vt 0.822578 0.367582
vt 0.390066 0.278192
vt 0.390248 0.084858
vt 0.384659 0.282238
vt 0.853235 0.085294
vt 0.853054 0.278628
vt 0.858453 0.282684
vt 0.420375 0.367204
vt 0.420346 0.397428
vt 0.438751 0.397445
vt 0.438564 0.420576
vt 0.822549 0.397806
vt 0.804144 0.397788
vt 0.804288 0.420919
vt 0.822578 0.367582
vt 0.390248 0.084858
vt 0.384844 0.084853
vt 0.384659 0.282238
vt 0.385044 0.055643
vt 0.390447 0.055649
vt 0.385915 0.028967
vt 0.390248 0.084858
vt 0.348962 0.001577
vt 0.347917 0.029098
vt 0.387463 -0.006321
vt 0.853091 0.056083
vt 0.853235 0.085294
vt 0.858494 0.056089
vt 0.857676 0.029410
vt 0.853235 0.085294
vt 0.858639 0.085299
vt 0.858453 0.282684
vt 0.895667 0.029613
vt 0.894681 0.002090
vt 0.856188 -0.005881
vt 0.773945 0.367536
vt 0.773952 0.359939
vt 0.743553 0.367508
vt 0.773917 0.397760
vt 0.804288 0.420919
vt 0.804144 0.397788
vt 0.804144 0.397788
vt 0.773945 0.367536
vt 0.738490 0.367503
vt 0.743525 0.397731
vt 0.743560 0.359911
vt 0.659642 0.359832
vt 0.659634 0.367429
vt 0.664711 0.359836
vt 0.700338 0.359870
vt 0.700385 0.309044
vt 0.664703 0.367434
vt 0.700330 0.367467
vt 0.700302 0.397691
vt 0.705368 0.397696
vt 0.705396 0.367472
vt 0.705403 0.359875
vt 0.738462 0.397727
vt 0.738440 0.421028
vt 0.743525 0.397731
vt 0.738490 0.367503
vt 0.738497 0.359906
vt 0.738545 0.309080
vt 0.705451 0.309048
vt 0.705496 0.261097
vt 0.743553 0.367508
vt 0.773917 0.397760
vt 0.743525 0.397731
vt 0.743503 0.421032
vt 0.499371 0.397502
vt 0.468978 0.397473
vt 0.499349 0.420803
vt 0.499399 0.367278
vt 0.504437 0.397507
vt 0.504465 0.367283
vt 0.504415 0.420808
vt 0.537531 0.397538
vt 0.537559 0.367314
vt 0.504465 0.367283
vt 0.537559 0.367314
vt 0.504472 0.359686
vt 0.542597 0.397543
vt 0.542625 0.367319
vt 0.578252 0.367352
vt 0.537566 0.359717
vt 0.504472 0.359686
vt 0.504520 0.308860
vt 0.537614 0.308891
vt 0.537659 0.260939
vt 0.504565 0.260908
vt 0.504603 0.220214
vt 0.542632 0.359722
vt 0.578259 0.359755
vt 0.542680 0.308895
vt 0.583315 0.367357
vt 0.583322 0.359760
vt 0.578223 0.397576
vt 0.700302 0.397691
vt 0.664703 0.367434
vt 0.664711 0.359836
vt 0.659642 0.359832
vt 0.624015 0.359798
vt 0.659689 0.309005
vt 0.618952 0.359793
vt 0.624062 0.308972
vt 0.624107 0.261021
vt 0.583369 0.308934
vt 0.659734 0.261054
vt 0.619000 0.308967
vt 0.659773 0.220360
vt 0.619045 0.261016
vt 0.624146 0.220326
vt 0.583415 0.260982
vt 0.659811 0.179667
vt 0.583453 0.220288
vt 0.624184 0.179633
vt 0.619083 0.220321
vt 0.659849 0.138977
vt 0.583491 0.179595
vt 0.624222 0.138944
vt 0.619121 0.179629
vt 0.659887 0.098283
vt 0.583529 0.138905
vt 0.624092 0.098249
vt 0.619159 0.138939
vt 0.583568 0.098211
vt 0.619366 0.098245
vt 0.619431 0.029692
vt 0.624156 0.029697
vt 0.659952 0.029731
vt 0.583632 0.029659
vt 0.619453 0.006391
vt 0.624178 0.006396
vt 0.659974 0.006430
vt 0.659986 -0.006571
vt 0.624359 -0.006604
vt 0.665055 -0.006231
vt 0.619296 -0.006609
vt 0.583666 -0.006643
vt 0.583654 0.006358
vt 0.583654 0.006358
vt 0.578603 -0.006312
vt 0.578591 0.006690
vt 0.543144 -0.005163
vt 0.578591 0.006690
vt 0.578569 0.029991
vt 0.542941 0.031140
vt 0.543132 0.007839
vt 0.543144 -0.005163
vt 0.578505 0.098206
vt 0.542878 0.098173
vt 0.542941 0.031140
vt 0.578467 0.138901
vt 0.542840 0.138867
vt 0.578428 0.179590
vt 0.542801 0.179557
vt 0.578390 0.220283
vt 0.542763 0.220250
vt 0.578352 0.260978
vt 0.542725 0.260944
vt 0.542680 0.308895
vt 0.578307 0.308929
vt 0.578259 0.359755
vt 0.538065 0.008511
vt 0.537874 0.031810
vt 0.538065 0.008511
vt 0.538077 -0.004492
vt 0.504946 0.034819
vt 0.504887 0.098137
vt 0.537812 0.098168
vt 0.537774 0.138862
vt 0.504680 0.138831
vt 0.537736 0.179552
vt 0.504642 0.179521
vt 0.537697 0.220245
vt 0.504603 0.220214
vt 0.537659 0.260939
vt 0.504968 0.011517
vt 0.504980 -0.001484
vt 0.538077 -0.004492
vt 0.543144 -0.005163
vt 0.543132 0.007839
vt 0.504980 -0.001484
vt 0.500082 -0.000137
vt 0.499898 0.012864
vt 0.504946 0.034819
vt 0.499898 0.012864
vt 0.499876 0.036334
vt 0.469315 0.039176
vt 0.499898 0.012864
vt 0.469500 0.018408
vt 0.469512 0.005406
vt 0.500082 -0.000137
vt 0.700338 0.359870
vt 0.700330 0.367467
vt 0.705403 0.359875
vt 0.542625 0.367319
vt 0.542632 0.359722
vt 0.537566 0.359717
vt 0.665021 0.030073
vt 0.664957 0.098288
vt 0.700583 0.098321
vt 0.705712 0.031968
vt 0.705565 0.008668
vt 0.700646 0.031288
vt 0.664918 0.138982
vt 0.738634 0.035039
vt 0.700545 0.139016
vt 0.664880 0.179672
vt 0.700507 0.179705
vt 0.664842 0.220365
vt 0.700469 0.220398
vt 0.664804 0.261059
vt 0.700430 0.261092
vt 0.700385 0.309044
vt 0.664758 0.309010
vt 0.705649 0.098326
vt 0.738575 0.098357
vt 0.705611 0.139020
vt 0.738634 0.035039
vt 0.743699 0.036563
vt 0.743721 0.013094
vt 0.738656 0.011736
vt 0.743721 0.013094
vt 0.738634 0.035039
vt 0.743561 0.000091
vt 0.743699 0.036563
vt 0.774254 0.039462
vt 0.774108 0.018694
vt 0.774120 0.005692
vt 0.743561 0.000091
vt 0.738590 0.261128
vt 0.705496 0.261097
vt 0.738545 0.309080
vt 0.738629 0.220434
vt 0.705535 0.220403
vt 0.738667 0.179741
vt 0.705573 0.179710
vt 0.738705 0.139051
vt 0.705611 0.139020
vt 0.738575 0.098357
vt 0.390447 0.055649
vt 0.391484 0.028635
vt 0.385915 0.028967
vt 0.387463 -0.006321
vt 0.857676 0.029410
vt 0.856188 -0.005881
vt 0.852104 0.029068
vt 0.853091 0.056083
vt 0.774084 0.220467
vt 0.774122 0.179774
vt 0.743691 0.220439
vt 0.804349 0.179803
vt 0.743730 0.179746
vt 0.804387 0.139113
vt 0.774160 0.139085
vt 0.743768 0.139056
vt 0.822578 0.367582
vt 0.804172 0.367565
vt 0.804144 0.397788
vt 0.438780 0.367221
vt 0.420375 0.367204
vt 0.438751 0.397445
vt 0.804425 0.098419
vt 0.774198 0.098390
vt 0.743806 0.098362
vt 0.743699 0.036563
vt 0.774254 0.039462
vt 0.804481 0.039491
vt 0.835694 0.059784
vt 0.833678 0.052013
vt 0.829127 0.045423
vt 0.804425 0.098419
vt 0.822376 0.041029
vt 0.814609 0.039500
vt 0.804481 0.039491
vt 0.837856 0.098958
vt 0.835694 0.059784
vt 0.839676 0.139484
vt 0.665043 0.006772
vt 0.665055 -0.006231
vt 0.659952 0.029731
vt 0.700512 -0.005015
vt 0.700500 0.007987
vt 0.705577 -0.004334
vt 0.700512 -0.005015
vt 0.738668 -0.001264
vt 0.705577 -0.004334
vt 0.402317 0.179595
vt 0.401436 0.220117
vt 0.438956 0.179459
vt 0.438995 0.138770
vt 0.403705 0.139074
vt 0.469183 0.179488
vt 0.438995 0.138770
vt 0.439033 0.098075
vt 0.469222 0.138798
vt 0.499576 0.179516
vt 0.499614 0.138827
vt 0.469260 0.098103
vt 0.499652 0.098132
vt 0.499876 0.036334
vt 0.469315 0.039176
vt 0.439088 0.039147
vt 0.405604 0.098551
vt 0.439033 0.098075
vt 0.407834 0.059382
vt 0.409868 0.051614
vt 0.414431 0.045033
vt 0.421194 0.040651
vt 0.428960 0.039138
vt 0.439088 0.039147
vt 0.428960 0.039138
vt 0.438751 0.397445
vt 0.438564 0.420576
vt 0.468978 0.397473
vt 0.469007 0.367250
vt 0.499399 0.367278
vt 0.469007 0.367250
vt 0.469014 0.359652
vt 0.499406 0.359681
vt 0.504465 0.367283
vt 0.499371 0.397502
vt 0.469062 0.308826
vt 0.469014 0.359652
vt 0.499454 0.308855
vt 0.499406 0.359681
vt 0.504472 0.359686
vt 0.504465 0.367283
vt 0.499499 0.260904
vt 0.438835 0.308798
vt 0.469107 0.260875
vt 0.469145 0.220181
vt 0.499537 0.220209
vt 0.438880 0.260847
vt 0.438918 0.220152
vt 0.401061 0.260811
vt 0.401184 0.308762
vt 0.401136 0.359589
vt 0.840987 0.180007
vt 0.804387 0.139113
vt 0.841796 0.220531
vt 0.804311 0.220496
vt 0.842092 0.261226
vt 0.804272 0.261190
vt 0.804227 0.309141
vt 0.841881 0.309177
vt 0.774045 0.261162
vt 0.841833 0.360003
vt 0.743653 0.261133
vt 0.774000 0.309113
vt 0.743608 0.309084
vt 0.743560 0.359911
vt 0.738497 0.359906
vt 0.738490 0.367503
vt 0.773952 0.359939
vt 0.743553 0.367508
vt 0.804179 0.359968
vt 0.773945 0.367536
vt 0.804172 0.367565
vt 0.804172 0.367565
vt 0.842498 0.367601
vt 0.804144 0.397788
vt 0.773945 0.367536
vt 0.401136 0.359589
vt 0.400451 0.367185
vt 0.438780 0.367221
vt 0.438787 0.359624
vt 0.438780 0.367221
vt 0.469007 0.367250
vt 0.438751 0.397445
vt 0.743561 0.000091
vt 0.738668 -0.001264
vt 0.738656 0.011736
vn 0.9944 -0.0473 -0.0942
vn 0.9783 -0.1967 -0.0653
vn 0.9984 -0.0551 -0.0121
vn 0.9462 -0.2370 -0.2204
vn 0.8428 -0.1967 0.5009
vn 0.7440 -0.2370 0.6247
vn 0.8442 -0.0473 0.5340
vn 0.8849 -0.0551 0.4626
vn 0.9646 -0.2048 0.1659
vn 0.9858 -0.0393 0.1632
vn 0.9654 -0.2283 0.1257
vn 0.9787 -0.0393 0.2017
vn 0.9530 -0.0393 0.3006
vn 0.9353 -0.2048 0.2885
vn 0.9178 -0.2283 0.3247
vn 0.9640 -0.0393 0.2629
vn 0.9461 -0.2051 0.2506
vn 0.9571 -0.2051 0.2046
vn 0.9376 -0.1183 -0.3270
vn 0.9944 -0.0472 -0.0942
vn 0.8382 -0.2994 -0.4558
vn 0.6881 -0.1183 0.7159
vn 0.5413 -0.2994 0.7857
vn 0.9961 -0.0706 0.0526
vn 0.9674 -0.2432 0.0701
vn 0.9934 -0.0550 0.1003
vn 0.9751 -0.2207 0.0226
vn 0.9121 -0.0706 0.4038
vn 0.8944 -0.2432 0.3753
vn 0.8798 -0.2206 0.4211
vn 0.9313 -0.0550 0.3600
vn 0.9858 -0.0392 0.1631
vn 0.9655 -0.2283 0.1257
vn 0.9674 -0.2432 0.0700
vn 0.9178 -0.2283 0.3248
vn 0.9529 -0.0392 0.3006
vn 0.9751 -0.2207 0.0225
vn 0.8798 -0.2207 0.4211
vn 0.8429 -0.1967 0.5009
vn 0.8849 -0.0551 0.4625
vn 0.8364 -0.1731 -0.5201
vn 0.5106 -0.1731 0.8422
vn 0.5105 -0.1731 0.8422
vn 0.7423 -0.2212 0.6325
vn 0.9482 -0.2212 -0.2282
vn 0.7756 -0.2210 0.5913
vn 0.9592 -0.2210 -0.1764
vn 0.9482 -0.2212 -0.2281
vn 0.8078 -0.1575 -0.5680
vn 0.9098 -0.2762 -0.3099
vn 0.5744 -0.0707 -0.8155
vn 0.6711 -0.2762 0.6881
vn 0.4633 -0.1575 0.8721
vn 0.1432 -0.0706 0.9872
vn 0.8146 -0.2213 0.5362
vn 0.9690 -0.2213 -0.1096
vn 0.9592 -0.2210 -0.1763
vn 0.9991 0.0316 0.0280
vn 0.9036 0.0316 0.4273
vn 0.9036 0.0316 0.4272
vn 0.9035 0.0316 0.4274
vn 0.9013 -0.1810 0.3936
vn 0.8461 -0.2202 0.4854
vn 0.8605 -0.2431 0.4477
vn 0.9818 -0.1810 0.0568
vn 0.9742 -0.2202 -0.0500
vn 0.9700 -0.2431 -0.0099
vn 0.8145 -0.2213 0.5362
vn 0.9013 -0.1811 0.3936
vn 0.9046 -0.1967 0.3782
vn 0.9818 -0.1811 0.0568
vn 0.9778 -0.1967 0.0721
vn 0.9207 -0.1887 0.3415
vn 0.9961 -0.0706 0.0527
vn 0.9756 -0.1887 0.1121
vn 0.9699 -0.2431 -0.0099
vn 0.9635 -0.2669 0.0206
vn 0.8686 -0.2669 0.4176
vn 0.9098 -0.2762 -0.3097
vn 0.9115 -0.4114 -0.0016
vn 0.7821 -0.6229 -0.0156
vn 0.9098 -0.2762 -0.3098
vn 0.9831 -0.1813 0.0244
vn 0.8121 -0.4114 0.4138
vn 0.6712 -0.2762 0.6879
vn 0.6904 -0.6229 0.3678
vn 0.8121 -0.4114 0.4139
vn 0.8878 -0.1813 0.4231
vn 0.8079 -0.1575 -0.5679
vn 0.9635 -0.2669 0.0207
vn 0.4635 -0.1575 0.8720
vn 0.6712 -0.2762 0.6880
vn 0.9208 -0.1887 0.3415
vn 0.9206 -0.2040 0.3331
vn 0.9205 -0.2040 0.3331
vn 0.9220 -0.2210 0.3179
vn 0.9220 -0.2209 0.3179
vn 0.9260 -0.2364 0.2944
vn 0.9717 -0.2040 0.1195
vn 0.9717 -0.2040 0.1194
vn 0.9661 -0.2210 0.1337
vn 0.9661 -0.2209 0.1337
vn 0.9590 -0.2364 0.1565
vn 0.9046 -0.1967 0.3781
vn 0.9075 -0.2123 0.3625
vn 0.9075 -0.2122 0.3625
vn 0.9115 -0.2202 0.3474
vn 0.9075 -0.2123 0.3626
vn 0.9111 -0.2447 0.3316
vn 0.9111 -0.2448 0.3316
vn 0.9101 -0.2597 0.3229
vn 0.9733 -0.2123 0.0873
vn 0.9733 -0.2122 0.0873
vn 0.9700 -0.2202 0.1026
vn 0.9626 -0.2447 0.1166
vn 0.9625 -0.2448 0.1166
vn 0.9577 -0.2597 0.1239
vn 0.9122 -0.4018 0.0805
vn 0.7825 -0.6213 0.0417
vn 0.8499 -0.4017 0.3410
vn 0.7166 -0.6213 0.3169
vn 0.7825 -0.6213 0.0416
vn 0.9083 -0.4033 0.1115
vn 0.9768 -0.1650 0.1367
vn 0.9122 -0.4017 0.0805
vn 0.9768 -0.1649 0.1367
vn 0.9577 -0.2598 0.1239
vn 0.9101 -0.2598 0.3229
vn 0.9329 -0.1649 0.3201
vn 0.9329 -0.1649 0.3200
vn 0.7166 -0.6213 0.3170
vn 0.8604 -0.4033 0.3115
vn 0.9270 -0.2514 0.2783
vn 0.9270 -0.2514 0.2782
vn 0.9228 -0.2755 0.2693
vn 0.9479 -0.1732 0.2672
vn 0.9526 -0.2514 0.1713
vn 0.9448 -0.2755 0.1774
vn 0.9663 -0.1732 0.1907
vn 0.5542 0.2054 0.8066
vn 0.8176 0.1891 0.5439
vn 0.9752 0.1891 -0.1151
vn 0.8592 0.2054 -0.4686
vn 0.7821 -0.6230 -0.0156
vn 0.9115 -0.4114 -0.0017
vn 0.6129 -0.7900 -0.0158
vn 0.6119 -0.7909 -0.0082
vn 0.6904 -0.6230 0.3679
vn 0.5395 -0.7900 0.2914
vn 0.5419 -0.7909 0.2841
vn 0.7564 -0.6285 0.1809
vn 0.7508 -0.6283 0.2038
vn 0.5774 -0.8018 0.1543
vn 0.8837 -0.4090 0.2275
vn 0.8875 -0.4090 0.2123
vn 0.9579 -0.1733 0.2291
vn 0.9309 -0.2830 0.2308
vn 0.9375 -0.2591 0.2323
vn 0.9393 -0.2443 0.2408
vn 0.9393 -0.2443 0.2409
vn 0.9413 -0.2277 0.2494
vn 0.9393 -0.2444 0.2409
vn 0.9413 -0.2277 0.2493
vn 0.9425 -0.2126 0.2578
vn 0.9459 -0.1960 0.2585
vn 0.9530 -0.0393 0.3005
vn 0.7825 -0.6213 0.0415
vn 0.6068 -0.7942 0.0319
vn 0.6130 -0.7899 -0.0159
vn 0.5556 -0.7942 0.2462
vn 0.5395 -0.7899 0.2915
vn 0.8176 0.1891 0.5438
vn 0.5543 0.2054 0.8066
vn 0.6130 -0.7900 -0.0158
vn 0.5420 -0.7909 0.2841
vn 0.6904 -0.6230 0.3678
vn 0.5864 -0.8017 0.1160
vn 0.5930 -0.8007 0.0853
vn 0.7634 -0.6282 0.1503
vn 0.7710 -0.6270 0.1119
vn 0.9003 -0.4083 0.1508
vn 0.9663 -0.1732 0.1906
vn 0.9448 -0.2754 0.1774
vn 0.8959 -0.4087 0.1739
vn 0.9003 -0.4082 0.1508
vn 0.8959 -0.4088 0.1740
vn 0.8910 -0.4090 0.1970
vn 0.7617 -0.6284 0.1580
vn 0.8960 -0.4087 0.1738
vn 0.7617 -0.6283 0.1579
vn 0.7382 -0.6270 0.2491
vn 0.5674 -0.8007 0.1922
vn 0.7488 -0.6282 0.2114
vn 0.8711 -0.4083 0.2729
vn 0.5754 -0.8017 0.1619
vn 0.9228 -0.2754 0.2693
vn 0.8711 -0.4082 0.2729
vn 0.8777 -0.4087 0.2503
vn 0.7508 -0.6283 0.2037
vn 0.8776 -0.4087 0.2504
vn 0.7488 -0.6282 0.2115
vn 0.7508 -0.6283 0.2039
vn 0.7617 -0.6283 0.1580
vn 0.8910 -0.4090 0.1969
vn 0.5847 -0.8018 0.1237
vn 0.7564 -0.6286 0.1809
vn 0.5811 -0.8019 0.1390
vn 0.8875 -0.4091 0.2123
vn 0.9578 -0.1733 0.2291
vn 0.9346 -0.2830 0.2154
vn 0.9411 -0.2591 0.2170
vn 0.9466 -0.2443 0.2102
vn 0.9522 -0.2277 0.2035
vn 0.9466 -0.2444 0.2102
vn 0.9522 -0.2276 0.2036
vn 0.9572 -0.2127 0.1966
vn 0.9572 -0.2126 0.1966
vn 0.9605 -0.1960 0.1975
vn 0.7758 -0.6248 0.0880
vn 0.6068 -0.7942 0.0320
vn 0.9083 -0.4032 0.1116
vn 0.9083 -0.4032 0.1115
vn 0.9004 -0.4082 0.1507
vn 0.7710 -0.6269 0.1118
vn 0.7317 -0.6248 0.2726
vn 0.5556 -0.7942 0.2461
vn 0.8711 -0.4082 0.2730
vn 0.7381 -0.6270 0.2491
vn 0.7710 -0.6270 0.1118
vn 0.5998 -0.7970 0.0704
vn 0.5668 -0.7970 0.2086
vn 0.9082 -0.4033 0.1116
vn 0.7759 -0.6247 0.0880
vn 0.7317 -0.6247 0.2726
vn 0.8605 -0.4032 0.3115
vn 0.7382 -0.6269 0.2491
vn 0.7508 -0.6284 0.2038
vn 0.5864 -0.8016 0.1160
vn 0.7272 -0.6258 -0.2821
vn 0.8548 -0.5031 -0.1269
vn 0.7049 -0.5031 0.5000
vn 0.5413 -0.2995 0.7857
vn 0.5209 -0.6258 0.5806
vn 0.6260 -0.3616 -0.6909
vn 0.8382 -0.2995 -0.4558
vn 0.5208 -0.6258 0.5807
vn 0.2457 -0.3616 0.8994
vn 0.8548 -0.5032 -0.1269
vn 0.8636 -0.5041 0.0122
vn 0.7756 -0.5041 0.3799
vn 0.9426 0.1499 0.2985
vn 0.9756 0.1499 0.1603
vn 0.9752 0.1890 -0.1151
vn 0.8493 -0.5187 0.0981
vn 0.8018 -0.5187 0.2968
vn 0.9426 0.1499 0.2984
vn 0.8177 0.1891 0.5438
vn 0.9756 0.1499 0.1604
vn 0.9752 0.1891 -0.1149
vn 0.8446 -0.4814 0.2345
vn 0.5780 -0.7944 0.1868
vn 0.5664 -0.7882 0.2408
vn 0.6154 -0.7875 0.0338
vn 0.8667 -0.4804 0.1344
vn 0.5416 -0.4573 -0.7054
vn 0.7970 -0.3542 -0.4893
vn 0.6298 -0.6845 -0.3671
vn 0.7969 -0.3543 -0.4893
vn 0.8799 -0.4551 -0.1365
vn 0.9002 -0.2763 -0.3366
vn 0.9663 0.1414 0.2150
vn 0.9590 0.1414 0.2455
vn 0.8278 -0.5361 0.1656
vn 0.8244 -0.5363 0.1810
vn 0.8171 -0.5363 0.2116
vn 0.8131 -0.5361 0.2269
vn 0.8593 -0.4814 0.1731
vn 0.6000 -0.7944 0.0950
vn 0.5897 -0.7952 0.1411
vn 0.8337 -0.4804 0.2723
vn 0.5641 -0.7875 0.2483
vn 0.6141 -0.7882 0.0415
vn 0.4893 -0.3543 0.7969
vn 0.1638 -0.4573 0.8741
vn 0.3956 -0.6845 0.6123
vn 0.4893 -0.3542 0.7969
vn 0.7229 -0.4552 0.5199
vn 0.6505 -0.2763 0.7075
vn 0.3955 -0.6845 0.6124
vn 0.8260 -0.5497 0.1249
vn 0.8137 -0.5647 0.1382
vn 0.8185 -0.5508 0.1634
vn 0.7881 -0.5647 0.2450
vn 0.7931 -0.5497 0.2624
vn 0.8038 -0.5508 0.2246
vn 0.8541 -0.4783 0.2043
vn 0.5896 -0.7953 0.1410
vn 0.8593 -0.4814 0.1730
vn 0.8544 -0.4783 0.2029
vn 0.9275 -0.3068 0.2137
vn 0.8573 -0.4722 0.2050
vn 0.9279 -0.2996 0.2219
vn 0.9279 -0.2995 0.2219
vn 0.9279 -0.2997 0.2219
vn 0.8573 -0.4722 0.2051
vn 0.8191 -0.5734 -0.0141
vn 0.8548 -0.5031 -0.1270
vn 0.7254 -0.6780 -0.1183
vn 0.7241 -0.5734 0.3832
vn 0.5934 -0.6780 0.4338
vn 0.8573 -0.4723 0.2050
vn 0.5897 -0.7953 0.1410
vn 0.9238 -0.3068 0.2290
vn 0.5897 -0.7952 0.1410
vn 0.9238 -0.3068 0.2291
vn 0.7272 -0.6258 -0.2822
vn 0.7255 -0.6780 -0.1183
vn 0.7701 -0.6196 0.1519
vn 0.7956 -0.5986 0.0931
vn 0.7555 -0.6196 0.2130
vn 0.7517 -0.5986 0.2770
vn 0.7532 -0.6370 0.1640
vn 0.7445 -0.6456 0.1700
vn 0.8278 -0.5361 0.1655
vn 0.9461 -0.2052 0.2506
vn 0.7459 -0.6370 0.1946
vn 0.7409 -0.6456 0.1853
vn 0.8171 -0.5363 0.2117
vn 0.8636 -0.5040 0.0122
vn 0.7756 -0.5040 0.3799
vn 0.7600 -0.6284 0.1656
vn 0.7527 -0.6284 0.1962
vn 0.7410 -0.6538 0.1529
vn 0.7300 -0.6538 0.1989
vn 0.8523 -0.4816 0.2039
vn 0.6989 -0.6991 0.1510
vn 0.7145 -0.6509 -0.2565
vn 0.6914 -0.6991 0.1823
vn 0.5211 -0.6509 0.5520
vn 0.7497 -0.6453 0.1469
vn 0.7881 -0.5647 0.2449
vn 0.8039 -0.5508 0.2246
vn 0.7350 -0.6453 0.2082
vn 0.5328 -0.6939 0.4845
vn 0.6201 -0.4399 0.6495
vn 0.5327 -0.6939 0.4845
vn 0.8469 -0.4399 -0.2987
vn 0.6943 -0.6939 -0.1910
vn 0.6942 -0.6939 -0.1910
vn 0.8425 -0.4483 0.2988
vn 0.6642 -0.6995 0.2638
vn 0.8454 -0.4420 0.2998
vn 0.9293 -0.2214 0.2956
vn 0.9460 -0.1422 0.2913
vn 0.9625 -0.2214 0.1569
vn 0.9754 -0.1423 0.1682
vn 0.8865 -0.4483 0.1148
vn 0.7116 -0.6995 0.0653
vn 0.9279 -0.2995 0.2220
vn 0.9275 -0.3068 0.2138
vn 0.9293 -0.2214 0.2955
vn 0.9625 -0.2214 0.1570
vn 0.9754 -0.1422 0.1682
vn 0.8562 -0.4651 -0.2248
vn 0.8524 -0.4816 0.2039
vn 0.7145 -0.6510 -0.2565
vn 0.9234 -0.3139 0.2209
vn 0.9028 -0.3145 -0.2933
vn 0.9724 -0.0629 0.2245
vn 0.9601 -0.1809 0.2135
vn 0.6619 -0.4651 0.5879
vn 0.5211 -0.6509 0.5521
vn 0.6724 -0.3145 0.6701
vn 0.9688 -0.0629 0.2398
vn 0.9527 -0.1809 0.2441
vn 0.8653 -0.4806 0.1422
vn 0.9279 -0.3161 0.1976
vn 0.8653 -0.4807 0.1421
vn 0.6141 -0.7881 0.0415
vn 0.8360 -0.4807 0.2648
vn 0.5664 -0.7881 0.2408
vn 0.8446 -0.4814 0.2344
vn 0.8360 -0.4806 0.2647
vn 0.9169 -0.3161 0.2437
vn 0.9726 -0.0000 0.2326
vn 0.9724 -0.0628 0.2245
vn 0.9750 -0.0472 0.2170
vn 0.9600 -0.1809 0.2135
vn 0.9757 -0.0869 0.2009
vn 0.9601 -0.1809 0.2134
vn 0.9758 -0.0869 0.2009
vn 0.9601 -0.1810 0.2134
vn 0.9688 -0.0628 0.2398
vn 0.9677 -0.0472 0.2476
vn 0.9527 -0.1810 0.2441
vn 0.9610 -0.0869 0.2624
vn 0.9083 -0.3230 0.2658
vn 0.9288 -0.3231 0.1816
vn 0.9303 -0.3229 0.1739
vn 0.9104 -0.3231 0.2583
vn 0.9288 -0.3231 0.1817
vn 0.9083 -0.3230 0.2659
vn 0.9105 -0.3231 0.2583
vn 0.9303 -0.3230 0.1739
vn 0.7229 -0.4552 0.5198
vn 0.8395 -0.3144 0.4432
vn 0.3956 -0.6845 0.6124
vn 0.8799 -0.4552 -0.1365
vn 0.9492 -0.3144 -0.0154
vn 0.9083 -0.3229 0.2659
vn 0.9002 -0.2763 -0.3365
vn -0.2206 0.3162 0.9227
vn 0.1264 0.5571 0.8208
vn -0.5549 0.2360 0.7978
vn -0.4805 0.2992 0.8244
vn -0.5031 0.1496 0.8512
vn -0.5032 0.1496 0.8511
vn -0.5032 0.1497 0.8511
vn -0.3234 0.0552 0.9447
vn -0.5550 0.2362 0.7977
vn -0.2207 0.3163 0.9227
vn -0.2207 0.3162 0.9227
vn -0.3914 0.2370 0.8892
vn -0.4031 0.3615 0.8407
vn -0.3253 0.4092 0.8525
vn -0.4806 0.2993 0.8243
vn -0.5548 0.2361 0.7978
vn -0.4805 0.2992 0.8243
vn -0.4031 0.3614 0.8408
vn -0.7991 0.3473 0.4907
vn -0.9021 0.2689 0.3374
vn -0.6332 0.1730 0.7544
vn -0.5301 0.1811 0.8284
vn -0.7992 0.3474 0.4905
vn -0.6334 0.1730 0.7542
vn -0.3253 0.4090 0.8526
vn -0.2888 0.4011 0.8693
vn -0.3253 0.4091 0.8526
vn -0.2888 0.4012 0.8693
vn -0.3296 0.3606 0.8725
vn -0.3252 0.4091 0.8525
vn -0.3296 0.3607 0.8725
vn -0.3707 0.3240 0.8704
vn -0.3708 0.3242 0.8703
vn -0.3915 0.2371 0.8891
vn -0.3296 0.3608 0.8725
vn -0.3232 0.0552 0.9447
vn -0.2327 0.0000 0.9726
vn -0.3233 0.0552 0.9447
vn -0.3913 0.2369 0.8892
vn -0.3707 0.3239 0.8704
vn -0.3526 0.0948 0.9310
vn -0.5300 0.1811 0.8284
vn -0.6333 0.1730 0.7543
vn -0.7991 0.3473 0.4906
vn -0.5358 0.4494 0.7149
vn -0.3637 0.1971 0.9104
vn 0.5412 -0.2994 0.7858
vn 0.2456 -0.3616 0.8994
vn -0.1221 -0.1184 0.9854
vn 0.0216 -0.1336 0.9908
vn -0.3526 0.0948 0.9309
vn -0.3637 0.1972 0.9104
vn 0.0235 -0.1501 0.9884
vn -0.0985 -0.5667 0.8180
vn -0.1690 -0.6871 0.7066
vn -0.0088 -0.5813 0.8136
vn -0.0986 -0.5667 0.8180
vn 0.6723 -0.3146 0.6701
vn 0.0568 -0.4153 0.9079
vn -0.0366 -0.4405 0.8970
vn -0.1695 -0.1102 0.9794
vn -0.1290 -0.4584 0.8793
vn -0.2081 -0.1104 0.9719
vn -0.1291 -0.4584 0.8793
vn -0.1090 -0.4323 0.8951
vn -0.1695 -0.1102 0.9793
vn -0.2081 -0.1104 0.9718
vn -0.1091 -0.4322 0.8951
vn -0.0269 -0.3782 0.9253
vn -0.1855 -0.0790 0.9795
vn 0.0846 -0.2289 0.9698
vn -0.1932 -0.0869 0.9773
vn -0.1931 -0.0869 0.9773
vn 0.0403 -0.3077 0.9506
vn -0.2006 -0.1026 0.9743
vn -0.2773 0.0947 0.9561
vn -0.2663 0.1975 0.9435
vn -0.2014 -0.0707 0.9770
vn -0.1690 -0.6871 0.7067
vn 0.2087 0.1971 0.9579
vn -0.2397 0.0707 0.9683
vn -0.2837 0.1335 0.9496
vn -0.3012 0.4884 0.8190
vn -0.5358 0.4493 0.7149
vn -0.2281 0.1961 0.9537
vn -0.2471 0.0870 0.9651
vn -0.4040 0.1025 0.9090
vn -0.2774 0.0947 0.9561
vn -0.2317 0.0870 0.9689
vn 0.2086 0.1971 0.9579
vn -0.3678 0.0158 0.9298
vn -0.2397 0.0708 0.9683
vn -0.1219 0.3846 0.9150
vn -0.5682 0.0787 0.8191
vn -0.2836 0.1335 0.9496
vn -0.2396 0.0707 0.9683
vn -0.2031 0.4877 0.8491
vn -0.2988 0.7889 0.5369
vn -0.6325 0.6776 0.3753
vn -0.2663 0.1975 0.9434
vn -0.2031 0.4876 0.8491
vn -0.3012 0.4885 0.8190
vn -0.3678 0.0157 0.9298
vn -0.3715 0.1893 0.9089
vn -0.3936 0.1810 0.9013
vn -0.3189 0.1968 0.9271
vn -0.3715 0.1894 0.9089
vn -0.2810 0.2049 0.9376
vn -0.3188 0.1968 0.9272
vn -0.2658 0.2051 0.9420
vn 0.5208 -0.6258 0.5806
vn -0.3189 0.1967 0.9272
vn -0.2326 0.0000 0.9726
vn -0.2325 0.0237 0.9723
vn -0.2325 0.0314 0.9721
vn -0.2326 0.0235 0.9723
vn -0.2326 0.0158 0.9724
vn -0.2326 0.0078 0.9725
vn -0.2326 -0.0001 0.9726
vn -0.2325 0.0315 0.9721
vn -0.2325 0.0236 0.9723
vn -0.3716 0.1893 0.9089
vn -0.3189 0.1968 0.9272
vn -0.1545 -0.0710 0.9854
vn 0.1434 -0.0707 0.9871
vn -0.4547 -0.0866 0.8864
vn -0.4966 -0.1500 0.8549
vn -0.4548 -0.0866 0.8864
vn -0.5649 -0.2055 0.7992
vn -0.1390 0.8019 0.5811
vn -0.3458 -0.0315 0.9378
vn -0.3523 -0.0785 0.9326
vn -0.3460 0.0000 0.9382
vn -0.3522 -0.0785 0.9326
vn -0.3735 -0.1178 0.9201
vn -0.3457 -0.0315 0.9378
vn -0.3734 -0.1178 0.9201
vn -0.3521 -0.0785 0.9327
vn -0.3734 -0.1178 0.9202
vn -0.4093 -0.1576 0.8987
vn -0.2019 -0.4970 0.8440
vn -0.1369 -0.8084 0.5725
vn 0.0329 -0.7945 0.6064
vn -0.1020 -0.4884 0.8666
vn 0.1638 -0.4572 0.8741
vn -0.2281 -0.1961 0.9537
vn -0.1894 -0.1975 0.9618
vn -0.0876 -0.1972 0.9764
vn 0.1052 -0.1806 0.9779
vn 0.2303 -0.1725 0.9577
vn -0.2326 0.0157 0.9724
vn -0.2326 0.0079 0.9725
vn -0.5648 -0.2054 0.7993
vn -0.4965 -0.1499 0.8550
vn -0.6356 -0.2353 0.7353
vn -0.4445 -0.1728 0.8790
vn -0.4445 -0.1728 0.8789
vn -0.4871 -0.2052 0.8489
vn -0.4094 -0.1576 0.8986
vn -0.4094 -0.1576 0.8987
vn -0.4444 -0.1728 0.8790
vn -0.2858 -0.0000 0.9583
vn -0.2783 -0.0157 0.9604
vn -0.2857 -0.0314 0.9578
vn -0.2782 -0.0157 0.9604
vn -0.2856 -0.0314 0.9578
vn -0.2782 -0.0158 0.9604
vn -0.3009 -0.0553 0.9521
vn -0.3008 -0.0553 0.9521
vn -0.3302 -0.0787 0.9406
vn -0.3529 -0.0870 0.9316
vn -0.3530 -0.0870 0.9316
vn -0.3739 -0.1101 0.9209
vn -0.3737 -0.1101 0.9210
vn -0.3528 -0.0870 0.9317
vn -0.3953 -0.1338 0.9087
vn -0.3954 -0.1338 0.9087
vn -0.5648 -0.2054 0.7992
vn -0.7193 -0.2756 0.6377
vn -0.4870 -0.2051 0.8490
vn -0.5196 -0.2357 0.8213
vn -0.2402 -0.0000 0.9707
vn -0.2402 -0.0079 0.9707
vn -0.2402 -0.0157 0.9706
vn -0.2402 -0.0158 0.9706
vn -0.2478 -0.0236 0.9685
vn -0.2403 -0.0000 0.9707
vn -0.2403 -0.0079 0.9707
vn -0.5197 -0.2358 0.8211
vn -0.2630 -0.0315 0.9643
vn -0.2705 -0.0315 0.9622
vn 0.3430 0.2751 0.8981
vn 0.3062 0.2744 0.9115
vn -0.2629 -0.0315 0.9643
vn -0.2855 -0.0393 0.9576
vn -0.4024 -0.1336 0.9056
vn -0.5196 -0.2358 0.8212
vn -0.5332 -0.2437 0.8101
vn -0.2854 -0.0393 0.9576
vn -0.2856 -0.0393 0.9576
vn -0.2930 -0.0471 0.9550
vn -0.4025 -0.1336 0.9056
vn -0.3954 -0.1337 0.9087
vn -0.2930 -0.0471 0.9549
vn -0.2856 -0.0393 0.9575
vn -0.3005 -0.0471 0.9526
vn -0.5333 -0.2437 0.8101
vn -0.5197 -0.2358 0.8212
vn -0.3004 -0.0471 0.9527
vn -0.2929 -0.0471 0.9550
vn 0.3428 0.2751 0.8982
vn 0.3060 0.2745 0.9116
vn 0.3060 0.2744 0.9116
vn 0.2372 0.2444 0.9402
vn -0.2322 -0.0628 0.9706
vn -0.2319 -0.0784 0.9696
vn -0.7194 -0.2756 0.6375
vn -0.7907 -0.3156 0.5246
vn -0.2319 -0.0785 0.9696
vn -0.2325 -0.0315 0.9721
vn -0.2326 -0.0158 0.9724
vn -0.2326 -0.0079 0.9725
vn -0.2097 0.0157 0.9776
vn -0.2095 0.0157 0.9777
vn -0.2094 0.0158 0.9777
vn -0.2096 0.0158 0.9777
vn -0.2096 0.0157 0.9777
vn -0.2095 0.0159 0.9777
vn -0.2172 0.0236 0.9758
vn -0.2250 0.0236 0.9741
vn -0.2248 0.0236 0.9741
vn -0.2249 0.0158 0.9743
vn -0.2327 0.0000 0.9725
vn -0.2250 0.0158 0.9742
vn -0.2249 0.0236 0.9741
vn -0.2250 0.0157 0.9742
vn -0.0912 0.0946 0.9913
vn -0.0911 0.0946 0.9913
vn -0.0912 0.0868 0.9920
vn -0.1079 0.0785 0.9911
vn 0.2371 0.2444 0.9402
vn 0.2371 0.2444 0.9403
vn 0.1665 0.2127 0.9628
vn -0.1090 -0.4322 0.8951
vn 0.1331 -0.8767 0.4623
vn 0.3439 -0.7972 0.4962
vn 0.3439 -0.7972 0.4961
vn -0.0913 0.0868 0.9920
vn -0.1236 0.0708 0.9898
vn 0.0098 0.2132 0.9770
vn 0.0003 0.2045 0.9789
vn -0.1235 0.0708 0.9898
vn -0.1390 0.0709 0.9877
vn 0.0099 0.2133 0.9769
vn 0.0005 0.2045 0.9789
vn -0.0244 0.1813 0.9831
vn -0.7193 -0.2757 0.6376
vn -0.1625 0.0632 0.9847
vn -0.1624 0.0632 0.9847
vn -0.1389 0.0709 0.9878
vn -0.1708 0.0471 0.9842
vn -0.1786 0.0471 0.9828
vn -0.1864 0.0236 0.9822
vn -0.0244 0.1814 0.9831
vn 0.0005 0.2046 0.9788
vn -0.0415 0.1576 0.9866
vn -0.1785 0.0471 0.9828
vn -0.1942 -0.0000 0.9810
vn 0.1664 0.2126 0.9629
vn 0.2370 0.2443 0.9403
vn 0.0975 0.1963 0.9757
vn -0.7906 -0.3156 0.5247
vn -0.8180 -0.3227 0.4761
vn -0.2326 0.0001 0.9726
vn -0.3935 0.3850 0.8348
vn -0.5312 0.7972 0.2868
vn -0.4650 0.3148 0.8275
vn -0.3248 0.8814 0.3431
vn -0.0415 0.1575 0.9866
vn -0.0243 0.1813 0.9831
vn -0.0662 0.1417 0.9877
vn -0.3145 0.4413 0.8405
vn -0.8563 0.4651 0.2248
vn -0.9063 0.3137 0.2832
vn -0.4743 0.1575 0.8662
vn -0.3737 0.5920 0.7141
vn -0.5206 0.2283 0.8227
vn -0.8562 0.4651 0.2248
vn -0.7150 0.6530 0.2497
vn -0.5312 0.7972 0.2869
vn 0.9037 0.0315 0.4269
vn 0.9038 0.0315 0.4269
vn 0.9037 0.0315 0.4270
vn -0.0663 0.1417 0.9877
vn -0.0416 0.1576 0.9866
vn -0.0911 0.1102 0.9897
vn 0.1663 0.2126 0.9629
vn 0.0387 0.1572 0.9868
vn -0.0910 0.1101 0.9897
vn -0.0910 0.1102 0.9897
vn -0.1078 0.0862 0.9904
vn -0.1078 0.0863 0.9904
vn -0.1079 0.0863 0.9904
vn -0.1238 0.0315 0.9918
vn -0.1316 -0.0079 0.9913
vn -0.1238 0.0316 0.9918
vn -0.1237 0.0315 0.9918
vn -0.1315 -0.0079 0.9913
vn 0.0976 0.1962 0.9757
vn 0.0386 0.1571 0.9868
vn 0.0062 0.1185 0.9929
vn 0.0064 0.1186 0.9929
vn -0.0204 0.0472 0.9987
vn -0.2326 -0.0157 0.9724
vn -0.2326 -0.0236 0.9723
vn -0.2326 -0.0078 0.9725
vn -0.0204 0.0473 0.9987
vn -0.0205 0.0473 0.9987
vn 0.0062 0.1186 0.9929
vn -0.0282 -0.0158 0.9995
vn -0.0568 -0.1810 0.9818
vn -0.0800 -0.1893 0.9787
vn -0.1274 -0.1966 0.9722
vn -0.0799 -0.1894 0.9786
vn 0.6204 -0.4401 0.6491
vn 0.6204 -0.4401 0.6492
vn 0.5329 -0.6940 0.4840
vn -0.1220 0.3845 0.9150
vn -0.3678 0.0156 0.9298
vn 0.0300 0.9891 0.1444
vn -0.1737 -0.2049 0.9633
vn -0.2326 -0.0235 0.9723
vn -0.2325 -0.0314 0.9721
vn -0.1814 -0.2050 0.9618
vn -0.1736 -0.2049 0.9633
vn -0.6260 0.3616 0.6909
vn -0.7312 0.6226 0.2789
vn -0.4628 0.4181 0.7817
vn -0.0800 -0.1894 0.9786
vn -0.0800 -0.1893 0.9786
vn -0.1275 -0.1966 0.9722
vn -0.6251 -0.1965 0.7554
vn -0.8578 -0.2129 0.4678
vn -0.6251 -0.1965 0.7555
vn -0.2162 -0.0948 0.9717
vn -0.2317 -0.0870 0.9689
vn -0.1853 -0.0947 0.9781
vn -0.1895 -0.1975 0.9618
vn -0.0990 -0.0947 0.9906
vn -0.0357 -0.1022 0.9941
vn -0.3736 0.5920 0.7141
vn -0.2884 0.5752 0.7655
vn -0.4743 0.1575 0.8661
vn -0.4657 -0.1807 0.8663
vn -0.4658 -0.1807 0.8662
vn -0.2778 0.0790 0.9574
vn -0.2700 0.0706 0.9603
vn -0.2698 0.0947 0.9583
vn -0.0876 -0.1971 0.9765
vn -0.1120 0.8764 0.4684
vn -0.2619 0.1026 0.9596
vn -0.3936 0.3850 0.8348
vn -0.3144 0.4413 0.8405
vn -0.2541 0.1104 0.9608
vn -0.3144 0.4413 0.8404
vn -0.2620 0.1026 0.9596
vn -0.2541 0.1104 0.9609
vn -0.2817 0.4646 0.8395
vn -0.3145 0.4413 0.8404
vn -0.3719 0.4468 0.8137
vn -0.2917 0.1180 0.9492
vn -0.3719 0.4467 0.8137
vn -0.4628 0.4182 0.7817
vn -0.3370 0.1184 0.9340
vn 0.1053 -0.1806 0.9779
vn -0.0875 -0.1972 0.9765
vn -0.4676 0.1336 0.8738
vn -0.8364 0.1731 0.5201
vn -0.8382 0.2994 0.4558
vn 0.2303 -0.1724 0.9577
vn -0.2997 -0.9534 0.0336
vn -0.2974 -0.9530 0.0584
vn -0.2388 -0.9530 -0.1867
vn -0.2520 -0.9534 -0.1656
vn -0.2387 -0.9530 -0.1867
vn -0.4362 -0.8751 -0.2097
vn -0.4839 -0.8751 -0.0104
vn -0.6019 -0.5733 -0.5559
vn -0.4362 -0.8751 -0.2098
vn -0.7883 -0.5733 0.2233
vn -0.4839 -0.8751 -0.0103
vn -0.2683 -0.9628 -0.0317
vn -0.2997 -0.9534 0.0337
vn -0.2684 -0.9628 -0.0317
vn -0.2998 -0.9534 0.0336
vn -0.2521 -0.9534 -0.1656
vn -0.2537 -0.9628 -0.0931
vn -0.2536 -0.9628 -0.0931
vn -0.6020 -0.5734 -0.5558
vn -0.4362 -0.8751 -0.2096
vn -0.7883 -0.5733 0.2232
vn -0.2610 -0.9633 -0.0624
vn -0.2611 -0.9633 -0.0624
vn -0.2611 -0.9633 -0.0625
vn -0.4838 -0.8751 -0.0103
vn 0.3944 -0.9189 0.0055
vn 0.3542 -0.9189 0.1736
vn 0.3847 -0.9228 0.0190
vn 0.3959 -0.9183 -0.0021
vn 0.6130 -0.7900 -0.0159
vn 0.5395 -0.7900 0.2915
vn 0.3521 -0.9183 0.1811
vn 0.3517 -0.9228 0.1571
vn 0.3542 -0.9189 0.1735
vn 0.3829 -0.9219 0.0592
vn 0.3797 -0.9241 0.0421
vn 0.3682 -0.9219 0.1205
vn 0.3577 -0.9241 0.1343
vn 0.2050 -0.9784 0.0247
vn 0.2032 -0.9786 0.0324
vn 0.3798 -0.9241 0.0421
vn 0.1940 -0.9784 0.0707
vn 0.1959 -0.9786 0.0631
vn 0.3960 -0.9183 -0.0021
vn 0.2177 -0.9760 0.0035
vn 0.1236 -0.9914 -0.0432
vn 0.1236 -0.9914 -0.0433
vn 0.2086 -0.9780 0.0093
vn 0.3521 -0.9183 0.1810
vn 0.0907 -0.9914 0.0945
vn 0.1957 -0.9760 0.0954
vn 0.1903 -0.9780 0.0860
vn 0.2086 -0.9780 0.0094
vn 0.0241 -0.9975 -0.0669
vn 0.0077 -1.0000 0.0018
vn 0.0223 -0.9980 -0.0593
vn 0.0146 -0.9980 -0.0612
vn -0.0000 -1.0000 -0.0000
vn 0.0070 -0.9980 -0.0630
vn 0.0599 -0.9569 -0.2841
vn 0.0620 -0.9540 -0.2932
vn 0.0637 -0.9518 -0.3002
vn 0.0909 -0.8895 -0.4477
vn 0.0872 -0.8974 -0.4324
vn 0.0706 -0.9152 -0.3968
vn 0.0548 -0.9633 -0.2629
vn 0.0471 -0.9719 -0.2305
vn 0.0539 -0.9436 -0.3267
vn 0.0429 -0.9589 -0.2807
vn 0.0495 -0.9771 -0.2069
vn 0.0429 -0.9588 -0.2807
vn 0.0076 -1.0000 0.0018
vn -0.0146 -0.9980 0.0612
vn -0.0223 -0.9980 0.0593
vn -0.0070 -0.9980 0.0630
vn -0.0774 -0.9540 0.2895
vn -0.0790 -0.9517 0.2965
vn -0.1215 -0.8895 0.4404
vn -0.0751 -0.9569 0.2805
vn -0.1178 -0.8974 0.4251
vn -0.1166 -0.9152 0.3858
vn -0.0701 -0.9633 0.2592
vn -0.0088 -0.9975 0.0706
vn -0.0623 -0.9719 0.2268
vn -0.0998 -0.9436 0.3157
vn -0.0495 -0.9771 0.2069
vn -0.0888 -0.9588 0.2697
vn -0.0887 -0.9589 0.2697
vn -0.0146 -0.9980 0.0611
vn -0.0714 -0.9518 0.2984
vn -0.0790 -0.9518 0.2965
vn -0.0076 -1.0000 -0.0018
vn -0.0987 -0.5667 0.8180
vn -0.1161 -0.8847 0.4514
vn -0.0513 -0.9754 0.2143
vn 0.1702 -0.9705 0.1705
vn 0.1845 -0.9768 0.1089
vn 0.0347 -0.9888 -0.1450
vn 0.2321 -0.9685 -0.0902
vn 0.1369 -0.8084 -0.5725
vn 0.3037 -0.7945 -0.5259
vn 0.6154 -0.7875 0.0339
vn -0.0075 -1.0000 -0.0018
vn 0.4614 -0.4153 -0.7839
vn 0.5413 -0.7543 -0.3715
vn 0.3984 -0.8183 -0.4143
vn 0.3146 -0.7543 0.5762
vn 0.1678 -0.8182 0.5498
vn 0.0077 -1.0000 0.0017
vn 0.1995 -0.9787 0.0477
vn 0.2138 -0.9768 -0.0136
vn 0.0146 -0.9980 -0.0611
vn 0.0714 -0.9518 -0.2983
vn 0.1690 -0.6871 -0.7066
vn 0.2823 -0.5666 -0.7741
vn 0.3603 -0.5813 -0.7296
vn 0.1007 -0.8847 -0.4551
vn 0.0513 -0.9754 -0.2143
vn 0.2289 -0.9705 -0.0750
vn -0.0347 -0.9888 0.1450
vn 0.1661 -0.9685 0.1855
vn 0.1662 -0.9685 0.1855
vn -0.0077 -1.0000 -0.0018
vn -0.0001 -1.0000 -0.0000
vn 0.0075 -1.0000 0.0020
vn 0.1978 -0.9787 0.0554
vn 0.3720 -0.9223 0.1052
vn 0.5755 -0.8016 0.1619
vn 0.3738 -0.9224 0.0976
vn 0.3738 -0.9223 0.0975
vn 0.5774 -0.8018 0.1542
vn 0.1996 -0.9787 0.0477
vn 0.0078 -1.0000 0.0019
vn 0.3739 -0.9223 0.0975
vn 0.0080 -1.0000 0.0019
vn 0.2014 -0.9787 0.0401
vn 0.3775 -0.9223 0.0822
vn 0.3757 -0.9224 0.0899
vn 0.3775 -0.9224 0.0822
vn 0.2014 -0.9787 0.0400
vn 0.3793 -0.9223 0.0745
vn 0.3794 -0.9222 0.0745
vn 0.0076 -1.0000 0.0016
vn 0.3828 -0.9219 0.0592
vn 0.4615 -0.4153 -0.7840
vn 0.3732 -0.4404 -0.8165
vn 0.3984 -0.8183 -0.4144
vn 0.2606 -0.8720 -0.4142
vn 0.1678 -0.8183 0.5498
vn 0.0450 -0.8720 0.4873
vn 0.0076 -1.0000 0.0020
vn 0.1903 -0.9780 0.0861
vn 0.3732 -0.4405 -0.8165
vn 0.2828 -0.4584 -0.8425
vn 0.2606 -0.8721 -0.4142
vn 0.3278 -0.8767 -0.3520
vn -0.1291 -0.4585 0.8793
vn 0.0450 -0.8720 0.4874
vn 0.1331 -0.8767 0.4622
vn 0.5208 -0.6257 0.5807
vn 0.5312 -0.7972 -0.2869
vn 0.2828 -0.4584 -0.8426
vn 0.3078 -0.4323 -0.8476
vn 0.6916 -0.6991 0.1816
vn 0.5403 -0.8187 -0.1945
vn 0.3891 -0.8897 -0.2389
vn 0.2343 -0.9508 -0.2025
vn 0.2606 -0.8720 -0.4143
vn 0.2872 -0.9568 -0.0451
vn 0.3938 -0.8187 0.4179
vn 0.2389 -0.8897 0.3891
vn 0.1173 -0.9508 0.2866
vn 0.2357 -0.9568 0.1702
vn 0.3661 -0.9030 0.2249
vn 0.5329 -0.6939 0.4843
vn 0.6943 -0.6939 -0.1908
vn 0.4282 -0.9030 -0.0349
vn 0.3661 -0.9030 0.2248
vn 0.5328 -0.6940 0.4842
vn 0.2521 -0.9534 0.1656
vn 0.1329 -0.9837 0.1208
vn 0.1863 -0.9735 0.1323
vn 0.1732 -0.9837 -0.0477
vn 0.2265 -0.9734 -0.0359
vn 0.2997 -0.9534 -0.0337
vn 0.4281 -0.9030 -0.0348
vn 0.4282 -0.9030 -0.0348
vn 0.6943 -0.6940 -0.1907
vn 0.2997 -0.9534 -0.0336
vn 0.2607 -0.8720 -0.4142
vn 0.4945 -0.8641 0.0940
vn 0.5312 -0.7972 -0.2868
vn 0.4944 -0.8641 0.0940
vn 0.4835 -0.8641 0.1399
vn 0.1861 -0.9734 0.1334
vn 0.1329 -0.9837 0.1209
vn 0.4119 -0.8882 0.2037
vn 0.4120 -0.8882 0.2036
vn 0.1861 -0.9735 0.1332
vn 0.6642 -0.6994 0.2640
vn 0.7117 -0.6995 0.0651
vn 0.4595 -0.8882 0.0049
vn 0.2262 -0.9735 -0.0346
vn 0.1732 -0.9837 -0.0476
vn 0.2263 -0.9735 -0.0347
vn 0.2262 -0.9735 -0.0347
vn 0.4595 -0.8882 0.0048
vn 0.1268 -0.7469 0.6527
vn 0.4085 -0.7469 -0.5247
vn 0.1267 -0.7469 0.6528
vn 0.4084 -0.7469 -0.5248
vn -0.0452 -0.9975 0.0538
vn -0.0160 -0.9975 -0.0684
vn -0.0383 -0.9992 -0.0092
vn -0.0384 -0.9992 -0.0092
vn -0.0663 -0.9678 0.2430
vn 0.0509 -0.9678 -0.2467
vn -0.0662 -0.9677 0.2431
vn 0.0510 -0.9677 -0.2467
vn -0.0453 -0.9975 0.0538
vn -0.0453 -0.9975 0.0537
vn -0.0161 -0.9975 -0.0685
vn -0.7217 0.4477 -0.5280
vn -0.4906 0.3473 -0.7992
vn -0.6519 0.2689 -0.7090
vn -0.8825 0.4477 0.1443
vn -0.9021 0.2690 0.3373
vn -0.4907 0.3474 -0.7991
vn -0.7217 0.4477 -0.5279
vn -0.3943 0.6776 -0.6208
vn -0.8314 0.4801 -0.2798
vn -0.7216 0.4477 -0.5280
vn -0.8381 0.3067 -0.4512
vn -0.8680 0.4801 -0.1266
vn -0.9515 0.3067 0.0231
vn -0.5618 0.7868 -0.2558
vn -0.9061 0.3228 -0.2734
vn -0.8314 0.4801 -0.2797
vn -0.8381 0.3067 -0.4511
vn -0.8680 0.4801 -0.1268
vn -0.9317 0.3228 -0.1663
vn -0.9515 0.3067 0.0230
vn -0.9022 0.2689 0.3373
vn -0.8680 0.4801 -0.1267
vn -0.6167 0.7868 -0.0262
vn -0.1543 0.4494 -0.8799
vn -0.4906 0.3473 -0.7991
vn -0.3943 0.6776 -0.6209
vn -0.7992 0.3473 0.4906
vn -0.5358 0.4494 0.7148
vn -0.6325 0.6776 0.3752
vn -0.9279 0.2997 -0.2219
vn -0.8573 0.4722 -0.2051
vn -0.9275 0.3068 -0.2137
vn -0.9278 0.2998 -0.2219
vn -0.8573 0.4722 -0.2050
vn -0.9279 0.2996 -0.2219
vn -0.9238 0.3068 -0.2291
vn -0.9169 0.3161 -0.2437
vn -0.8446 0.4814 -0.2345
vn -0.9238 0.3068 -0.2290
vn -0.8593 0.4814 -0.1731
vn -0.9279 0.3161 -0.1975
vn -0.9275 0.3067 -0.2138
vn -0.8360 0.4806 -0.2648
vn -0.9288 0.3231 -0.1817
vn -0.8653 0.4807 -0.1422
vn -0.8360 0.4807 -0.2648
vn -0.9105 0.3231 -0.2583
vn -0.9318 0.3228 -0.1662
vn -0.8653 0.4806 -0.1422
vn -0.9288 0.3231 -0.1816
vn -0.9279 0.3161 -0.1976
vn -0.5897 0.7952 -0.1410
vn -0.8573 0.4723 -0.2050
vn -0.9758 0.0869 -0.2009
vn -0.9601 0.1810 -0.2134
vn -0.9757 0.0869 -0.2009
vn -0.9750 0.0472 -0.2170
vn -0.9601 0.1809 -0.2134
vn -0.9719 0.0707 -0.2244
vn -0.9601 0.1809 -0.2135
vn -0.9726 -0.0000 -0.2326
vn -0.9610 0.0869 -0.2624
vn -0.9527 0.1810 -0.2441
vn -0.9677 0.0472 -0.2476
vn -0.9527 0.1809 -0.2441
vn -0.9683 0.0707 -0.2397
vn -0.9677 0.0472 -0.2477
vn -0.9726 -0.0000 -0.2327
vn -0.9725 0.0001 -0.2327
vn -0.8653 0.4807 -0.1421
vn -0.6141 0.7882 -0.0415
vn -0.5664 0.7881 -0.2408
vn -0.9234 0.3139 -0.2209
vn -0.8523 0.4816 -0.2039
vn -0.7027 0.6951 -0.1518
vn -0.6954 0.6951 -0.1826
vn -0.6619 0.4651 -0.5879
vn -0.6801 0.3137 -0.6626
vn -0.9234 0.3140 -0.2209
vn -0.6020 -0.5734 -0.5557
vn -0.6537 -0.3076 -0.6914
vn -0.8958 -0.3076 0.3209
vn -0.7883 -0.5734 0.2232
vn -0.7879 -0.5735 0.2242
vn -0.6536 -0.3076 -0.6916
vn -0.5897 0.7952 -0.1411
vn -0.8541 0.4783 -0.2043
vn -0.5664 0.7882 -0.2408
vn -0.5896 0.7953 -0.1410
vn -0.5780 0.7944 -0.1868
vn -0.5897 0.7953 -0.1410
vn -0.5618 0.7868 -0.2557
vn -0.8825 0.4477 0.1442
vn -0.6166 0.7868 -0.0262
vn -0.6633 -0.1100 -0.7403
vn -0.9264 -0.1100 0.3600
vn -0.8958 -0.3076 0.3208
vn -0.6631 -0.1100 -0.7404
vn -0.6535 -0.3076 -0.6916
vn -0.9263 -0.1100 0.3603
vn -0.8957 -0.3075 0.3211
vn -0.7150 0.6530 0.2496
vn -0.5247 0.6530 -0.5462
vn -0.9264 -0.1100 0.3601
vn -0.9290 -0.0393 0.3681
vn -0.6619 -0.0393 -0.7486
vn -0.6632 -0.1100 -0.7403
vn -0.9290 -0.0393 0.3680
vn -0.6633 -0.1100 -0.7402
vn -0.6620 -0.0393 -0.7485
vn -0.6000 0.7944 -0.0950
vn -0.9275 0.3068 -0.2138
vn -0.6141 0.7881 -0.0415
vn -0.6167 0.7868 -0.0261
vn -0.8493 0.5187 -0.0981
vn -0.8260 0.5497 -0.1249
vn -0.7497 0.6453 -0.1469
vn -0.7410 0.6539 -0.1529
vn -0.7931 0.5497 -0.2624
vn -0.8018 0.5187 -0.2968
vn -0.7350 0.6453 -0.2082
vn -0.7300 0.6539 -0.1989
vn -0.8137 0.5647 -0.1382
vn -0.7445 0.6456 -0.1700
vn -0.7881 0.5647 -0.2449
vn -0.7300 0.6538 -0.1989
vn -0.7409 0.6456 -0.1853
vn -0.8039 0.5508 -0.2246
vn -0.7459 0.6370 -0.1946
vn -0.8185 0.5508 -0.1634
vn -0.7532 0.6370 -0.1640
vn -0.8171 0.5363 -0.2116
vn -0.8131 0.5361 -0.2269
vn -0.7527 0.6284 -0.1962
vn -0.8244 0.5363 -0.1810
vn -0.7600 0.6284 -0.1656
vn -0.8278 0.5361 -0.1656
vn -0.8636 0.5041 -0.0122
vn -0.7701 0.6196 -0.1519
vn -0.7756 0.5041 -0.3799
vn -0.7555 0.6196 -0.2130
vn -0.9338 0.2123 -0.2880
vn -0.9461 0.2052 -0.2506
vn -0.8038 0.5508 -0.2246
vn -0.8277 0.5361 -0.1656
vn -0.9631 0.2123 -0.1657
vn -0.9571 0.2052 -0.2046
vn -0.8548 0.5031 0.1269
vn -0.7956 0.5986 -0.0931
vn -0.7049 0.5031 -0.5000
vn -0.7517 0.5986 -0.2770
vn -0.7555 0.6196 -0.2129
vn -0.7254 0.6780 0.1183
vn -0.8191 0.5734 0.0141
vn -0.5258 0.6226 -0.5796
vn -0.5934 0.6780 -0.4338
vn -0.7241 0.5734 -0.3832
vn -0.5142 -0.3228 -0.7946
vn -0.4678 -0.3156 -0.8255
vn -0.8181 -0.3228 0.4759
vn -0.7908 -0.3156 0.5245
vn -0.5258 0.6226 -0.5795
vn -0.9734 0.2281 -0.0225
vn -0.9671 0.2450 -0.0687
vn -0.8782 0.2281 -0.4204
vn -0.8935 0.2450 -0.3763
vn -0.9654 0.2283 -0.1257
vn -0.9630 0.2124 -0.1657
vn -0.8136 0.5647 -0.1382
vn -0.9671 0.2451 -0.0687
vn -0.9655 0.2283 -0.1257
vn -0.7881 0.5647 -0.2450
vn -0.9178 0.2283 -0.3247
vn -0.8935 0.2451 -0.3763
vn -0.9178 0.2283 -0.3248
vn -0.9426 -0.1499 -0.2985
vn -0.9674 -0.1337 -0.2152
vn -0.9756 -0.1499 -0.1604
vn -0.9601 -0.1337 -0.2458
vn -0.9663 -0.1414 -0.2150
vn -0.9590 -0.1414 -0.2456
vn -0.9571 0.2051 -0.2046
vn -0.8171 0.5363 -0.2117
vn -0.9663 -0.1413 -0.2150
vn -0.9590 -0.1414 -0.2455
vn -0.9756 -0.1499 -0.1603
vn -0.9470 -0.2277 -0.2265
vn -0.9584 -0.2274 -0.1728
vn -0.9580 -0.2292 -0.1723
vn -0.9328 -0.2274 -0.2795
vn -0.9323 -0.2291 -0.2798
vn -0.9697 -0.2289 -0.0858
vn -0.9696 -0.2289 -0.0859
vn -0.9035 -0.2289 -0.3622
vn -0.9036 -0.2289 -0.3621
vn -0.9035 -0.2290 -0.3623
vn -0.9730 -0.2291 0.0272
vn -0.9730 -0.2291 0.0273
vn -0.8554 -0.2291 -0.4645
vn -0.8554 -0.2291 -0.4646
vn -0.8176 -0.1890 -0.5438
vn -0.8176 -0.1891 -0.5438
vn -0.9752 -0.1891 0.1150
vn -0.9787 0.1972 0.0578
vn -0.9734 0.2282 -0.0225
vn -0.8466 0.1971 -0.4944
vn -0.8176 -0.1891 -0.5439
vn -0.8548 0.5031 0.1270
vn -0.9462 0.2370 0.2204
vn -0.9787 0.1971 0.0578
vn -0.9752 -0.1891 0.1151
vn -0.7440 0.2370 -0.6247
vn -0.8466 0.1972 -0.4944
vn -0.7311 0.6226 0.2789
vn -0.8382 0.2995 0.4558
vn -0.2456 0.3616 -0.8994
vn -0.5413 0.2994 -0.7857
vn -0.5259 0.6226 -0.5795
vn -0.5864 0.8016 -0.1161
vn -0.5847 0.8018 -0.1237
vn -0.7634 0.6282 -0.1503
vn -0.7617 0.6283 -0.1579
vn -0.8939 0.4024 -0.1976
vn -0.8988 0.4021 -0.1745
vn -0.5774 0.8018 -0.1542
vn -0.5755 0.8016 -0.1618
vn -0.7488 0.6282 -0.2114
vn -0.7507 0.6283 -0.2039
vn -0.8865 0.4024 -0.2283
vn -0.8805 0.4021 -0.2511
vn -0.7710 0.6269 -0.1119
vn -0.7758 0.6248 -0.0880
vn -0.5930 0.8007 -0.0853
vn -0.5960 0.7999 -0.0700
vn -0.9032 0.4017 -0.1513
vn -0.9094 0.4004 -0.1126
vn -0.5632 0.7999 -0.2073
vn -0.7317 0.6248 -0.2726
vn -0.5674 0.8007 -0.1922
vn -0.7382 0.6270 -0.2491
vn -0.8739 0.4017 -0.2738
vn -0.8619 0.4004 -0.3110
vn -0.5534 -0.2129 -0.8053
vn -0.7617 0.6283 -0.1580
vn -0.5811 0.8019 -0.1390
vn -0.7565 0.6284 -0.1809
vn -0.8904 0.4024 -0.2130
vn -0.7565 0.6285 -0.1809
vn -0.9578 0.1733 -0.2291
vn -0.9346 0.2830 -0.2155
vn -0.9346 0.2830 -0.2154
vn -0.9411 0.2591 -0.2170
vn -0.9466 0.2443 -0.2102
vn -0.9467 0.2443 -0.2102
vn -0.9522 0.2276 -0.2036
vn -0.9572 0.2126 -0.1966
vn -0.9571 0.2127 -0.1966
vn -0.9605 0.1960 -0.1975
vn -0.9855 0.0471 -0.1631
vn -0.9783 0.0472 -0.2017
vn -0.5862 0.8017 -0.1169
vn -0.7634 0.6282 -0.1502
vn -0.7710 0.6270 -0.1119
vn -0.8988 0.4022 -0.1744
vn -0.9032 0.4017 -0.1512
vn -0.9676 0.1655 -0.1909
vn -0.9448 0.2755 -0.1774
vn -0.9526 0.2514 -0.1713
vn -0.9448 0.2755 -0.1775
vn -0.9590 0.2364 -0.1565
vn -0.9661 0.2210 -0.1337
vn -0.5754 0.8017 -0.1619
vn -0.8805 0.4022 -0.2511
vn -0.9492 0.1655 -0.2676
vn -0.9492 0.1656 -0.2676
vn -0.9228 0.2755 -0.2693
vn -0.9270 0.2515 -0.2783
vn -0.9270 0.2514 -0.2783
vn -0.9228 0.2754 -0.2693
vn -0.9260 0.2364 -0.2944
vn -0.9220 0.2210 -0.3179
vn -0.5773 0.8018 -0.1543
vn -0.7508 0.6283 -0.2038
vn -0.8903 0.4024 -0.2130
vn -0.9578 0.1734 -0.2291
vn -0.9309 0.2830 -0.2308
vn -0.9309 0.2830 -0.2307
vn -0.9375 0.2591 -0.2323
vn -0.9393 0.2444 -0.2409
vn -0.9393 0.2443 -0.2409
vn -0.9413 0.2276 -0.2493
vn -0.9425 0.2126 -0.2578
vn -0.9425 0.2128 -0.2577
vn -0.9459 0.1960 -0.2585
vn -0.9526 0.0471 -0.3005
vn -0.9637 0.0472 -0.2628
vn -0.5533 -0.2129 -0.8053
vn -0.7825 0.6213 -0.0416
vn -0.7868 0.6171 -0.0093
vn -0.6068 0.7942 -0.0320
vn -0.6057 0.7956 -0.0072
vn -0.9122 0.4017 -0.0805
vn -0.9122 0.4018 -0.0805
vn -0.9190 0.3938 -0.0173
vn -0.7868 0.6171 -0.0092
vn -0.5435 0.7956 -0.2676
vn -0.7059 0.6171 -0.3478
vn -0.5556 0.7942 -0.2461
vn -0.7166 0.6213 -0.3169
vn -0.8499 0.4017 -0.3410
vn -0.8274 0.3938 -0.4004
vn -0.5961 0.7999 -0.0700
vn -0.9780 0.1573 -0.1369
vn -0.9577 0.2597 -0.1239
vn -0.9577 0.2598 -0.1238
vn -0.9626 0.2447 -0.1166
vn -0.9626 0.2448 -0.1166
vn -0.9700 0.2202 -0.1026
vn -0.9733 0.2122 -0.0873
vn -0.9778 0.1967 -0.0721
vn -0.9818 0.1810 -0.0568
vn -0.9818 0.1811 -0.0568
vn -0.9944 0.0473 0.0942
vn -0.9984 0.0551 0.0121
vn -0.7166 0.6213 -0.3170
vn -0.8619 0.4004 -0.3111
vn -0.8499 0.4018 -0.3410
vn -0.9341 0.1573 -0.3204
vn -0.9341 0.1573 -0.3205
vn -0.9101 0.2597 -0.3229
vn -0.9101 0.2598 -0.3229
vn -0.9111 0.2447 -0.3316
vn -0.9115 0.2202 -0.3474
vn -0.9075 0.2122 -0.3625
vn -0.9046 0.1967 -0.3782
vn -0.9013 0.1810 -0.3936
vn -0.9013 0.1811 -0.3936
vn -0.8442 0.0473 -0.5340
vn -0.8849 0.0551 -0.4625
vn -0.9487 0.3134 -0.0416
vn -0.6058 0.7956 -0.0072
vn -0.6055 0.7949 -0.0396
vn -0.9190 0.3938 -0.0174
vn -0.9857 0.1650 -0.0338
vn -0.9635 0.2669 -0.0207
vn -0.9635 0.2669 -0.0206
vn -0.9699 0.2431 0.0099
vn -0.5579 0.7949 -0.2386
vn -0.5434 0.7956 -0.2677
vn -0.8649 0.3134 -0.3921
vn -0.8649 0.3134 -0.3922
vn -0.8943 0.1650 -0.4159
vn -0.8686 0.2669 -0.4176
vn -0.8605 0.2431 -0.4477
vn -0.9717 0.2040 -0.1195
vn -0.9756 0.1887 -0.1121
vn -0.9961 0.0706 -0.0526
vn -0.9930 0.0628 -0.1003
vn -0.9121 0.0706 -0.4038
vn -0.9309 0.0628 -0.3599
vn -0.9207 0.1887 -0.3415
vn -0.9208 0.1887 -0.3415
vn -0.9206 0.2040 -0.3331
vn -0.9221 0.2209 -0.3178
vn -0.8606 0.2431 -0.4475
vn -0.8446 0.2277 -0.4845
vn -0.9725 0.2276 0.0499
vn -0.8146 0.2213 -0.5362
vn -0.8446 0.2276 -0.4845
vn -0.9690 0.2213 0.1096
vn -0.9725 0.2277 0.0499
vn -0.9700 0.2431 0.0099
vn -0.7756 0.2210 -0.5913
vn -0.9592 0.2210 0.1763
vn -0.5106 0.1731 -0.8422
vn -0.6881 0.1183 -0.7159
vn -0.7423 0.2212 -0.6325
vn -0.9376 0.1183 0.3270
vn -0.9482 0.2212 0.2282
vn -0.9482 0.2212 0.2281
vn -0.8364 0.1731 0.5200
vn -0.5412 0.2995 -0.7857
vn -0.9526 0.0471 -0.3004
vn -0.9309 0.0628 -0.3598
vn -0.8849 0.0551 -0.4626
vn -0.9961 0.0706 -0.0527
vn -0.8782 0.2282 -0.4204
vn -0.9376 0.1183 0.3271
vn -0.9631 0.2124 -0.1656
vn -0.9783 0.0471 -0.2017
vn -0.9631 0.2123 -0.1656
vn -0.9637 0.0472 -0.2629
vn -0.9338 0.2123 -0.2881
vn 0.4840 0.5571 -0.6748
vn 0.2206 0.3163 -0.9226
vn -0.0636 0.1496 -0.9867
vn -0.0637 0.1496 -0.9867
vn 0.1390 0.0553 -0.9887
vn -0.1339 0.2361 -0.9625
vn -0.0556 0.2992 -0.9526
vn 0.2207 0.3162 -0.9226
vn 0.0533 0.2370 -0.9700
vn 0.2207 0.3163 -0.9226
vn 0.4841 0.5571 -0.6748
vn -0.0555 0.2993 -0.9525
vn -0.0556 0.2993 -0.9525
vn 0.0209 0.3615 -0.9321
vn 0.0210 0.3614 -0.9322
vn 0.0957 0.4091 -0.9075
vn -0.6517 0.2689 -0.7092
vn -0.4905 0.3473 -0.7993
vn -0.2233 0.1730 -0.9593
vn 0.0210 0.3615 -0.9321
vn 0.0957 0.4092 -0.9074
vn 0.0957 0.4091 -0.9074
vn 0.1358 0.4012 -0.9059
vn 0.1357 0.4012 -0.9059
vn 0.1357 0.4013 -0.9058
vn 0.1008 0.3607 -0.9272
vn 0.1009 0.3607 -0.9272
vn 0.0633 0.3241 -0.9439
vn 0.0632 0.3241 -0.9439
vn 0.0534 0.2370 -0.9701
vn 0.1392 0.0552 -0.9887
vn 0.2327 0.0000 -0.9726
vn -0.0979 0.1811 -0.9786
vn -0.2236 0.1731 -0.9592
vn 0.1391 0.0552 -0.9887
vn 0.0534 0.2369 -0.9701
vn 0.0633 0.3240 -0.9439
vn 0.2207 0.3162 -0.9227
vn -0.0978 0.1811 -0.9786
vn 0.1068 0.0948 -0.9898
vn -0.2234 0.1730 -0.9592
vn 0.0876 0.1971 -0.9765
vn 0.4675 -0.1336 -0.8738
vn 0.3370 -0.1184 -0.9340
vn 0.1067 0.0948 -0.9898
vn 0.0876 0.1972 -0.9765
vn 0.2823 -0.5667 -0.7741
vn 0.4682 -0.1501 -0.8708
vn 0.4614 -0.4153 -0.7840
vn 0.2920 -0.1102 -0.9501
vn 0.2541 -0.1104 -0.9608
vn 0.3078 -0.4322 -0.8476
vn 0.3947 -0.3783 -0.8373
vn 0.5142 -0.2289 -0.8266
vn 0.2778 -0.0790 -0.9574
vn 0.2700 -0.0869 -0.9589
vn 0.4661 -0.3077 -0.8295
vn 0.5142 -0.2289 -0.8265
vn 0.2620 -0.1026 -0.9596
vn 0.3947 -0.3782 -0.8373
vn 0.2542 -0.1104 -0.9608
vn 0.1853 0.0947 -0.9781
vn 0.0876 0.1972 -0.9764
vn 0.1894 0.1975 -0.9618
vn 0.2625 -0.0706 -0.9623
vn 0.1690 -0.6871 -0.7067
vn 0.2777 -0.0790 -0.9574
vn 0.6195 0.1971 -0.7598
vn 0.1767 0.1335 -0.9752
vn 0.2244 0.0707 -0.9719
vn 0.1020 0.4884 -0.8666
vn 0.1895 0.1975 -0.9618
vn 0.2281 0.1961 -0.9537
vn 0.2164 0.0870 -0.9724
vn 0.2317 0.0870 -0.9689
vn 0.2163 0.0870 -0.9724
vn 0.1852 0.0947 -0.9781
vn 0.0510 0.1025 -0.9934
vn -0.2235 0.1731 -0.9592
vn 0.8592 0.2053 -0.4686
vn 0.2243 0.0706 -0.9719
vn 0.0927 0.0157 -0.9956
vn 0.3051 0.3845 -0.8712
vn 0.1768 0.1335 -0.9752
vn -0.1360 0.0787 -0.9876
vn 0.2245 0.0707 -0.9719
vn -0.3943 0.6775 -0.6209
vn -0.0235 0.7889 -0.6140
vn 0.2031 0.4877 -0.8491
vn 0.2031 0.4876 -0.8491
vn -0.1361 0.0787 -0.9876
vn 0.1737 0.2049 -0.9632
vn 0.1892 0.2051 -0.9603
vn 0.1892 0.2050 -0.9603
vn 0.1352 0.1968 -0.9711
vn 0.0799 0.1894 -0.9786
vn 0.0568 0.1810 -0.9818
vn 0.0799 0.1893 -0.9787
vn 0.4615 -0.4153 -0.7839
vn 0.1736 0.2049 -0.9633
vn 0.1891 0.2051 -0.9603
vn 0.1352 0.1967 -0.9711
vn 0.2326 0.0000 -0.9726
vn 0.2326 0.0080 -0.9725
vn 0.2326 0.0158 -0.9724
vn 0.2326 0.0233 -0.9723
vn 0.2326 0.0234 -0.9723
vn 0.2325 0.0314 -0.9721
vn 0.2325 0.0316 -0.9721
vn 0.2326 0.0237 -0.9723
vn 0.0800 0.1893 -0.9786
vn -0.1423 -0.2055 -0.9683
vn -0.0561 -0.1500 -0.9871
vn -0.0045 -0.0866 -0.9962
vn -0.0044 -0.0866 -0.9962
vn 0.3080 -0.0710 -0.9487
vn 0.3081 -0.0710 -0.9487
vn 0.5746 -0.0706 -0.8154
vn 0.1390 0.8019 -0.5811
vn 0.1160 -0.0315 -0.9928
vn 0.1079 -0.0785 -0.9911
vn 0.1160 -0.0000 -0.9933
vn 0.0799 0.1893 -0.9786
vn 0.0833 -0.1178 -0.9895
vn 0.2019 -0.4970 -0.8440
vn 0.3012 -0.4884 -0.8190
vn 0.5416 -0.4572 -0.7054
vn 0.2281 -0.1961 -0.9537
vn 0.2663 -0.1975 -0.9435
vn 0.3637 -0.1971 -0.9104
vn 0.5363 -0.1806 -0.8245
vn 0.6387 -0.1724 -0.7499
vn 0.1161 0.0000 -0.9932
vn 0.1160 -0.0315 -0.9927
vn 0.0416 -0.1576 -0.9866
vn 0.2326 0.0078 -0.9725
vn 0.2326 0.0079 -0.9725
vn 0.2326 0.0157 -0.9724
vn -0.1421 -0.2054 -0.9683
vn -0.2342 -0.2353 -0.9433
vn -0.0559 -0.1499 -0.9871
vn 0.0013 -0.1728 -0.9849
vn 0.0014 -0.1728 -0.9850
vn -0.0502 -0.2052 -0.9774
vn 0.0415 -0.1576 -0.9866
vn 0.0014 -0.1728 -0.9849
vn 0.1865 -0.0157 -0.9823
vn 0.1788 -0.0000 -0.9839
vn 0.1787 -0.0315 -0.9834
vn 0.1786 -0.0313 -0.9834
vn 0.1786 -0.0314 -0.9834
vn 0.1864 -0.0157 -0.9823
vn 0.1624 -0.0553 -0.9852
vn 0.1312 -0.0787 -0.9882
vn 0.1068 -0.0870 -0.9905
vn 0.1069 -0.0869 -0.9905
vn 0.0833 -0.1101 -0.9904
vn 0.0833 -0.1100 -0.9904
vn 0.0586 -0.1338 -0.9893
vn 0.0509 -0.1336 -0.9897
vn -0.2341 -0.2353 -0.9433
vn -0.3530 -0.2756 -0.8941
vn -0.1420 -0.2054 -0.9683
vn -0.0502 -0.2051 -0.9775
vn -0.0502 -0.2051 -0.9774
vn -0.0918 -0.2357 -0.9675
vn 0.0013 -0.1728 -0.9850
vn 0.2250 -0.0079 -0.9743
vn 0.2249 -0.0079 -0.9743
vn 0.2249 -0.0157 -0.9743
vn 0.2250 0.0000 -0.9744
vn 0.2326 0.0001 -0.9726
vn 0.2326 -0.0001 -0.9726
vn 0.2172 -0.0236 -0.9758
vn 0.2249 -0.0158 -0.9742
vn 0.2173 -0.0236 -0.9758
vn 0.2250 -0.0157 -0.9742
vn -0.0919 -0.2358 -0.9674
vn 0.2249 0.0000 -0.9744
vn 0.2018 -0.0315 -0.9789
vn 0.1941 -0.0314 -0.9805
vn 0.7122 0.2751 -0.6458
vn 0.6854 0.2745 -0.6744
vn 0.1940 -0.0315 -0.9805
vn 0.1941 -0.0315 -0.9805
vn 0.1785 -0.0393 -0.9831
vn 0.2017 -0.0315 -0.9789
vn -0.1090 -0.2437 -0.9637
vn -0.0919 -0.2358 -0.9675
vn 0.1786 -0.0393 -0.9831
vn 0.1708 -0.0471 -0.9842
vn 0.0510 -0.1336 -0.9897
vn 0.0587 -0.1338 -0.9893
vn -0.2341 -0.2354 -0.9433
vn -0.3529 -0.2756 -0.8941
vn 0.1631 -0.0471 -0.9855
vn -0.0918 -0.2358 -0.9675
vn 0.6854 0.2745 -0.6745
vn 0.6370 0.2444 -0.7311
vn 0.7120 0.2751 -0.6460
vn 0.2319 -0.0785 -0.9696
vn 0.2322 -0.0629 -0.9706
vn -0.3530 -0.2757 -0.8941
vn -0.4678 -0.3156 -0.8256
vn 0.2555 0.0157 -0.9667
vn 0.2479 0.0236 -0.9685
vn 0.2555 0.0159 -0.9667
vn 0.2555 0.0158 -0.9667
vn 0.2556 0.0158 -0.9667
vn 0.2556 0.0158 -0.9666
vn 0.2478 0.0236 -0.9685
vn 0.2554 0.0157 -0.9667
vn 0.2401 0.0236 -0.9704
vn 0.2325 -0.0315 -0.9721
vn 0.2326 -0.0157 -0.9724
vn 0.2326 -0.0079 -0.9725
vn 0.2325 -0.0001 -0.9726
vn 0.2325 -0.0000 -0.9726
vn 0.2402 0.0236 -0.9704
vn 0.2402 0.0157 -0.9706
vn 0.2402 0.0158 -0.9706
vn 0.3672 0.0946 -0.9253
vn 0.3673 0.0946 -0.9253
vn 0.3523 0.0785 -0.9326
vn 0.3675 0.0868 -0.9260
vn 0.6369 0.2444 -0.7312
vn 0.5841 0.2126 -0.7833
vn 0.6854 0.2744 -0.6745
vn 0.3948 -0.3782 -0.8373
vn 0.3077 -0.4322 -0.8476
vn 0.3522 0.0785 -0.9326
vn 0.3377 0.0708 -0.9386
vn 0.3674 0.0868 -0.9260
vn 0.4509 0.2132 -0.8667
vn 0.4433 0.2045 -0.8728
vn 0.3378 0.0708 -0.9386
vn 0.3230 0.0709 -0.9437
vn 0.4433 0.2045 -0.8727
vn 0.4231 0.1813 -0.8878
vn 0.4432 0.2046 -0.8728
vn 0.4508 0.2133 -0.8668
vn -0.4676 -0.3156 -0.8257
vn 0.3007 0.0632 -0.9516
vn 0.3230 0.0709 -0.9438
vn 0.3008 0.0632 -0.9516
vn 0.2931 0.0471 -0.9549
vn 0.2855 0.0471 -0.9572
vn 0.2930 0.0471 -0.9550
vn 0.2782 0.0236 -0.9602
vn 0.4230 0.1814 -0.8878
vn 0.4093 0.1576 -0.8987
vn 0.4231 0.1814 -0.8878
vn 0.4433 0.2046 -0.8727
vn 0.2707 -0.0000 -0.9627
vn 0.2781 0.0236 -0.9603
vn 0.2706 -0.0000 -0.9627
vn 0.5285 0.1962 -0.8260
vn 0.6368 0.2443 -0.7313
vn -0.5140 -0.3227 -0.7947
vn -0.4677 -0.3155 -0.8257
vn 0.2326 -0.0078 -0.9725
vn 0.2327 -0.0079 -0.9725
vn -0.3439 0.7972 -0.4962
vn -0.1344 0.8814 -0.4529
vn 0.0268 0.3849 -0.9226
vn -0.0402 0.3148 -0.9483
vn 0.4094 0.1576 -0.8986
vn 0.4094 0.1575 -0.8986
vn 0.3879 0.1417 -0.9108
vn 0.4231 0.1813 -0.8877
vn 0.0999 0.4413 -0.8918
vn 0.9991 0.0316 0.0281
vn 0.9991 0.0315 0.0281
vn -0.0920 0.2283 -0.9692
vn -0.6618 0.4651 -0.5880
vn -0.5246 0.6530 -0.5462
vn -0.0311 0.1575 -0.9870
vn -0.0102 0.5920 -0.8059
vn 0.3878 0.1417 -0.9108
vn 0.3666 0.1102 -0.9238
vn 0.4094 0.1576 -0.8987
vn 0.5285 0.1963 -0.8259
vn 0.4811 0.1572 -0.8625
vn 0.5841 0.2126 -0.7834
vn 0.3520 0.0863 -0.9320
vn 0.3385 0.0316 -0.9404
vn 0.3384 0.0315 -0.9405
vn 0.3312 -0.0079 -0.9435
vn 0.4810 0.1571 -0.8625
vn 0.4809 0.1571 -0.8626
vn 0.4548 0.1185 -0.8827
vn 0.5285 0.1962 -0.8259
vn 0.4549 0.1186 -0.8826
vn 0.4337 0.0472 -0.8998
vn 0.4809 0.1572 -0.8625
vn 0.2326 -0.0236 -0.9723
vn 0.2326 -0.0158 -0.9724
vn 0.2325 -0.0158 -0.9725
vn 0.2327 -0.0160 -0.9724
vn 0.2325 -0.0237 -0.9723
vn 0.2326 -0.0080 -0.9725
vn 0.4338 0.0473 -0.8998
vn 0.4272 -0.0158 -0.9040
vn 0.4271 -0.0158 -0.9041
vn 0.3936 -0.1810 -0.9013
vn 0.3715 -0.1893 -0.9089
vn 0.0921 0.9891 -0.1152
vn 0.3052 0.3846 -0.8712
vn 0.3263 -0.1966 -0.9246
vn 0.8470 -0.4401 -0.2981
vn 0.6943 -0.6940 -0.1904
vn 0.2325 -0.0236 -0.9723
vn 0.2810 -0.2049 -0.9376
vn 0.2326 -0.0237 -0.9723
vn 0.2734 -0.2050 -0.9398
vn -0.0590 0.4181 -0.9065
vn 0.3715 -0.1894 -0.9089
vn -0.2156 -0.1965 -0.9565
vn -0.2156 -0.1964 -0.9565
vn 0.2774 -0.0947 -0.9561
vn 0.3600 -0.0947 -0.9281
vn 0.3637 -0.1972 -0.9104
vn 0.2469 -0.0948 -0.9644
vn 0.2317 -0.0870 -0.9689
vn 0.3599 -0.0947 -0.9282
vn 0.4180 -0.1022 -0.9027
vn 0.6387 -0.1725 -0.7499
vn 0.0892 0.5752 -0.8131
vn -0.0234 -0.1807 -0.9833
vn 0.1855 0.0790 -0.9795
vn 0.1937 0.0706 -0.9785
vn 0.1930 0.0947 -0.9766
vn 0.0268 0.3850 -0.9225
vn 0.1120 0.8764 -0.4684
vn 0.2006 0.1026 -0.9743
vn 0.2081 0.1104 -0.9719
vn 0.2081 0.1104 -0.9718
vn 0.0998 0.4413 -0.8918
vn 0.1286 0.4646 -0.8761
vn 0.0365 0.4468 -0.8939
vn 0.2082 0.1104 -0.9718
vn -0.0590 0.4182 -0.9065
vn 0.1693 0.1180 -0.9785
vn 0.1220 0.1184 -0.9854
vn 0.1121 0.8764 -0.4684
vn 0.0891 0.5752 -0.8132
vn 0.3600 -0.0947 -0.9282
vn -0.0215 0.1336 -0.9908
vn 0.1221 0.1184 -0.9854
vn 0.5926 0.7718 0.2308
vn 0.6037 0.7774 0.1767
vn 0.6183 0.7774 0.1156
vn 0.5926 0.7717 0.2308
vn 0.6036 0.7774 0.1767
vn 0.5729 0.7565 0.3153
vn 0.5381 0.7310 0.4196
vn 0.5729 0.7566 0.3153
vn 0.5382 0.7310 0.4196
vn 0.5381 0.7310 0.4197
vn 0.5728 0.7566 0.3153
vn 0.4629 0.7023 0.5408
vn 0.6698 0.7309 -0.1308
vn 0.6575 0.7023 -0.2728
vn 0.6698 0.7310 -0.1308
vn 0.6535 0.7566 -0.0220
vn 0.6535 0.7566 -0.0219
vn 0.6329 0.7717 0.0623
vn 0.6697 0.7310 -0.1307
vn 0.6328 0.7718 0.0623
vn 0.6182 0.7774 0.1156
vn 0.6184 0.7774 0.1156
vn 0.6038 0.7773 0.1767
vn 0.6329 0.7718 0.0623
vn 0.4630 0.7023 0.5407
vn 0.3434 0.6624 0.6658
vn 0.6575 0.7023 -0.2727
vn 0.6075 0.6624 -0.4384
vn 0.6576 0.7023 -0.2727
vn 0.3433 0.6624 0.6659
vn 0.1263 0.5571 0.8208
vn 0.4841 0.5571 -0.6747
vn 0.1264 0.5570 0.8208
vn 0.3435 0.6623 0.6659
vn 0.4840 0.5570 -0.6749
vn 0.6075 0.6623 -0.4385
vn -0.1997 0.9787 -0.0478
vn -0.5896 0.7952 -0.1410
vn 0.0002 1.0000 0.0000
vn -0.1996 0.9787 -0.0477
vn -0.5896 0.7953 -0.1411
vn -0.1845 0.9768 -0.1089
vn -0.5617 0.7868 -0.2558
vn -0.6325 0.6775 0.3753
vn -0.2988 0.7889 0.5370
vn -0.2606 0.8720 0.4143
vn -0.2943 0.9547 0.0432
vn -0.4978 0.8621 -0.0947
vn -0.7150 0.6531 0.2497
vn -0.0450 0.8720 -0.4874
vn -0.2429 0.9547 -0.1717
vn -0.4868 0.8621 -0.1408
vn -0.5617 0.7868 -0.2557
vn -0.1621 0.9662 -0.2003
vn -0.2352 0.9662 0.1053
vn -0.2988 0.7890 0.5369
vn -0.2139 0.9768 0.0137
vn -0.5896 0.7952 -0.1411
vn -0.1996 0.9787 -0.0478
vn -0.0000 1.0000 -0.0000
vn 0.0001 1.0000 0.0000
vn 0.0300 0.9891 0.1443
vn -0.0681 0.7793 0.6230
vn -0.1220 0.3847 0.9150
vn 0.0313 0.9969 0.0719
vn 0.0312 0.9969 0.0720
vn -0.0725 0.8391 0.5391
vn -0.0681 0.7792 0.6230
vn 0.0193 0.9996 0.0209
vn 0.0604 0.9969 -0.0502
vn 0.2212 0.7792 -0.5865
vn 0.3052 0.3845 -0.8712
vn 0.1793 0.8391 -0.5135
vn 0.0266 0.9996 -0.0098
vn -0.2138 0.9768 0.0136
vn 0.0193 0.9996 0.0208
vn -0.0807 0.8778 0.4722
vn -0.0725 0.8392 0.5390
vn 0.0208 0.9996 -0.0193
vn 0.0098 0.9996 0.0267
vn 0.1417 0.8778 -0.4576
vn 0.1793 0.8392 -0.5135
vn -0.3981 0.8214 0.4083
vn -0.3891 0.8897 0.2389
vn -0.5398 0.8207 0.1873
vn -0.2343 0.9508 0.2025
vn -0.2606 0.8721 0.4142
vn -0.3982 0.8214 0.4083
vn -0.5473 0.7546 0.3621
vn -0.1173 0.9508 -0.2866
vn -0.0450 0.8720 -0.4873
vn -0.2389 0.8897 -0.3891
vn -0.1703 0.8215 -0.5442
vn -0.3966 0.8207 -0.4113
vn -0.3242 0.7546 -0.5705
vn -0.1703 0.8214 -0.5443
vn -0.0002 1.0000 -0.0000
vn 0.4239 0.9056 -0.0120
vn 0.3727 0.9056 0.2025
vn 0.3725 0.9056 0.2025
vn 0.4272 0.9034 0.0376
vn 0.0208 0.9996 -0.0194
vn -0.0836 0.9051 0.4169
vn 0.1121 0.8763 -0.4685
vn 0.0098 0.9996 0.0266
vn 0.1141 0.9051 -0.4097
vn 0.1417 0.8777 -0.4577
vn 0.3980 0.9034 0.1598
vn 0.3978 0.9034 0.1599
vn 0.4250 0.9019 0.0774
vn 0.4249 0.9019 0.0774
vn 0.4141 0.9019 0.1232
vn 0.4140 0.9019 0.1232
vn 0.4196 0.9021 0.1004
vn 0.4197 0.9021 0.1004
vn -0.0838 0.9195 0.3841
vn -0.0836 0.9050 0.4170
vn 0.1142 0.9050 -0.4097
vn 0.0991 0.9195 -0.3804
vn -0.1120 0.8764 0.4683
vn 0.0367 0.9874 -0.1537
vn -0.0367 0.9874 0.1537
vn -0.0368 0.9874 0.1536
vn -0.2818 0.4646 0.8395
vn -0.2273 0.9715 0.0675
vn -0.1722 0.9715 -0.1630
vn -0.0368 0.9874 0.1537
vn -0.3981 0.8215 0.4083
vn -0.7255 0.6780 0.1183
vn -0.1703 0.8215 -0.5443
vn 0.1286 0.4647 -0.8761
vn 0.0146 0.9980 -0.0611
vn -0.0002 1.0000 0.0001
vn -0.1721 0.9715 -0.1630
vn 0.0003 1.0000 0.0001
vn 0.0076 1.0000 0.0018
vn -0.0001 1.0000 -0.0000
vn 0.0077 1.0000 0.0018
vn -0.1996 0.9787 -0.0479
vn 0.0001 1.0000 0.0001
vn -0.1995 0.9787 -0.0477
vn 0.0078 1.0000 0.0019
vn -0.0002 1.0000 -0.0001
vn 0.0077 1.0000 0.0019
vn -0.0075 1.0000 -0.0018
vn -0.0076 1.0000 -0.0018
vn -0.0075 1.0000 -0.0017
vn -0.1977 0.9787 -0.0554
vn -0.2014 0.9787 -0.0401
vn -0.3692 0.9252 -0.0883
vn -0.3692 0.9251 -0.0883
vn -0.3673 0.9251 -0.0960
vn -0.5774 0.8018 -0.1543
vn -0.5755 0.8016 -0.1619
vn -0.3709 0.9252 -0.0806
vn -0.3710 0.9251 -0.0806
vn -0.5864 0.8016 -0.1160
vn -0.3728 0.9250 -0.0729
vn -0.5864 0.8017 -0.1160
vn -0.3729 0.9250 -0.0725
vn -0.2032 0.9786 -0.0324
vn -0.3728 0.9251 -0.0729
vn -0.3763 0.9247 -0.0575
vn -0.3798 0.9241 -0.0421
vn -0.2051 0.9784 -0.0247
vn -0.2033 0.9786 -0.0324
vn -0.2086 0.9780 -0.0094
vn -0.2050 0.9784 -0.0247
vn -0.0076 1.0000 -0.0017
vn -0.0077 1.0000 -0.0020
vn -0.0077 1.0000 -0.0018
vn 0.0002 1.0000 0.0001
vn 0.0076 1.0000 0.0019
vn -0.3847 0.9228 -0.0190
vn -0.6068 0.7942 -0.0319
vn -0.5930 0.8007 -0.0854
vn -0.3863 0.9223 -0.0114
vn -0.2086 0.9780 -0.0093
vn -0.3124 0.9499 -0.0101
vn -0.3073 0.9510 -0.0331
vn -0.3879 0.9210 -0.0361
vn -0.3073 0.9511 -0.0331
vn -0.1978 0.9787 -0.0554
vn -0.0072 1.0000 -0.0019
vn -0.1940 0.9784 -0.0708
vn -0.3577 0.9241 -0.1343
vn -0.1959 0.9786 -0.0631
vn -0.1903 0.9780 -0.0861
vn -0.1940 0.9784 -0.0707
vn -0.2832 0.9499 -0.1323
vn -0.3496 0.9223 -0.1647
vn -0.1903 0.9780 -0.0860
vn -0.1902 0.9780 -0.0860
vn -0.3517 0.9228 -0.1571
vn -0.3497 0.9223 -0.1647
vn -0.2890 0.9511 -0.1095
vn -0.3623 0.9210 -0.1433
vn -0.5579 0.7948 -0.2386
vn -0.4628 0.4182 0.7816
vn -0.0590 0.4182 -0.9064
vn 0.0223 0.9980 -0.0593
vn 0.0146 0.9980 -0.0612
vn 0.0735 0.9591 -0.2734
vn 0.0701 0.9633 -0.2592
vn 0.0070 0.9980 -0.0630
vn 0.0418 0.9771 -0.2088
vn -0.0572 0.9771 0.2051
vn 0.0368 0.9874 -0.1537
vn -0.2273 0.9715 0.0674
vn 0.0606 0.9737 -0.2196
vn 0.0088 0.9975 -0.0706
vn -0.0076 1.0000 -0.0019
vn 0.0537 0.9802 -0.1904
vn 0.0915 0.9648 -0.2464
vn 0.0915 0.9648 -0.2465
vn 0.1035 0.9490 -0.2978
vn -0.3654 0.9251 -0.1036
vn -0.5755 0.8017 -0.1619
vn -0.3654 0.9250 -0.1037
vn -0.3616 0.9247 -0.1190
vn -0.5632 0.7999 -0.2072
vn 0.0604 0.9969 -0.0501
vn -0.0582 0.9591 0.2771
vn -0.0548 0.9633 0.2629
vn -0.0146 0.9980 0.0612
vn -0.0453 0.9737 0.2233
vn -0.0223 0.9980 0.0593
vn -0.0241 0.9975 0.0670
vn -0.0241 0.9975 0.0669
vn -0.0383 0.9802 0.1940
vn -0.0425 0.9490 0.3124
vn -0.0299 0.9648 0.2612
vn -0.2138 0.9768 0.0137
vn -0.0001 1.0000 -0.0001
vn -0.0146 0.9980 0.0611
vn 0.0000 1.0000 -0.0001
vn -0.0070 0.9980 0.0630
vn -0.0620 0.9540 0.2932
vn 0.0606 0.9737 -0.2197
vn 0.0774 0.9540 -0.2895
vn 0.0774 0.9540 -0.2896
vn 0.0000 1.0000 -0.0002
vn -0.0000 1.0000 0.0001
vn 0.0714 0.9518 -0.2983
vn 0.0418 0.9771 -0.2087
vn -0.0571 0.9771 0.2051
vn -0.0714 0.9518 0.2984
vn -0.5556 0.7942 -0.2460
usemtl PlasticChair1Mtl
s 1
f 1/1/1 2/2/2 3/3/3
f 4/4/4 2/2/2 1/1/1
f 5/5/5 6/6/6 7/7/7
f 5/5/5 7/7/7 8/8/8
f 9/9/9 10/10/10 11/11/11
f 12/12/12 10/10/10 9/9/9
f 13/13/13 14/14/14 15/15/15
f 13/13/13 16/16/16 14/14/14
f 17/17/16 18/18/17 19/19/14
f 18/18/17 17/17/16 20/20/12
f 21/21/18 18/18/17 20/20/12
f 21/21/18 20/20/12 22/22/9
f 23/23/19 24/24/4 25/25/20
f 24/24/4 23/23/19 26/26/21
f 27/27/22 28/28/6 29/29/23
f 28/28/6 27/27/22 30/30/7
f 31/31/24 32/32/25 33/33/26
f 32/32/25 31/31/24 34/34/27
f 35/35/28 36/36/29 37/37/30
f 36/36/29 35/35/28 38/38/31
f 39/39/32 40/40/26 41/41/33
f 42/42/34 41/41/33 40/40/26
f 43/43/35 44/44/29 45/45/31
f 45/45/31 46/46/36 43/43/35
f 47/47/24 48/48/3 49/49/37
f 50/50/2 49/49/37 48/48/3
f 51/51/38 52/52/39 53/53/40
f 53/53/40 54/54/28 51/51/38
f 55/55/19 56/56/41 57/57/21
f 58/58/42 59/59/22 60/60/23
f 61/61/22 62/62/43 63/63/44
f 64/64/41 65/65/19 66/66/45
f 67/67/44 68/68/46 69/69/44
f 70/70/47 71/71/48 72/72/48
f 73/73/49 74/74/50 75/75/51
f 76/76/52 77/77/53 78/78/54
f 79/79/46 80/80/55 81/81/46
f 82/82/56 83/83/57 84/84/57
f 85/85/44 86/86/22 87/87/44
f 88/88/19 89/89/48 90/90/48
f 91/91/46 92/92/46 93/93/44
f 94/94/57 95/95/57 96/96/45
f 97/97/58 98/98/58 99/99/58
f 100/100/59 101/101/60 102/102/61
f 103/103/40 104/104/7 105/105/62
f 106/106/63 107/107/63 108/108/55
f 107/107/63 106/106/63 109/109/64
f 110/110/1 111/111/3 112/112/65
f 113/113/66 114/114/66 115/115/67
f 114/114/66 113/113/66 116/116/56
f 117/117/55 118/118/68 119/119/46
f 120/120/63 118/118/68 117/117/55
f 121/121/56 122/122/66 123/123/56
f 121/121/56 123/123/56 124/124/47
f 125/125/69 126/126/40 127/127/62
f 127/127/62 128/128/70 125/125/69
f 129/129/3 130/130/71 131/131/71
f 132/132/72 131/131/71 130/130/71
f 133/133/31 134/134/28 135/135/73
f 136/136/74 137/137/26 138/138/75
f 139/139/76 140/140/67 141/141/77
f 142/142/66 140/140/67 139/139/76
f 143/143/64 144/144/63 145/145/64
f 143/143/64 145/145/64 146/146/78
f 147/147/79 148/148/80 149/149/81
f 148/148/80 150/150/82 151/151/83
f 152/152/84 153/153/85 154/154/86
f 155/155/85 152/152/87 156/156/88
f 157/157/82 158/158/89 159/159/83
f 159/159/83 158/158/89 160/160/90
f 158/158/89 161/161/77 160/160/90
f 162/162/67 160/160/90 161/161/77
f 163/163/78 164/164/64 165/165/78
f 165/165/78 166/166/91 163/163/78
f 166/166/91 167/167/88 163/163/78
f 166/166/91 168/168/92 167/167/88
f 169/169/93 170/170/31 171/171/93
f 171/171/93 172/172/94 169/169/93
f 173/173/94 174/174/95 169/169/93
f 173/173/94 175/175/96 174/174/95
f 176/176/96 177/177/97 174/174/94
f 178/178/98 177/177/97 176/176/96
f 179/179/26 180/180/75 181/181/75
f 182/182/99 181/181/75 180/180/75
f 183/183/100 184/184/99 180/180/75
f 185/185/101 184/184/99 183/183/100
f 186/186/102 187/187/101 183/183/99
f 186/186/102 188/188/103 187/187/101
f 189/189/70 190/190/104 191/191/62
f 189/189/70 192/192/105 190/190/104
f 193/193/106 194/194/105 190/190/104
f 195/195/107 194/194/105 193/193/106
f 196/196/107 197/197/107 193/193/108
f 197/197/107 196/196/107 198/198/109
f 199/199/110 198/198/109 200/200/111
f 199/199/110 201/201/107 198/198/109
f 202/202/72 203/203/72 204/204/65
f 205/205/112 203/203/72 202/202/72
f 206/206/112 207/207/113 202/202/72
f 206/206/112 208/208/114 207/207/113
f 209/209/114 210/210/114 207/207/112
f 210/210/114 209/209/114 211/211/115
f 211/211/115 212/212/116 213/213/117
f 214/214/114 212/212/116 211/211/115
f 215/215/80 216/216/118 217/217/119
f 218/218/120 219/219/87 220/220/121
f 221/221/81 222/222/82 223/223/81
f 224/224/85 225/225/86 226/226/86
f 227/227/122 228/228/118 229/229/123
f 229/229/123 228/228/118 230/230/124
f 228/228/125 231/231/126 232/232/126
f 232/232/126 233/233/126 234/234/127
f 231/231/126 235/235/127 236/236/117
f 237/237/115 236/236/117 235/235/127
f 238/238/111 239/239/110 240/240/128
f 240/240/128 241/241/129 238/238/111
f 241/241/129 242/242/120 243/243/129
f 244/244/130 243/243/130 245/245/128
f 242/242/120 246/246/131 247/247/132
f 242/242/120 247/247/132 248/248/129
f 249/249/98 250/250/98 251/251/96
f 250/250/98 249/249/98 252/252/133
f 253/253/134 254/254/98 252/252/133
f 253/253/134 252/252/133 255/255/135
f 256/256/135 255/255/135 257/257/136
f 258/258/103 259/259/103 260/260/101
f 259/259/103 258/258/103 261/261/137
f 262/262/103 263/263/137 261/261/137
f 261/261/137 263/263/137 264/264/138
f 264/264/138 265/265/138 266/266/139
f 267/267/140 268/268/141 269/269/140
f 270/270/142 271/271/143 272/272/143
f 273/273/144 274/274/145 275/275/122
f 273/273/144 275/275/122 276/276/146
f 277/277/147 278/278/81 273/273/81
f 279/279/131 280/280/148 281/281/149
f 282/282/87 280/280/148 279/279/131
f 283/283/86 284/284/150 280/280/86
f 285/285/151 286/286/152 287/287/153
f 288/288/154 286/286/152 285/285/151
f 289/289/155 290/290/154 285/285/151
f 290/290/154 289/289/155 291/291/156
f 292/292/156 290/290/154 291/291/156
f 292/292/156 291/291/156 293/293/157
f 294/294/157 292/292/156 293/293/157
f 293/293/157 295/295/158 294/294/157
f 295/295/158 296/296/158 294/294/157
f 295/295/158 297/297/159 296/296/158
f 297/297/159 298/298/160 296/296/158
f 298/298/160 297/297/159 299/299/161
f 300/300/162 301/301/163 299/299/163
f 301/301/163 302/302/164 299/299/163
f 302/302/164 303/303/164 304/304/161
f 302/302/164 305/305/165 303/303/164
f 305/305/165 306/306/165 303/303/164
f 305/305/165 307/307/16 306/306/165
f 307/307/16 308/308/166 306/306/165
f 309/309/167 310/310/168 311/311/169
f 312/312/170 313/313/131 314/314/171
f 315/315/172 316/316/172 317/317/173
f 318/318/142 319/319/142 320/320/143
f 321/321/174 322/322/147 323/323/144
f 324/324/175 325/325/171 326/326/176
f 327/327/177 328/328/178 329/329/179
f 328/328/178 330/330/180 331/331/179
f 330/330/180 332/332/181 331/331/179
f 332/332/181 333/333/182 334/334/182
f 335/335/183 334/334/182 333/333/182
f 336/336/137 335/335/183 337/337/183
f 338/338/184 339/339/185 334/334/182
f 339/339/185 338/338/184 329/329/179
f 338/338/186 340/340/187 341/341/188
f 329/329/179 342/342/189 343/343/190
f 329/329/179 343/343/190 344/344/177
f 345/345/191 346/346/192 347/347/193
f 348/348/194 345/345/191 347/347/193
f 346/346/192 349/349/195 350/350/193
f 351/351/136 348/348/194 352/352/136
f 352/352/136 353/353/196 351/351/136
f 353/353/196 354/354/133 355/355/196
f 356/356/197 357/357/198 352/352/136
f 357/357/198 356/356/197 350/350/193
f 358/358/154 357/357/198 359/359/199
f 360/360/200 350/350/201 361/361/202
f 361/361/202 350/350/201 362/362/195
f 363/363/203 364/364/204 365/365/151
f 363/363/203 365/365/151 366/366/205
f 365/365/206 367/367/207 368/368/205
f 367/367/207 365/365/206 369/369/207
f 365/365/206 285/285/151 369/369/207
f 369/369/207 285/285/151 370/370/153
f 285/285/151 365/365/206 289/289/155
f 365/365/206 371/371/208 289/289/155
f 372/372/204 371/371/208 365/365/206
f 371/371/208 372/372/204 373/373/209
f 372/372/204 374/374/209 373/373/209
f 373/373/209 374/374/209 375/375/210
f 374/374/209 376/376/210 375/375/210
f 377/377/211 375/375/210 376/376/210
f 378/378/211 377/377/211 376/376/210
f 379/379/212 377/377/211 378/378/211
f 380/380/212 379/379/212 378/378/211
f 379/379/212 380/380/212 381/381/213
f 382/382/213 383/383/214 381/381/215
f 384/384/216 382/382/213 381/381/215
f 385/385/217 384/384/216 381/381/215
f 386/386/218 384/384/216 385/385/217
f 387/387/218 386/386/218 385/385/217
f 388/388/12 386/386/218 387/387/218
f 389/389/10 388/388/12 387/387/218
f 390/390/122 391/391/219 392/392/220
f 391/391/219 390/390/122 393/393/221
f 393/393/222 394/394/223 395/395/224
f 396/396/225 397/397/121 398/398/226
f 397/397/121 396/396/225 399/399/132
f 400/400/227 399/399/132 401/401/228
f 402/402/229 403/403/178 404/404/230
f 405/405/192 406/406/191 407/407/231
f 408/408/219 409/409/180 410/410/230
f 408/408/219 411/411/232 409/409/180
f 408/408/233 412/412/230 413/413/220
f 414/414/231 415/415/234 416/416/226
f 417/417/235 415/415/225 418/418/236
f 418/418/236 415/415/225 419/419/231
f 420/420/153 421/421/237 422/422/195
f 423/423/203 424/424/205 425/425/238
f 426/426/239 427/427/240 428/428/21
f 428/428/21 427/427/240 429/429/4
f 430/430/241 431/431/242 432/432/6
f 430/430/241 433/433/243 431/431/242
f 434/434/244 435/435/239 436/436/245
f 437/437/246 438/438/247 439/439/23
f 440/440/248 441/441/249 442/442/4
f 442/442/4 441/441/249 443/443/2
f 444/444/250 445/445/241 446/446/6
f 444/444/250 446/446/6 447/447/5
f 448/448/141 449/449/251 450/450/141
f 451/451/252 452/452/142 453/453/253
f 454/454/249 455/455/254 456/456/2
f 456/456/2 455/455/254 457/457/37
f 458/458/255 459/459/250 460/460/5
f 458/458/255 460/460/5 461/461/38
f 462/462/256 463/463/256 464/464/257
f 465/465/258 466/466/258 467/467/259
f 468/468/260 469/469/261 470/470/262
f 471/471/263 472/472/264 470/470/262
f 473/473/265 474/474/266 475/475/267
f 474/474/268 476/476/269 477/477/267
f 476/476/269 474/474/268 478/478/270
f 479/479/271 480/480/271 481/481/271
f 482/482/256 479/479/271 483/483/256
f 484/484/272 485/485/258 486/486/258
f 487/487/272 484/484/272 488/488/272
f 489/489/273 490/490/274 491/491/18
f 491/491/18 490/490/274 492/492/17
f 490/490/274 493/493/275 492/492/17
f 493/493/275 494/494/276 492/492/17
f 495/495/271 496/496/271 497/497/271
f 498/498/272 499/499/272 500/500/272
f 501/501/271 502/502/271 503/503/251
f 504/504/272 505/505/272 506/506/252
f 507/507/277 508/508/278 509/509/279
f 510/510/280 511/511/281 512/512/282
f 513/513/278 514/514/277 512/512/282
f 515/515/283 516/516/284 517/517/285
f 515/515/286 518/518/287 519/519/288
f 518/518/287 515/515/286 520/520/289
f 521/521/290 522/522/291 523/523/25
f 523/523/25 522/522/291 524/524/11
f 525/525/291 526/526/292 527/527/33
f 527/527/33 526/526/292 528/528/9
f 529/529/293 530/530/294 531/531/29
f 529/529/293 531/531/29 532/532/15
f 533/533/295 534/534/293 535/535/15
f 533/533/295 535/535/15 536/536/14
f 537/537/254 538/538/290 539/539/37
f 539/539/37 538/538/290 540/540/34
f 541/541/294 542/542/255 543/543/38
f 541/541/294 543/543/38 544/544/29
f 545/545/296 509/509/297 546/546/297
f 545/545/296 547/547/277 509/509/297
f 547/547/298 548/548/299 549/549/300
f 550/550/301 551/551/297 552/552/297
f 553/553/301 550/550/301 552/552/297
f 553/553/301 552/552/297 554/554/297
f 550/550/301 555/555/301 551/551/297
f 555/555/301 556/556/297 551/551/297
f 550/550/301 553/553/301 557/557/302
f 550/550/301 557/557/302 558/558/303
f 555/555/301 550/550/301 558/558/303
f 553/553/301 559/559/302 557/557/302
f 555/555/301 558/558/303 560/560/304
f 553/553/301 561/561/305 559/559/302
f 561/561/305 553/553/301 554/554/297
f 561/561/305 562/562/303 559/559/302
f 562/562/303 561/561/305 563/563/304
f 564/564/305 555/555/301 560/560/304
f 555/555/301 564/564/305 556/556/297
f 565/565/306 566/566/307 567/567/308
f 568/568/249 566/566/307 565/565/306
f 569/569/241 570/570/250 571/571/309
f 569/569/241 571/571/309 572/572/310
f 573/573/303 574/574/311 575/575/303
f 576/576/312 574/574/311 577/577/297
f 574/574/311 578/578/301 575/575/303
f 578/578/301 574/574/311 576/576/312
f 575/575/303 578/578/301 579/579/313
f 578/578/301 580/580/296 579/579/313
f 581/581/297 578/578/301 576/576/312
f 580/580/296 578/578/301 581/581/297
f 582/582/314 580/580/296 581/581/297
f 583/583/260 580/580/296 582/582/314
f 584/584/296 583/583/260 585/585/315
f 586/586/261 587/587/260 582/582/279
f 588/588/240 589/589/316 590/590/317
f 591/591/246 592/592/241 593/593/310
f 594/594/318 595/595/254 596/596/319
f 597/597/290 595/595/254 594/594/318
f 598/598/255 599/599/294 600/600/320
f 598/598/255 600/600/320 601/601/321
f 602/602/322 603/603/273 604/604/323
f 605/605/274 603/603/273 602/602/322
f 606/606/9 603/603/324 607/607/18
f 608/608/292 603/603/324 606/606/9
f 609/609/276 610/610/295 611/611/14
f 609/609/276 611/611/14 612/612/325
f 609/609/276 613/613/326 614/614/327
f 609/609/276 615/615/328 613/613/326
f 616/616/319 617/617/329 618/618/306
f 619/619/254 617/617/329 616/616/319
f 620/620/330 621/621/255 622/622/321
f 620/620/330 622/622/321 623/623/309
f 624/624/331 625/625/274 626/626/322
f 625/625/274 624/624/331 627/627/332
f 628/628/275 629/629/274 630/630/332
f 628/628/275 630/630/332 631/631/326
f 632/632/323 633/633/292 634/634/333
f 635/635/273 633/633/292 632/632/323
f 636/636/295 637/637/276 638/638/327
f 636/636/295 638/638/327 639/639/334
f 640/640/335 641/641/336 642/642/337
f 643/643/338 644/644/335 645/645/339
f 646/646/333 647/647/291 648/648/340
f 649/649/292 647/647/291 646/646/333
f 650/650/341 651/651/342 652/652/334
f 650/650/341 652/652/334 653/653/343
f 654/654/340 655/655/290 656/656/318
f 657/657/291 655/655/290 654/654/340
f 658/658/294 659/659/293 660/660/343
f 658/658/294 660/660/343 661/661/320
f 662/662/344 663/663/345 664/664/346
f 665/665/347 666/666/348 667/667/349
f 668/668/350 669/669/351 670/670/351
f 671/671/352 668/668/350 670/670/351
f 672/672/353 668/668/350 671/671/352
f 673/673/353 672/672/353 671/671/352
f 672/672/353 673/673/353 674/674/354
f 675/675/355 676/676/355 677/677/356
f 676/676/355 675/675/355 678/678/357
f 679/679/357 676/676/355 678/678/357
f 679/679/357 678/678/357 680/680/358
f 681/681/358 679/679/357 680/680/358
f 564/564/305 682/682/312 556/556/297
f 564/564/305 683/683/305 682/682/312
f 683/683/305 564/564/305 684/684/359
f 683/683/305 684/684/359 685/685/360
f 545/545/296 683/683/305 685/685/360
f 683/683/305 546/546/297 682/682/312
f 683/683/305 545/545/296 546/546/297
f 564/564/305 560/560/304 684/684/359
f 561/561/305 686/686/301 563/563/304
f 561/561/305 554/554/297 686/686/301
f 563/563/304 686/686/301 687/687/302
f 554/554/297 688/688/297 686/686/301
f 686/686/301 689/689/305 687/687/302
f 689/689/305 686/686/301 688/688/297
f 687/687/302 689/689/305 690/690/302
f 691/691/297 689/689/305 688/688/297
f 689/689/305 692/692/305 690/690/302
f 692/692/305 689/689/305 691/691/297
f 690/690/302 692/692/305 693/693/303
f 694/694/297 692/692/305 691/691/297
f 692/692/305 695/695/301 693/693/303
f 695/695/301 692/692/305 694/694/297
f 693/693/303 695/695/301 573/573/303
f 577/577/297 695/695/301 694/694/297
f 695/695/301 574/574/311 573/573/303
f 574/574/311 695/695/301 577/577/297
f 696/696/354 697/697/361 698/698/354
f 699/699/362 700/700/363 701/701/363
f 702/702/364 703/703/365 704/704/366
f 705/705/367 703/703/365 702/702/364
f 706/706/368 705/705/367 702/702/364
f 705/705/367 706/706/368 707/707/369
f 708/708/370 705/705/367 707/707/369
f 709/709/335 710/710/371 711/711/372
f 709/709/335 712/712/367 710/710/371
f 712/712/367 713/713/373 710/710/371
f 713/713/373 712/712/367 714/714/374
f 712/712/367 715/715/375 714/714/374
f 716/716/376 717/717/277 718/718/377
f 719/719/277 716/716/378 720/720/379
f 721/721/380 722/722/260 723/723/381
f 724/724/382 721/721/383 725/725/384
f 726/726/385 727/727/386 728/728/385
f 727/727/386 726/726/385 729/729/385
f 727/727/386 729/729/385 730/730/385
f 727/727/386 730/730/385 731/731/387
f 727/727/386 731/731/387 732/732/388
f 731/731/387 733/733/389 734/734/390
f 733/733/391 735/735/391 732/732/392
f 736/736/393 737/737/385 738/738/385
f 737/737/385 736/736/393 739/739/385
f 739/739/385 736/736/393 740/740/385
f 740/740/385 736/736/393 741/741/394
f 741/741/394 736/736/393 742/742/395
f 743/743/396 744/744/396 742/742/395
f 744/744/396 741/741/394 745/745/375
f 746/746/280 747/747/378 748/748/397
f 747/747/378 746/746/280 749/749/282
f 750/750/398 747/747/378 751/751/377
f 752/752/264 753/753/380 754/754/262
f 753/753/380 752/752/264 755/755/399
f 753/753/380 756/756/400 757/757/384
f 758/758/385 759/759/385 760/760/385
f 761/761/385 758/758/385 760/760/385
f 762/762/385 763/763/385 764/764/385
f 765/765/385 762/762/385 764/764/385
f 766/766/385 767/767/385 768/768/385
f 769/769/385 766/766/385 768/768/385
f 770/770/385 771/771/385 772/772/385
f 773/773/385 770/770/385 772/772/385
f 774/774/385 775/775/385 776/776/385
f 777/777/385 774/774/385 776/776/385
f 778/778/385 779/779/385 780/780/385
f 781/781/385 778/778/385 780/780/385
f 782/782/385 783/783/385 784/784/385
f 785/785/385 782/782/385 784/784/385
f 786/786/376 787/787/401 788/788/402
f 789/789/403 790/790/380 791/791/404
f 792/792/405 793/793/280 794/794/406
f 793/793/280 792/792/405 795/795/281
f 792/792/405 796/796/407 795/795/281
f 797/797/408 798/798/264 799/799/263
f 798/798/264 797/797/408 800/800/409
f 801/801/267 797/797/408 799/799/263
f 802/802/377 803/803/277 804/804/360
f 805/805/260 806/806/384 807/807/313
f 808/808/280 809/809/410 810/810/406
f 811/811/404 812/812/264 813/813/409
f 814/814/405 815/815/406 816/816/288
f 817/817/409 818/818/408 819/819/411
f 820/820/412 821/821/413 822/822/413
f 823/823/414 824/824/414 825/825/415
f 823/823/414 826/826/416 824/824/414
f 827/827/417 826/826/418 828/828/419
f 826/826/418 827/827/417 829/829/420
f 830/830/421 831/831/422 832/832/413
f 833/833/423 831/831/422 830/830/421
f 834/834/424 835/835/424 836/836/425
f 834/834/424 837/837/426 835/835/424
f 837/837/415 838/838/427 839/839/428
f 837/837/415 839/839/428 840/840/429
f 841/841/430 842/842/431 843/843/432
f 844/844/433 845/845/434 846/846/435
f 847/847/436 848/848/437 849/849/438
f 849/849/438 850/850/429 847/847/436
f 851/851/439 852/852/439 853/853/440
f 852/852/439 851/851/439 854/854/441
f 855/855/442 856/856/442 857/857/443
f 855/855/442 858/858/439 856/856/442
f 859/859/444 860/860/445 861/861/444
f 861/861/444 862/862/446 859/859/444
f 863/863/447 864/864/448 865/865/448
f 866/866/447 863/863/447 865/865/448
f 867/867/416 868/868/449 869/869/449
f 870/870/450 871/871/450 872/872/412
f 871/871/450 870/870/450 873/873/451
f 874/874/452 875/875/453 876/876/454
f 877/877/455 878/878/433 879/879/456
f 880/880/453 881/881/457 882/882/456
f 883/883/42 884/884/458 885/885/459
f 886/886/460 887/887/461 888/888/459
f 887/887/461 889/889/42 888/888/459
f 890/890/433 891/891/462 892/892/463
f 893/893/464 894/894/465 895/895/466
f 896/896/467 894/894/468 897/897/469
f 898/898/460 899/899/470 900/900/471
f 899/899/470 898/898/460 901/901/459
f 902/902/472 903/903/471 904/904/473
f 902/902/472 905/905/460 903/903/471
f 906/906/474 907/907/475 908/908/476
f 906/906/474 909/909/477 907/907/475
f 910/910/478 911/911/479 912/912/480
f 910/910/478 913/913/478 911/911/479
f 914/914/481 915/915/482 916/916/464
f 914/914/481 917/917/483 915/915/482
f 918/918/484 919/919/485 920/920/482
f 918/918/484 921/921/486 919/919/485
f 922/922/486 923/923/480 924/924/485
f 922/922/486 925/925/474 923/923/480
f 926/926/463 927/927/487 928/928/488
f 929/929/489 930/930/481 931/931/464
f 929/929/489 931/931/464 932/932/490
f 933/933/491 934/934/491 935/935/492
f 936/936/493 937/937/491 938/938/492
f 939/939/494 940/940/495 941/941/488
f 942/942/456 943/943/463 944/944/488
f 945/945/496 946/946/488 947/947/497
f 948/948/491 949/949/140 950/950/491
f 951/951/498 952/952/462 953/953/454
f 952/952/452 954/954/499 955/955/463
f 954/954/499 956/956/497 957/957/488
f 958/958/500 959/959/496 956/956/497
f 960/960/140 961/961/140 962/962/501
f 963/963/502 964/964/503 965/965/504
f 966/966/505 967/967/506 968/968/507
f 969/969/494 970/970/488 971/971/508
f 972/972/509 973/973/510 969/969/494
f 974/974/511 975/975/496 976/976/512
f 977/977/510 978/978/456 979/979/513
f 980/980/514 981/981/505 982/982/492
f 983/983/515 984/984/516 985/985/516
f 986/986/517 983/983/518 987/987/517
f 988/988/519 986/986/520 989/989/519
f 990/990/521 988/988/519 991/991/521
f 992/992/470 993/993/459 994/994/522
f 995/995/519 996/996/519 997/997/521
f 998/998/523 999/999/523 1000/1000/519
f 1001/1001/524 1002/1002/524 1003/1003/524
f 1004/1004/524 1001/1001/524 1003/1003/524
f 1005/1005/525 1006/1006/526 1007/1007/527
f 1005/1005/525 1007/1007/527 1008/1008/528
f 1009/1009/528 1005/1005/525 1008/1008/528
f 1009/1009/528 1008/1008/528 1010/1010/529
f 1011/1011/529 1009/1009/528 1010/1010/529
f 1011/1011/529 1010/1010/529 1012/1012/524
f 1013/1013/530 1011/1011/529 1012/1012/524
f 1013/1013/530 1012/1012/524 1014/1014/524
f 1015/1015/530 1013/1013/530 1014/1014/524
f 1015/1015/530 1014/1014/524 1016/1016/530
f 1017/1017/524 1018/1018/524 1016/1016/524
f 1019/1019/531 1020/1020/531 1021/1021/532
f 1022/1022/533 1023/1023/533 1024/1024/534
f 1025/1025/91 1026/1026/535 1027/1027/536
f 1026/1026/535 1028/1028/91 1029/1029/537
f 1030/1030/537 1026/1026/535 1029/1029/537
f 1029/1029/537 1031/1031/538 1030/1030/537
f 1032/1032/538 1033/1033/538 1030/1030/539
f 1032/1032/538 1034/1034/540 1033/1033/538
f 1035/1035/509 1036/1036/494 1037/1037/541
f 1038/1038/494 1039/1039/508 1040/1040/541
f 1041/1041/542 1042/1042/542 1043/1043/543
f 1044/1044/544 1042/1042/542 1041/1041/542
f 1045/1045/518 1046/1046/515 1047/1047/516
f 1048/1048/545 1049/1049/546 1050/1050/545
f 1050/1050/545 1051/1051/547 1048/1048/545
f 1052/1052/548 1053/1053/548 1054/1054/549
f 1055/1055/544 1056/1056/544 1057/1057/542
f 1058/1058/550 1059/1059/551 1060/1060/550
f 1061/1061/552 1062/1062/553 1063/1063/554
f 1064/1064/555 1061/1061/552 1063/1063/554
f 1063/1063/554 1065/1065/289 1064/1064/555
f 1065/1065/289 1066/1066/556 1064/1064/555
f 1067/1067/557 1061/1061/552 1068/1068/555
f 1069/1069/558 1067/1067/557 1068/1068/555
f 1068/1068/555 1070/1070/284 1069/1069/558
f 1070/1070/284 1071/1071/559 1069/1069/558
f 1072/1072/560 1071/1071/559 1070/1070/284
f 1073/1073/286 1074/1074/560 1070/1070/556
f 1074/1074/560 1073/1073/286 1075/1075/561
f 1073/1073/286 1076/1076/288 1075/1075/561
f 1077/1077/524 1078/1078/524 1079/1079/524
f 1080/1080/524 1077/1077/524 1079/1079/524
f 1081/1081/562 1082/1082/562 1083/1083/562
f 1081/1081/562 1083/1083/562 1084/1084/563
f 1085/1085/563 1081/1081/562 1084/1084/563
f 1085/1085/563 1084/1084/563 1086/1086/524
f 1087/1087/530 1085/1085/563 1086/1086/524
f 1087/1087/530 1086/1086/524 1088/1088/524
f 1089/1089/524 1087/1087/530 1088/1088/524
f 1089/1089/524 1088/1088/524 1090/1090/524
f 1091/1091/524 1089/1089/524 1090/1090/524
f 1091/1091/524 1090/1090/524 1092/1092/524
f 1093/1093/524 1094/1094/524 1092/1092/524
f 1095/1095/564 1096/1096/564 1097/1097/565
f 1096/1096/564 1095/1095/564 1098/1098/566
f 1099/1099/528 1100/1100/528 1101/1101/528
f 1102/1102/567 1103/1103/568 1104/1104/569
f 1105/1105/570 1103/1103/568 1102/1102/567
f 1105/1105/571 1106/1106/571 1107/1107/548
f 1106/1106/571 1105/1105/571 1108/1108/572
f 1109/1109/573 1110/1110/574 1111/1111/574
f 1110/1110/574 1112/1112/575 1111/1111/574
f 1113/1113/573 1114/1114/573 1115/1115/576
f 1116/1116/577 1117/1117/577 1118/1118/578
f 1117/1117/577 1116/1116/577 1119/1119/579
f 1120/1120/580 1117/1117/577 1119/1119/579
f 1120/1120/580 1119/1119/579 1121/1121/581
f 1122/1122/581 1120/1120/580 1121/1121/581
f 1122/1122/581 1121/1121/581 1123/1123/582
f 1121/1121/581 1124/1124/583 1125/1125/582
f 1125/1125/582 1124/1124/583 1126/1126/584
f 1127/1127/585 1123/1123/586 1128/1128/585
f 1127/1127/585 1128/1128/585 1129/1129/587
f 1130/1130/588 1127/1127/585 1129/1129/587
f 1131/1131/589 1132/1132/566 1133/1133/566
f 1133/1133/566 1132/1132/566 1134/1134/590
f 1135/1135/591 1136/1136/591 1137/1137/592
f 1135/1135/591 1138/1138/567 1136/1136/591
f 1139/1139/524 1140/1140/563 1141/1141/524
f 1139/1139/524 1141/1141/524 1142/1142/524
f 1143/1143/524 1139/1139/524 1142/1142/524
f 1143/1143/524 1142/1142/524 1144/1144/524
f 1145/1145/524 1143/1143/524 1144/1144/524
f 1145/1145/524 1144/1144/524 1146/1146/524
f 1147/1147/524 1145/1145/524 1146/1146/524
f 1147/1147/524 1146/1146/524 1148/1148/524
f 1149/1149/524 1147/1147/524 1148/1148/524
f 1149/1149/524 1148/1148/524 1150/1150/524
f 1151/1151/524 1152/1152/524 1150/1150/524
f 1153/1153/524 1154/1154/524 1155/1155/524
f 1156/1156/524 1153/1153/524 1155/1155/524
f 1157/1157/593 1158/1158/594 1159/1159/594
f 1159/1159/594 1158/1158/594 1160/1160/595
f 1161/1161/563 1162/1162/563 1163/1163/530
f 1164/1164/596 1165/1165/594 1166/1166/596
f 1166/1166/596 1167/1167/597 1164/1164/596
f 1168/1168/597 1169/1169/597 1170/1170/595
f 1171/1171/598 1172/1172/598 1173/1173/599
f 1174/1174/600 1175/1175/569 1176/1176/600
f 1177/1177/597 1178/1178/601 1179/1179/597
f 1180/1180/601 1181/1181/601 1182/1182/597
f 1181/1181/601 1180/1180/601 1183/1183/602
f 1184/1184/603 1185/1185/603 1186/1186/604
f 1187/1187/605 1188/1188/602 1189/1189/602
f 1189/1189/602 1188/1188/602 1190/1190/606
f 1191/1191/587 1192/1192/607 1193/1193/587
f 1194/1194/608 1195/1195/609 1196/1196/608
f 1197/1197/610 1198/1198/602 1199/1199/611
f 1197/1197/610 1199/1199/611 1200/1200/612
f 1201/1201/613 1202/1202/613 1203/1203/614
f 1204/1204/590 1205/1205/566 1206/1206/590
f 1207/1207/615 1208/1208/616 1209/1209/615
f 1209/1209/615 1210/1210/617 1207/1207/615
f 1211/1211/618 1212/1212/618 1213/1213/619
f 1214/1214/620 1215/1215/620 1216/1216/621
f 1217/1217/622 1218/1218/623 1219/1219/624
f 1220/1220/625 1219/1219/624 1218/1218/623
f 1221/1221/626 1222/1222/627 1223/1223/627
f 1224/1224/628 1225/1225/628 1226/1226/629
f 1227/1227/626 1228/1228/626 1229/1229/630
f 1228/1228/626 1227/1227/626 1230/1230/631
f 1227/1227/626 1231/1231/631 1230/1230/631
f 1230/1230/631 1231/1231/631 1232/1232/632
f 1231/1231/631 1233/1233/632 1232/1232/632
f 1232/1232/632 1233/1233/632 1234/1234/633
f 1235/1235/634 1236/1236/634 1237/1237/634
f 1238/1238/635 1239/1239/635 1240/1240/635
f 1241/1241/636 1240/1240/635 1239/1239/635
f 1242/1242/637 1243/1243/638 1244/1244/639
f 1245/1245/637 1243/1243/638 1242/1242/637
f 1246/1246/635 1247/1247/635 1248/1248/635
f 1247/1247/635 1246/1246/635 1249/1249/640
f 1250/1250/640 1251/1251/635 1252/1252/640
f 1250/1250/640 1252/1252/640 1253/1253/640
f 1254/1254/640 1255/1255/640 1256/1256/640
f 1256/1256/640 1255/1255/640 1257/1257/641
f 1258/1258/640 1259/1259/642 1260/1260/642
f 1261/1261/643 1260/1260/642 1259/1259/642
f 1262/1262/632 1263/1263/633 1264/1264/633
f 1264/1264/633 1263/1263/633 1265/1265/524
f 1266/1266/633 1267/1267/644 1268/1268/644
f 1269/1269/524 1268/1268/644 1267/1267/644
f 1270/1270/524 1269/1269/524 1271/1271/524
f 1272/1272/524 1273/1273/524 1274/1274/524
f 1273/1273/524 1272/1272/524 1275/1275/524
f 1276/1276/645 1277/1277/645 1278/1278/646
f 1277/1277/645 1276/1276/645 1279/1279/644
f 1280/1280/644 1281/1281/647 1282/1282/644
f 1283/1283/648 1284/1284/648 1285/1285/648
f 1286/1286/649 1287/1287/650 1288/1288/649
f 1289/1289/651 1288/1288/649 1287/1287/650
f 1290/1290/652 1291/1291/653 1292/1292/624
f 1293/1293/654 1291/1291/653 1290/1290/652
f 1294/1294/655 1295/1295/656 1296/1296/657
f 1297/1297/480 1298/1298/655 1296/1296/658
f 1297/1297/480 1296/1296/658 1299/1299/339
f 1300/1300/485 1299/1299/339 1301/1301/371
f 1300/1300/485 1302/1302/480 1299/1299/339
f 1303/1303/482 1300/1300/485 1304/1304/371
f 1303/1303/482 1304/1304/371 1305/1305/373
f 1306/1306/464 1303/1303/482 1307/1307/373
f 1308/1308/465 1306/1306/464 1307/1307/373
f 1309/1309/651 1310/1310/651 1311/1311/659
f 1312/1312/660 1310/1310/651 1309/1309/651
f 1313/1313/661 1314/1314/661 1315/1315/662
f 1316/1316/663 1317/1317/663 1318/1318/651
f 1317/1317/663 1316/1316/663 1319/1319/664
f 1320/1320/665 1321/1321/666 1322/1322/666
f 1323/1323/667 1322/1322/666 1321/1321/666
f 1324/1324/629 1325/1325/668 1326/1326/629
f 1327/1327/664 1328/1328/663 1329/1329/664
f 1330/1330/669 1327/1327/664 1329/1329/664
f 1331/1331/670 1332/1332/670 1333/1333/671
f 1334/1334/672 1332/1332/670 1331/1331/670
f 1335/1335/673 1336/1336/672 1337/1337/670
f 1336/1336/672 1335/1335/673 1338/1338/674
f 1339/1339/675 1340/1340/675 1341/1341/676
f 1342/1342/677 1340/1340/675 1339/1339/675
f 1343/1343/678 1344/1344/674 1345/1345/674
f 1345/1345/674 1344/1344/674 1346/1346/679
f 1347/1347/679 1348/1348/674 1349/1349/679
f 1350/1350/680 1351/1351/680 1352/1352/681
f 1351/1351/680 1350/1350/680 1353/1353/682
f 1354/1354/683 1355/1355/684 1356/1356/683
f 1357/1357/633 1358/1358/633 1359/1359/633
f 1360/1360/633 1361/1361/633 1362/1362/633
f 1361/1361/633 1360/1360/633 1363/1363/524
f 1360/1360/633 1364/1364/530 1363/1363/524
f 1363/1363/524 1364/1364/530 1365/1365/685
f 1364/1364/530 1366/1366/524 1365/1365/685
f 1365/1365/685 1366/1366/524 1367/1367/448
f 1366/1366/524 1368/1368/448 1367/1367/448
f 1367/1367/448 1368/1368/448 1369/1369/530
f 1368/1368/448 1370/1370/530 1369/1369/530
f 1371/1371/530 1369/1369/530 1370/1370/530
f 1372/1372/524 1371/1371/524 1373/1373/524
f 1374/1374/524 1375/1375/524 1376/1376/524
f 1375/1375/524 1374/1374/524 1377/1377/524
f 1378/1378/686 1379/1379/687 1380/1380/688
f 1381/1381/689 1379/1379/687 1378/1378/686
f 1382/1382/677 1383/1383/690 1384/1384/691
f 1383/1383/690 1382/1382/677 1385/1385/692
f 1386/1386/693 1387/1387/689 1388/1388/686
f 1389/1389/694 1390/1390/695 1391/1391/696
f 1390/1390/695 1392/1392/697 1391/1391/696
f 1393/1393/698 1394/1394/699 1391/1391/696
f 1395/1395/700 1394/1394/699 1393/1393/698
f 1396/1396/688 1397/1397/700 1393/1393/698
f 1398/1398/701 1397/1397/700 1396/1396/688
f 1399/1399/702 1400/1400/703 1401/1401/704
f 1402/1402/705 1403/1403/706 1404/1404/705
f 1402/1402/705 1404/1404/705 1405/1405/707
f 1406/1406/682 1407/1407/708 1408/1408/682
f 1406/1406/682 1408/1408/682 1409/1409/709
f 1410/1410/692 1411/1411/710 1412/1412/711
f 1412/1412/711 1411/1411/710 1413/1413/712
f 1414/1414/707 1415/1415/713 1416/1416/714
f 1417/1417/715 1416/1416/714 1415/1415/713
f 1418/1418/716 1419/1419/717 1420/1420/716
f 1421/1421/718 1422/1422/718 1423/1423/713
f 1422/1422/718 1421/1421/718 1424/1424/719
f 1425/1425/720 1426/1426/721 1427/1427/721
f 1427/1427/721 1426/1426/721 1428/1428/722
f 1429/1429/709 1430/1430/723 1431/1431/723
f 1432/1432/724 1431/1431/723 1430/1430/723
f 1433/1433/725 1434/1434/726 1435/1435/726
f 1436/1436/632 1437/1437/725 1438/1438/726
f 1437/1437/725 1436/1436/632 1439/1439/633
f 1436/1436/632 1440/1440/727 1439/1439/633
f 1439/1439/633 1440/1440/727 1441/1441/530
f 1440/1440/727 1442/1442/524 1441/1441/530
f 1441/1441/530 1442/1442/524 1443/1443/524
f 1442/1442/524 1444/1444/685 1443/1443/524
f 1443/1443/524 1444/1444/685 1445/1445/530
f 1444/1444/685 1446/1446/530 1445/1445/530
f 1447/1447/530 1445/1445/530 1446/1446/530
f 1448/1448/524 1447/1447/524 1449/1449/524
f 1450/1450/524 1451/1451/524 1452/1452/524
f 1451/1451/524 1450/1450/524 1453/1453/524
f 1454/1454/728 1455/1455/729 1456/1456/730
f 1455/1455/729 1454/1454/728 1457/1457/731
f 1458/1458/731 1459/1459/724 1460/1460/731
f 1461/1461/732 1462/1462/732 1463/1463/733
f 1464/1464/734 1465/1465/734 1466/1466/735
f 1467/1467/736 1468/1468/737 1469/1469/738
f 1470/1470/726 1471/1471/631 1472/1472/631
f 1473/1473/739 1474/1474/740 1475/1475/739
f 1475/1475/739 1476/1476/741 1473/1473/739
f 1477/1477/742 1478/1478/742 1479/1479/734
f 1480/1480/743 1481/1481/743 1482/1482/744
f 1481/1481/743 1480/1480/743 1483/1483/725
f 1480/1480/743 1484/1484/725 1483/1483/725
f 1483/1483/725 1484/1484/725 1485/1485/633
f 1484/1484/725 1486/1486/633 1485/1485/633
f 1485/1485/633 1486/1486/633 1487/1487/530
f 1486/1486/633 1488/1488/530 1487/1487/530
f 1487/1487/530 1488/1488/530 1489/1489/448
f 1488/1488/530 1490/1490/448 1489/1489/448
f 1491/1491/524 1489/1489/448 1490/1490/448
f 1492/1492/524 1491/1491/524 1493/1493/524
f 1494/1494/524 1495/1495/524 1496/1496/524
f 1495/1495/524 1494/1494/524 1497/1497/524
f 1498/1498/745 1499/1499/745 1500/1500/746
f 1501/1501/747 1502/1502/748 1503/1503/749
f 1504/1504/750 1505/1505/732 1506/1506/751
f 1507/1507/752 1504/1504/750 1506/1506/751
f 1508/1508/746 1507/1507/734 1509/1509/734
f 1510/1510/745 1508/1508/742 1511/1511/742
f 1512/1512/753 1513/1513/753 1514/1514/754
f 1515/1515/755 1516/1516/754 1517/1517/754
f 1518/1518/756 1519/1519/757 1520/1520/557
f 1521/1521/758 1518/1518/756 1522/1522/759
f 1523/1523/760 1521/1521/758 1524/1524/559
f 1525/1525/558 1526/1526/756 1527/1527/557
f 1528/1528/761 1529/1529/760 1530/1530/561
f 1531/1531/762 1532/1532/763 1533/1533/764
f 1534/1534/753 1535/1535/753 1536/1536/765
f 1537/1537/766 1538/1538/753 1539/1539/766
f 1540/1540/767 1541/1541/698 1542/1542/768
f 1543/1543/688 1541/1541/698 1540/1540/767
f 1544/1544/769 1545/1545/688 1546/1546/767
f 1547/1547/686 1545/1545/688 1544/1544/769
f 1548/1548/770 1549/1549/758 1550/1550/558
f 1551/1551/771 1552/1552/768 1553/1553/696
f 1554/1554/698 1553/1553/696 1552/1552/768
f 1555/1555/772 1556/1556/773 1557/1557/769
f 1558/1558/774 1556/1556/773 1555/1555/772
f 1559/1559/775 1560/1560/776 1561/1561/777
f 1559/1559/775 1562/1562/775 1560/1560/776
f 1563/1563/778 1564/1564/779 1565/1565/780
f 1566/1566/781 1564/1564/779 1563/1563/778
f 1567/1567/782 1568/1568/783 1569/1569/775
f 1570/1570/749 1568/1568/783 1567/1567/782
f 1571/1571/747 1572/1572/784 1573/1573/785
f 1573/1573/785 1572/1572/784 1574/1574/782
f 1575/1575/763 1576/1576/771 1577/1577/764
f 1578/1578/786 1579/1579/760 1580/1580/787
f 1581/1581/788 1582/1582/747 1583/1583/785
f 1581/1581/788 1584/1584/789 1582/1582/747
f 1585/1585/789 1586/1586/790 1587/1587/747
f 1588/1588/760 1589/1589/560 1590/1590/791
f 1591/1591/792 1592/1592/792 1593/1593/793
f 1594/1594/792 1595/1595/793 1593/1593/793
f 1596/1596/794 1597/1597/795 1598/1598/794
f 1599/1599/795 1600/1600/795 1598/1598/796
f 1601/1601/793 1602/1602/797 1603/1603/793
f 1604/1604/798 1605/1605/794 1606/1606/794
f 1607/1607/797 1608/1608/799 1609/1609/800
f 1610/1610/801 1611/1611/802 1612/1612/802
f 1613/1613/803 1614/1614/803 1615/1615/804
f 1614/1614/805 1616/1616/806 1617/1617/792
f 1618/1618/807 1619/1619/808 1620/1620/807
f 1619/1619/809 1621/1621/809 1622/1622/807
f 1623/1623/810 1624/1624/810 1625/1625/811
f 1626/1626/812 1627/1627/812 1628/1628/798
f 1629/1629/813 1630/1630/813 1631/1631/803
f 1630/1630/813 1632/1632/803 1631/1631/803
f 1633/1633/814 1630/1630/813 1629/1629/813
f 1634/1634/814 1633/1633/814 1629/1629/813
f 1635/1635/813 1633/1633/814 1634/1634/814
f 1636/1636/814 1635/1635/813 1634/1634/814
f 1637/1637/813 1635/1635/813 1636/1636/814
f 1638/1638/813 1637/1637/813 1636/1636/814
f 1639/1639/813 1637/1637/813 1638/1638/813
f 1640/1640/813 1639/1639/813 1638/1638/813
f 1641/1641/813 1639/1639/813 1640/1640/813
f 1642/1642/815 1641/1641/813 1640/1640/813
f 1642/1642/815 1643/1643/813 1641/1641/813
f 1643/1643/813 1644/1644/813 1641/1641/813
f 1644/1644/813 1643/1643/813 1645/1645/813
f 1646/1646/813 1644/1644/813 1645/1645/813
f 1646/1646/813 1645/1645/813 1647/1647/813
f 1648/1648/814 1646/1646/813 1647/1647/813
f 1648/1648/814 1647/1647/813 1649/1649/813
f 1650/1650/814 1648/1648/814 1649/1649/813
f 1650/1650/814 1649/1649/813 1651/1651/813
f 1652/1652/813 1650/1650/814 1651/1651/813
f 1652/1652/813 1651/1651/813 1653/1653/815
f 1654/1654/813 1652/1652/813 1653/1653/815
f 1654/1654/813 1653/1653/815 1655/1655/809
f 1656/1656/809 1654/1654/813 1655/1655/809
f 1657/1657/797 1658/1658/797 1659/1659/793
f 1660/1660/816 1661/1661/802 1662/1662/794
f 1663/1663/817 1664/1664/147 1665/1665/169
f 1666/1666/175 1667/1667/818 1668/1668/171
f 1669/1669/168 1670/1670/819 1671/1671/820
f 1672/1672/821 1669/1669/168 1671/1671/820
f 1673/1673/226 1674/1674/822 1675/1675/823
f 1676/1676/824 1673/1673/226 1675/1675/823
f 1677/1677/820 1678/1678/817 1679/1679/174
f 1680/1680/825 1681/1681/823 1682/1682/171
f 1683/1683/178 1684/1684/826 1685/1685/827
f 1686/1686/230 1683/1683/178 1685/1685/827
f 1687/1687/828 1688/1688/192 1689/1689/829
f 1688/1688/192 1690/1690/231 1689/1689/829
f 1691/1691/827 1692/1692/826 1693/1693/830
f 1692/1692/826 1694/1694/831 1693/1693/830
f 1695/1695/230 1691/1691/832 1696/1696/819
f 1697/1697/220 1695/1695/230 1696/1696/819
f 1698/1698/828 1699/1699/829 1700/1700/833
f 1701/1701/834 1698/1698/828 1700/1700/833
f 1699/1699/829 1702/1702/231 1703/1703/824
f 1702/1702/231 1704/1704/226 1703/1703/824
f 1705/1705/835 1706/1706/836 1707/1707/837
f 1708/1708/817 1709/1709/835 1707/1707/838
f 1710/1710/819 1711/1711/839 1709/1709/835
f 1711/1711/839 1712/1712/836 1709/1709/835
f 1713/1713/840 1714/1714/825 1715/1715/841
f 1716/1716/842 1717/1717/823 1715/1715/841
f 1718/1718/842 1719/1719/843 1713/1713/823
f 1719/1719/843 1720/1720/824 1713/1713/823
f 1721/1721/827 1722/1722/830 1723/1723/819
f 1722/1722/830 1724/1724/844 1723/1723/819
f 1725/1725/833 1726/1726/829 1727/1727/824
f 1728/1728/843 1725/1725/833 1727/1727/824
f 1729/1729/845 1730/1730/837 1731/1731/836
f 1732/1732/846 1729/1729/845 1731/1731/836
f 1729/1729/845 1732/1732/846 1733/1733/847
f 1732/1732/846 1734/1734/846 1733/1733/847
f 1733/1733/847 1734/1734/846 1735/1735/848
f 1734/1734/846 1736/1736/849 1735/1735/848
f 1735/1735/848 1736/1736/849 1737/1737/850
f 1735/1735/848 1738/1738/851 1733/1733/847
f 1737/1737/850 1739/1739/852 1735/1735/848
f 1739/1739/852 1738/1738/851 1735/1735/848
f 1740/1740/853 1739/1739/852 1737/1737/850
f 1741/1741/854 1739/1739/852 1740/1740/853
f 1739/1739/852 1741/1741/854 1738/1738/851
f 1741/1741/854 1742/1742/855 1738/1738/851
f 1742/1742/855 1743/1743/856 1738/1738/851
f 1738/1738/851 1744/1744/857 1733/1733/847
f 1743/1743/856 1744/1744/857 1738/1738/851
f 1733/1733/847 1744/1744/857 1729/1729/845
f 1744/1744/857 1743/1743/856 1745/1745/858
f 1744/1744/857 1745/1745/858 1729/1729/845
f 1743/1743/856 1746/1746/859 1745/1745/858
f 1747/1747/837 1729/1729/845 1745/1745/858
f 1746/1746/859 1748/1748/860 1745/1745/858
f 1749/1749/861 1747/1747/837 1745/1745/858
f 1748/1748/860 1750/1750/862 1745/1745/858
f 1751/1751/862 1749/1749/861 1745/1745/858
f 1750/1750/862 1752/1752/862 1745/1745/858
f 1753/1753/862 1751/1751/862 1745/1745/858
f 1752/1752/862 1753/1753/862 1745/1745/858
f 1754/1754/849 1755/1755/863 1756/1756/864
f 1754/1754/849 1756/1756/864 1757/1757/865
f 1755/1755/863 1758/1758/866 1756/1756/864
f 1755/1755/863 1759/1759/846 1758/1758/866
f 1760/1760/867 1757/1757/865 1756/1756/864
f 1760/1760/867 1761/1761/868 1757/1757/865
f 1760/1760/867 1762/1762/869 1761/1761/868
f 1763/1763/870 1760/1760/867 1756/1756/864
f 1762/1762/869 1760/1760/867 1763/1763/870
f 1763/1763/870 1756/1756/864 1758/1758/866
f 1764/1764/871 1762/1762/869 1763/1763/870
f 1765/1765/872 1764/1764/871 1763/1763/870
f 1766/1766/873 1763/1763/870 1758/1758/866
f 1766/1766/873 1765/1765/872 1763/1763/870
f 1759/1759/846 1767/1767/874 1758/1758/866
f 1766/1766/873 1758/1758/866 1767/1767/874
f 1767/1767/874 1759/1759/846 1768/1768/842
f 1769/1769/841 1767/1767/874 1768/1768/842
f 1770/1770/875 1766/1766/873 1767/1767/874
f 1765/1765/872 1766/1766/873 1770/1770/875
f 1767/1767/874 1771/1771/841 1770/1770/875
f 1772/1772/876 1765/1765/872 1770/1770/875
f 1771/1771/841 1773/1773/877 1770/1770/875
f 1774/1774/878 1772/1772/876 1770/1770/875
f 1773/1773/877 1775/1775/878 1770/1770/875
f 1776/1776/879 1774/1774/878 1770/1770/875
f 1775/1775/878 1777/1777/879 1770/1770/875
f 1778/1778/878 1776/1776/879 1770/1770/875
f 1777/1777/879 1778/1778/878 1770/1770/875
f 1779/1779/864 1780/1780/880 1781/1781/881
f 1781/1781/881 1780/1780/880 1782/1782/882
f 1783/1783/883 1757/1757/865 1784/1784/865
f 1783/1783/883 1754/1754/849 1757/1757/865
f 1784/1784/865 1761/1761/868 1782/1782/882
f 1761/1761/868 1784/1784/865 1757/1757/865
f 1782/1782/882 1785/1785/490 1781/1781/881
f 1785/1785/490 1782/1782/882 1761/1761/868
f 1785/1785/490 1786/1786/884 1781/1781/881
f 1781/1781/881 1786/1786/884 1787/1787/467
f 1788/1788/885 1785/1785/490 1761/1761/868
f 1789/1789/886 1781/1781/881 1787/1787/467
f 1789/1789/886 1779/1779/864 1781/1781/881
f 1762/1762/869 1788/1788/885 1761/1761/868
f 1789/1789/886 1790/1790/887 1779/1779/864
f 1790/1790/887 1791/1791/888 1779/1779/864
f 1789/1789/886 1792/1792/889 1790/1790/887
f 1792/1792/889 1793/1793/890 1790/1790/887
f 1790/1790/887 1793/1793/890 1794/1794/263
f 1790/1790/887 1795/1795/262 1791/1791/888
f 1795/1795/262 1796/1796/261 1791/1791/888
f 1795/1795/262 1790/1790/887 1797/1797/263
f 1792/1792/889 1798/1798/891 1799/1799/890
f 1798/1798/891 1800/1800/892 1799/1799/890
f 1801/1801/263 1799/1799/890 1800/1800/892
f 1802/1802/267 1803/1803/893 1800/1800/892
f 1804/1804/849 1805/1805/849 1806/1806/849
f 1805/1805/849 1807/1807/849 1806/1806/849
f 1805/1805/849 1780/1780/880 1807/1807/849
f 1780/1780/880 1779/1779/864 1807/1807/849
f 1808/1808/865 1780/1780/880 1805/1805/849
f 1809/1809/883 1808/1808/865 1805/1805/849
f 1808/1808/865 1809/1809/883 1810/1810/894
f 1784/1784/865 1808/1808/865 1810/1810/894
f 1810/1810/894 1783/1783/883 1784/1784/865
f 1780/1780/880 1808/1808/865 1782/1782/882
f 1808/1808/865 1784/1784/865 1782/1782/882
f 1811/1811/895 1812/1812/896 1813/1813/316
f 1812/1812/896 1811/1811/895 1814/1814/897
f 1815/1815/898 1816/1816/470 1817/1817/522
f 1816/1816/470 1815/1815/898 1818/1818/899
f 1819/1819/900 1820/1820/839 1821/1821/830
f 1822/1822/849 1823/1823/849 1824/1824/849
f 1825/1825/849 1822/1822/849 1824/1824/849
f 1825/1825/849 1824/1824/849 1826/1826/901
f 1825/1825/849 1826/1826/901 1827/1827/902
f 1827/1827/902 1826/1826/901 1828/1828/278
f 1826/1826/901 1829/1829/297 1828/1828/278
f 1830/1830/848 1825/1825/849 1827/1827/902
f 1831/1831/903 1822/1822/849 1825/1825/849
f 1830/1830/848 1831/1831/903 1825/1825/849
f 1831/1831/903 1832/1832/850 1822/1822/849
f 1832/1832/850 1833/1833/883 1822/1822/849
f 1833/1833/883 1832/1832/850 1834/1834/894
f 1832/1832/850 1835/1835/850 1834/1834/894
f 1836/1836/883 1834/1834/894 1835/1835/850
f 1832/1832/850 1831/1831/903 1837/1837/853
f 1835/1835/850 1832/1832/850 1837/1837/853
f 1831/1831/903 1830/1830/848 1838/1838/904
f 1831/1831/903 1838/1838/904 1837/1837/853
f 1737/1737/850 1836/1836/883 1835/1835/850
f 1736/1736/849 1836/1836/883 1737/1737/850
f 1740/1740/853 1835/1835/850 1837/1837/853
f 1835/1835/850 1740/1740/853 1737/1737/850
f 1839/1839/905 1837/1837/853 1838/1838/904
f 1837/1837/853 1839/1839/905 1740/1740/853
f 1840/1840/906 1839/1839/905 1838/1838/904
f 1840/1840/906 1838/1838/904 1841/1841/907
f 1839/1839/905 1842/1842/908 1740/1740/853
f 1838/1838/904 1843/1843/909 1841/1841/907
f 1830/1830/848 1843/1843/909 1838/1838/904
f 1842/1842/908 1741/1741/854 1740/1740/853
f 1844/1844/910 1843/1843/909 1830/1830/848
f 1845/1845/911 1843/1843/909 1844/1844/910
f 1846/1846/902 1844/1844/910 1830/1830/848
f 1847/1847/912 1845/1845/911 1844/1844/910
f 1847/1847/912 1844/1844/910 1848/1848/281
f 1849/1849/379 1844/1844/910 1846/1846/902
f 1844/1844/910 1849/1849/379 1850/1850/281
f 1851/1851/278 1849/1849/379 1846/1846/902
f 1852/1852/553 1845/1845/911 1853/1853/913
f 1854/1854/554 1852/1852/553 1853/1853/913
f 1853/1853/913 1855/1855/281 1854/1854/554
f 1856/1856/281 1857/1857/289 1854/1854/554
f 1858/1858/901 1859/1859/849 1860/1860/849
f 1860/1860/849 1859/1859/849 1861/1861/849
f 1862/1862/901 1858/1858/901 1863/1863/297
f 1858/1858/901 1862/1862/901 1859/1859/849
f 1862/1862/901 1863/1863/297 1826/1826/901
f 1863/1863/297 1829/1829/297 1826/1826/901
f 1862/1862/901 1824/1824/849 1859/1859/849
f 1824/1824/849 1862/1862/901 1826/1826/901
f 1861/1861/849 1859/1859/849 1823/1823/849
f 1859/1859/849 1824/1824/849 1823/1823/849
f 1861/1861/849 1823/1823/849 1864/1864/883
f 1865/1865/883 1861/1861/849 1864/1864/883
f 1865/1865/883 1864/1864/883 1866/1866/914
f 1864/1864/883 1867/1867/883 1866/1866/914
f 1868/1868/883 1866/1866/914 1867/1867/883
f 1869/1869/914 1868/1868/883 1867/1867/883
f 1870/1870/849 1868/1868/883 1869/1869/914
f 1871/1871/849 1870/1870/849 1869/1869/914
f 1872/1872/846 1870/1870/849 1871/1871/849
f 1873/1873/863 1872/1872/846 1871/1871/849
f 1874/1874/846 1872/1872/846 1873/1873/863
f 1819/1819/900 1874/1874/846 1873/1873/863
f 1874/1874/846 1819/1819/900 1821/1821/830
f 1875/1875/849 1876/1876/901 1877/1877/849
f 1878/1878/901 1876/1876/901 1875/1875/849
f 1875/1875/849 1877/1877/849 1879/1879/849
f 1875/1875/849 1879/1879/849 1880/1880/849
f 1881/1881/849 1875/1875/849 1880/1880/849
f 1881/1881/849 1878/1878/901 1875/1875/849
f 1881/1881/849 1880/1880/849 1882/1882/849
f 1882/1882/849 1880/1880/849 1883/1883/883
f 1880/1880/849 1884/1884/883 1883/1883/883
f 1883/1883/883 1884/1884/883 1885/1885/914
f 1886/1886/883 1883/1883/883 1885/1885/914
f 1885/1885/914 1887/1887/914 1886/1886/883
f 1887/1887/914 1888/1888/914 1886/1886/883
f 1887/1887/914 1889/1889/915 1888/1888/914
f 1889/1889/915 1890/1890/849 1888/1888/914
f 1889/1889/915 1891/1891/846 1890/1890/849
f 1891/1891/846 1892/1892/863 1890/1890/849
f 1891/1891/846 1893/1893/916 1892/1892/863
f 1893/1893/916 1894/1894/916 1892/1892/863
f 1894/1894/916 1893/1893/916 1895/1895/917
f 1896/1896/834 1894/1894/916 1895/1895/917
f 1895/1895/917 1897/1897/918 1896/1896/834
f 1897/1897/918 1898/1898/828 1896/1896/834
f 1895/1895/917 1899/1899/917 1897/1897/918
f 1898/1898/828 1897/1897/918 1900/1900/919
f 1901/1901/192 1898/1898/828 1900/1900/919
f 1899/1899/917 1902/1902/920 1897/1897/918
f 1903/1903/921 1904/1904/922 1897/1897/918
f 1904/1904/922 1905/1905/195 1897/1897/918
f 1906/1906/923 1899/1899/917 1907/1907/924
f 1899/1899/917 1906/1906/923 1908/1908/925
f 1909/1909/924 1906/1906/923 1907/1907/924
f 1909/1909/924 1907/1907/924 1910/1910/846
f 1911/1911/846 1909/1909/924 1910/1910/846
f 1911/1911/846 1910/1910/846 1912/1912/915
f 1913/1913/915 1911/1911/846 1912/1912/915
f 1913/1913/915 1912/1912/915 1914/1914/914
f 1915/1915/914 1913/1913/915 1914/1914/914
f 1915/1915/914 1914/1914/914 1916/1916/914
f 1917/1917/914 1915/1915/914 1916/1916/914
f 1917/1917/914 1916/1916/914 1918/1918/883
f 1919/1919/883 1917/1917/914 1918/1918/883
f 1920/1920/849 1919/1919/883 1918/1918/883
f 1879/1879/849 1920/1920/849 1918/1918/883
f 1877/1877/849 1920/1920/849 1879/1879/849
f 1920/1920/849 1877/1877/849 1921/1921/849
f 1922/1922/849 1920/1920/849 1921/1921/849
f 1922/1922/849 1921/1921/849 1923/1923/849
f 1922/1922/849 1923/1923/849 1924/1924/883
f 1925/1925/883 1922/1922/849 1924/1924/883
f 1926/1926/914 1925/1925/883 1924/1924/883
f 1927/1927/914 1926/1926/914 1924/1924/883
f 1928/1928/914 1926/1926/914 1927/1927/914
f 1929/1929/914 1928/1928/914 1927/1927/914
f 1930/1930/915 1928/1928/914 1929/1929/914
f 1931/1931/915 1930/1930/915 1929/1929/914
f 1932/1932/846 1930/1930/915 1931/1931/915
f 1933/1933/846 1932/1932/846 1931/1931/915
f 1934/1934/924 1932/1932/846 1933/1933/846
f 1935/1935/926 1934/1934/924 1933/1933/846
f 1936/1936/923 1934/1934/924 1935/1935/926
f 1937/1937/927 1936/1936/923 1935/1935/926
f 1936/1936/923 1937/1937/927 1938/1938/928
f 1939/1939/929 1936/1936/923 1938/1938/928
f 1936/1936/923 1939/1939/929 1906/1906/923
f 1940/1940/207 1939/1939/929 1938/1938/928
f 1941/1941/205 1940/1940/207 1938/1938/928
f 1939/1939/929 1942/1942/929 1906/1906/923
f 1939/1939/929 1940/1940/207 1942/1942/929
f 1906/1906/923 1942/1942/929 1908/1908/925
f 1940/1940/207 1943/1943/207 1942/1942/929
f 1942/1942/929 1943/1943/207 1908/1908/925
f 1943/1943/207 1944/1944/153 1908/1908/925
f 1945/1945/930 1937/1937/931 1946/1946/932
f 1937/1937/931 1947/1947/927 1946/1946/932
f 1948/1948/205 1949/1949/928 1946/1946/933
f 1950/1950/177 1948/1948/205 1946/1946/933
f 1946/1946/932 1947/1947/927 1951/1951/831
f 1952/1952/934 1951/1951/831 1947/1947/927
f 1953/1953/935 1946/1946/932 1951/1951/831
f 1946/1946/932 1953/1953/935 1954/1954/238
f 1953/1953/935 1955/1955/178 1954/1954/238
f 1956/1956/934 1952/1952/934 1947/1947/927
f 1952/1952/934 1956/1956/934 1957/1957/863
f 1956/1956/934 1958/1958/863 1957/1957/863
f 1957/1957/863 1958/1958/863 1959/1959/849
f 1958/1958/863 1960/1960/849 1959/1959/849
f 1959/1959/849 1960/1960/849 1961/1961/914
f 1960/1960/849 1962/1962/914 1961/1961/914
f 1961/1961/914 1962/1962/914 1963/1963/914
f 1962/1962/914 1964/1964/914 1963/1963/914
f 1965/1965/883 1963/1963/914 1964/1964/914
f 1966/1966/883 1965/1965/883 1964/1964/914
f 1966/1966/883 1967/1967/849 1965/1965/883
f 1967/1967/849 1968/1968/849 1965/1965/883
f 1967/1967/849 1969/1969/849 1968/1968/849
f 1969/1969/849 1860/1860/849 1968/1968/849
f 1970/1970/849 1969/1969/849 1967/1967/849
f 1923/1923/849 1970/1970/849 1967/1967/849
f 1921/1921/849 1970/1970/849 1923/1923/849
f 1968/1968/849 1860/1860/849 1861/1861/849
f 1971/1971/901 1970/1970/849 1921/1921/849
f 1972/1972/901 1969/1969/849 1970/1970/849
f 1971/1971/901 1972/1972/901 1970/1970/849
f 1973/1973/901 1860/1860/849 1969/1969/849
f 1972/1972/901 1973/1973/901 1969/1969/849
f 1974/1974/901 1971/1971/901 1921/1921/849
f 1971/1971/901 1975/1975/314 1972/1972/901
f 1971/1971/901 1974/1974/901 1975/1975/314
f 1921/1921/849 1877/1877/849 1974/1974/901
f 1877/1877/849 1976/1976/901 1974/1974/901
f 1876/1876/901 1976/1976/901 1877/1877/849
f 1977/1977/314 1974/1974/901 1976/1976/901
f 1974/1974/901 1977/1977/314 1975/1975/314
f 1976/1976/901 1876/1876/901 1978/1978/314
f 1978/1978/314 1876/1876/901 1878/1878/901
f 1975/1975/314 1979/1979/297 1972/1972/901
f 1972/1972/901 1979/1979/297 1973/1973/901
f 1979/1979/297 1980/1980/297 1973/1973/901
f 1981/1981/936 1982/1982/937 1983/1983/938
f 1983/1983/938 1982/1982/937 1984/1984/939
f 1985/1985/471 1986/1986/470 1987/1987/940
f 1985/1985/471 1987/1987/940 1988/1988/941
f 1989/1989/849 1990/1990/901 1881/1881/849
f 1989/1989/849 1881/1881/849 1882/1882/849
f 1990/1990/901 1991/1991/901 1992/1992/297
f 1991/1991/901 1990/1990/901 1989/1989/849
f 1991/1991/901 1993/1993/297 1992/1992/297
f 1993/1993/297 1991/1991/901 1994/1994/297
f 1995/1995/297 1994/1994/297 1996/1996/901
f 1995/1995/297 1996/1996/901 1997/1997/261
f 1996/1996/901 1998/1998/888 1997/1997/261
f 1994/1994/297 1999/1999/901 1996/1996/901
f 1991/1991/901 1999/1999/901 1994/1994/297
f 1996/1996/901 1807/1807/849 1998/1998/888
f 1999/1999/901 1991/1991/901 2000/2000/849
f 1999/1999/901 1806/1806/849 1996/1996/901
f 1806/1806/849 1807/1807/849 1996/1996/901
f 1806/1806/849 1999/1999/901 2000/2000/849
f 2000/2000/849 1991/1991/901 1989/1989/849
f 1806/1806/849 2000/2000/849 1804/1804/849
f 1807/1807/849 1779/1779/864 1998/1998/888
f 2000/2000/849 1989/1989/849 2001/2001/849
f 2000/2000/849 2001/2001/849 1804/1804/849
f 1989/1989/849 1882/1882/849 2001/2001/849
f 1804/1804/849 2001/2001/849 2002/2002/883
f 2001/2001/849 2003/2003/883 2002/2002/883
f 2002/2002/883 2003/2003/883 2004/2004/914
f 2005/2005/883 2002/2002/883 2004/2004/914
f 2004/2004/914 2006/2006/883 2005/2005/883
f 2006/2006/883 2007/2007/914 2005/2005/883
f 2006/2006/883 2008/2008/915 2007/2007/914
f 2008/2008/915 2009/2009/849 2007/2007/914
f 2008/2008/915 2010/2010/846 2009/2009/849
f 2010/2010/846 2011/2011/863 2009/2009/849
f 2010/2010/846 2012/2012/846 2011/2011/863
f 2012/2012/846 2013/2013/942 2011/2011/863
f 2013/2013/942 2012/2012/846 2014/2014/833
f 2015/2015/943 2013/2013/942 2014/2014/833
f 2016/2016/944 2017/2017/945 2018/2018/946
f 2018/2018/946 2017/2017/945 2019/2019/947
f 2020/2020/948 2021/2021/471 2022/2022/949
f 2020/2020/948 2022/2022/949 2023/2023/950
f 2024/2024/317 2025/2025/316 2026/2026/896
f 2027/2027/951 2028/2028/310 2029/2029/898
f 2030/2030/337 2031/2031/336 2032/2032/952
f 2033/2033/953 2034/2034/954 2035/2035/947
f 2036/2036/655 2037/2037/475 2038/2038/950
f 2039/2039/955 2040/2040/339 2041/2041/657
f 2042/2042/956 2043/2043/317 2044/2044/896
f 2042/2042/956 2044/2044/896 2045/2045/957
f 2044/2044/896 2046/2046/938 2045/2045/957
f 2045/2045/957 2046/2046/938 2047/2047/958
f 2048/2048/938 2049/2049/959 2047/2047/958
f 2047/2047/958 2049/2049/959 2050/2050/960
f 2051/2051/310 2052/2052/961 2053/2053/898
f 2053/2053/898 2052/2052/961 2054/2054/962
f 2055/2055/940 2053/2053/898 2054/2054/962
f 2055/2055/940 2054/2054/962 2056/2056/963
f 2057/2057/949 2056/2056/963 2058/2058/964
f 2057/2057/949 2059/2059/940 2056/2056/963
f 2060/2060/965 2061/2061/966 2062/2062/966
f 2063/2063/967 2064/2064/968 2065/2065/967
f 2066/2066/969 2067/2067/969 2068/2068/970
f 2069/2069/971 2067/2067/969 2066/2066/969
f 2070/2070/971 2071/2071/971 2066/2066/969
f 2072/2072/972 2071/2071/971 2070/2070/971
f 2073/2073/972 2072/2072/972 2070/2070/971
f 2072/2072/972 2073/2073/972 2074/2074/973
f 2075/2075/974 2076/2076/974 2077/2077/975
f 2076/2076/974 2075/2075/974 2078/2078/976
f 2079/2079/976 2076/2076/974 2078/2078/976
f 2079/2079/976 2078/2078/976 2080/2080/977
f 2081/2081/978 2080/2080/978 2082/2082/979
f 2081/2081/978 2083/2083/980 2080/2080/978
f 2084/2084/981 2085/2085/947 2086/2086/960
f 2087/2087/982 2086/2086/960 2085/2085/947
f 2088/2088/983 2089/2089/984 2085/2085/947
f 2090/2090/336 2089/2089/984 2088/2088/983
f 2091/2091/950 2092/2092/949 2093/2093/964
f 2093/2093/964 2094/2094/985 2091/2091/950
f 2095/2095/985 2096/2096/658 2091/2091/656
f 2095/2095/985 2097/2097/955 2096/2096/658
f 2098/2098/986 2099/2099/987 2100/2100/986
f 2101/2101/988 2098/2098/986 2100/2100/986
f 2102/2102/989 2103/2103/989 2100/2100/990
f 2104/2104/991 2103/2103/989 2102/2102/989
f 2105/2105/991 2104/2104/991 2102/2102/989
f 2106/2106/992 2107/2107/992 2108/2108/993
f 2109/2109/993 2106/2106/992 2108/2108/993
f 2109/2109/993 2108/2108/993 2110/2110/994
f 2111/2111/995 2112/2112/996 2110/2110/997
f 2112/2112/996 2113/2113/998 2110/2110/997
f 2114/2114/297 1858/1858/901 1980/1980/297
f 1858/1858/901 1973/1973/901 1980/1980/297
f 1973/1973/901 1858/1858/901 1860/1860/849
f 1858/1858/901 2114/2114/297 1863/1863/297
f 2115/2115/314 1977/1977/314 1976/1976/901
f 2115/2115/314 1976/1976/901 1978/1978/314
f 2116/2116/297 1978/1978/314 1878/1878/901
f 2116/2116/297 1878/1878/901 1990/1990/901
f 1990/1990/901 1878/1878/901 1881/1881/849
f 1992/1992/297 2116/2116/297 1990/1990/901
f 2117/2117/999 2118/2118/999 2119/2119/999
f 2120/2120/1000 2121/2121/1000 2122/2122/1000
f 2123/2123/1001 2124/2124/1001 2125/2125/1001
f 2126/2126/1002 2127/2127/1002 2128/2128/1002
f 2129/2129/1003 2130/2130/1003 2131/2131/1003
f 2132/2132/1004 2133/2133/1004 2134/2134/1004
f 2135/2135/1005 2136/2136/1006 2137/2137/1006
f 2138/2138/1005 2135/2135/1005 2137/2137/1006
f 2139/2139/1007 2140/2140/1007 2141/2141/1007
f 2142/2142/1008 2143/2143/1008 2144/2144/1008
f 2145/2145/1009 2146/2146/1009 2147/2147/1009
f 2148/2148/1010 2149/2149/1010 2150/2150/1010
f 2151/2151/1011 2152/2152/1011 2153/2153/1012
f 2154/2154/1013 2155/2155/1013 2156/2156/1013
f 2157/2157/1014 2158/2158/1015 2159/2159/1016
f 2160/2160/430 2161/2161/1017 2162/2162/1018
f 2163/2163/1019 2164/2164/1020 2165/2165/1021
f 2166/2166/1022 2167/2167/1023 2168/2168/1024
f 2169/2169/1017 2170/2170/1025 2171/2171/1026
f 2172/2172/1014 2173/2173/1022 2174/2174/1027
f 2175/2175/1028 2173/2173/1029 2176/2176/1030
f 2176/2176/1030 2177/2177/1014 2178/2178/1016
f 2179/2179/1031 2180/2180/1032 2181/2181/1033
f 2182/2182/1017 2181/2181/1026 2183/2183/1034
f 2179/2179/1035 2184/2184/1017 2185/2185/1036
f 2186/2186/1037 2187/2187/1038 2188/2188/1039
f 2189/2189/1040 2190/2190/1041 2191/2191/1042
f 2192/2192/1017 2193/2193/430 2194/2194/510
f 2195/2195/1043 2196/2196/1044 2197/2197/1045
f 2198/2198/1046 2199/2199/1047 2200/2200/1046
f 2201/2201/1048 2202/2202/1047 2198/2198/1048
f 2203/2203/1043 2204/2204/1044 2201/2201/1043
f 2205/2205/1048 2206/2206/1047 2203/2203/1048
f 2207/2207/1044 2208/2208/1043 2209/2209/1043
f 2210/2210/1044 2211/2211/1046 2208/2208/1046
f 2212/2212/1044 2209/2209/1048 2213/2213/1048
f 2214/2214/1044 2213/2213/1046 2215/2215/1046
f 2216/2216/1047 2217/2217/1043 2218/2218/1049
f 2219/2219/1050 2220/2220/1051 2218/2218/1052
f 2221/2221/1053 2222/2222/1054 2223/2223/1055
f 2224/2224/1056 2225/2225/1051 2226/2226/1050
f 2227/2227/1057 2228/2228/1058 2229/2229/1028
f 2230/2230/1059 2231/2231/1060 2232/2232/1061
f 2233/2233/1062 2234/2234/1063 2235/2235/1064
f 2236/2236/1060 2237/2237/1056 2238/2238/1050
f 2239/2239/1047 2240/2240/1047 2241/2241/1065
f 2240/2240/1047 2239/2239/1047 2242/2242/1043
f 2243/2243/1048 2240/2240/1047 2242/2242/1043
f 2244/2244/1065 2241/2241/1065 2240/2240/1047
f 2245/2245/1047 2240/2240/1047 2243/2243/1048
f 2245/2245/1047 2244/2244/1065 2240/2240/1047
f 2246/2246/1048 2245/2245/1047 2243/2243/1048
f 2245/2245/1047 2246/2246/1048 2247/2247/1043
f 2248/2248/1066 2245/2245/1047 2247/2247/1043
f 2245/2245/1047 2248/2248/1066 2244/2244/1065
f 2249/2249/1067 2250/2250/1067 2251/2251/1068
f 2250/2250/1069 2252/2252/1070 2253/2253/1071
f 2252/2252/1070 2254/2254/1072 2251/2251/1073
f 2254/2254/1072 2252/2252/1070 2255/2255/1074
f 2254/2254/1072 2255/2255/1074 2256/2256/1074
f 2257/2257/1074 2254/2254/1072 2256/2256/1074
f 2257/2257/1074 2258/2258/1074 2254/2254/1072
f 2259/2259/1075 2260/2260/1075 2261/2261/1076
f 2262/2262/1077 2259/2259/1075 2263/2263/1078
f 2264/2264/1079 2262/2262/1080 2261/2261/1078
f 2262/2262/1080 2264/2264/1079 2265/2265/1081
f 2266/2266/1081 2265/2265/1081 2264/2264/1079
f 2267/2267/1082 2266/2266/1081 2264/2264/1079
f 2268/2268/1074 2267/2267/1082 2264/2264/1079
f 2269/2269/1022 2270/2270/1083 2271/2271/1084
f 2272/2272/1083 2269/2269/1022 2273/2273/1028
f 2274/2274/1059 2275/2275/1035 2276/2276/1085
f 2275/2275/1035 2277/2277/1059 2278/2278/1061
f 2279/2279/1072 2280/2280/695 2281/2281/1071
f 2280/2280/695 2282/2282/1086 2281/2281/1071
f 2283/2283/1087 2282/2282/1086 2280/2280/695
f 2284/2284/699 2285/2285/1087 2280/2280/695
f 2286/2286/1088 2285/2285/1087 2284/2284/699
f 2287/2287/1087 2288/2288/1089 2289/2289/1090
f 2287/2287/1087 2289/2289/1090 2290/2290/1091
f 2290/2290/1091 2291/2291/1079 2292/2292/1078
f 2293/2293/1092 2290/2290/1091 2292/2292/1078
f 2293/2293/1092 2294/2294/1087 2290/2290/1091
f 2295/2295/1093 2296/2296/1094 2297/2297/1093
f 2298/2298/1095 2299/2299/1096 2300/2300/1097
f 2301/2301/1098 2302/2302/1098 2303/2303/799
f 2304/2304/1095 2305/2305/1095 2306/2306/801
f 2307/2307/1044 2308/2308/1065 2309/2309/1065
f 2310/2310/1047 2307/2307/1044 2309/2309/1065
f 2307/2307/1044 2310/2310/1047 2311/2311/1043
f 2307/2307/1044 2312/2312/1047 2308/2308/1065
f 2312/2312/1047 2313/2313/1099 2308/2308/1065
f 2312/2312/1047 2307/2307/1044 2314/2314/1046
f 2312/2312/1047 2315/2315/1100 2313/2313/1099
f 2315/2315/1100 2312/2312/1047 2316/2316/1052
f 2317/2317/1051 2315/2315/1100 2316/2316/1052
f 2317/2317/1051 2318/2318/1059 2319/2319/1101
f 2315/2315/1100 2317/2317/1051 2320/2320/1102
f 2315/2315/1100 2320/2320/1102 2313/2313/1099
f 2321/2321/1051 2322/2322/1103 2320/2320/1104
f 2323/2323/1039 2324/2324/1020 2325/2325/1105
f 2326/2326/1106 2327/2327/510 2328/2328/1107
f 2329/2329/1094 2330/2330/1108 2331/2331/1094
f 2332/2332/1109 2333/2333/1110 2334/2334/1110
f 2335/2335/1111 2336/2336/1111 2337/2337/1112
f 2338/2338/1113 2339/2339/1113 2340/2340/1114
f 2341/2341/1115 2342/2342/1088 2343/2343/699
f 2344/2344/1089 2345/2345/1116 2346/2346/1090
f 2347/2347/1117 2348/2348/1118 2349/2349/1118
f 2350/2350/1119 2351/2351/1120 2352/2352/1119
f 2353/2353/1117 2354/2354/1117 2355/2355/1121
f 2356/2356/1122 2357/2357/1122 2358/2358/1123
f 2359/2359/1053 2360/2360/1062 2361/2361/1054
f 2362/2362/1124 2359/2359/1053 2363/2363/1102
f 2363/2363/1102 2364/2364/1100 2365/2365/1102
f 2366/2366/1053 2364/2364/1100 2363/2363/1102
f 2367/2367/1058 2366/2366/1053 2368/2368/1084
f 2364/2364/1100 2366/2366/1053 2369/2369/1125
f 2370/2370/1047 2364/2364/1100 2369/2369/1125
f 2364/2364/1100 2370/2370/1047 2365/2365/1102
f 2365/2365/1102 2370/2370/1047 2371/2371/1065
f 2370/2370/1047 2372/2372/1047 2371/2371/1065
f 2372/2372/1047 2370/2370/1047 2373/2373/1043
f 2371/2371/1065 2372/2372/1047 2374/2374/1065
f 2372/2372/1047 2375/2375/1047 2374/2374/1065
f 2375/2375/1047 2372/2372/1047 2376/2376/1048
f 2374/2374/1065 2375/2375/1047 2377/2377/1102
f 2375/2375/1047 2378/2378/1047 2377/2377/1102
f 2378/2378/1047 2375/2375/1047 2379/2379/1046
f 2377/2377/1102 2378/2378/1047 2380/2380/1102
f 2239/2239/1047 2378/2378/1047 2381/2381/1046
f 2378/2378/1047 2239/2239/1047 2380/2380/1102
f 2380/2380/1102 2239/2239/1047 2241/2241/1065
f 2382/2382/1105 2383/2383/1022 2384/2384/1126
f 2385/2385/1035 2386/2386/1127 2387/2387/1101
f 2388/2388/1053 2389/2389/1124 2390/2390/1084
f 2391/2391/1103 2392/2392/1051 2393/2393/1101
f 2248/2248/1066 2394/2394/1102 2244/2244/1065
f 2395/2395/1047 2248/2248/1066 2396/2396/1046
f 2248/2248/1066 2395/2395/1047 2394/2394/1102
f 2395/2395/1047 2397/2397/1102 2394/2394/1102
f 2310/2310/1047 2395/2395/1047 2398/2398/1046
f 2395/2395/1047 2310/2310/1047 2397/2397/1102
f 2399/2399/1128 2400/2400/1129 2401/2401/1130
f 2401/2401/1130 2400/2400/1129 2402/2402/1131
f 2403/2403/1132 2404/2404/1133 2405/2405/1134
f 2403/2403/1132 2405/2405/1134 2406/2406/1135
f 2407/2407/1129 2408/2408/1136 2409/2409/1131
f 2409/2409/1131 2408/2408/1136 2410/2410/1137
f 2411/2411/1138 2412/2412/1132 2413/2413/1139
f 2411/2411/1138 2413/2413/1139 2414/2414/1140
f 2415/2415/1141 2416/2416/1138 2417/2417/1140
f 2415/2415/1141 2417/2417/1140 2418/2418/1142
f 2419/2419/1136 2420/2420/1143 2421/2421/1137
f 2421/2421/1137 2420/2420/1143 2422/2422/1144
f 2423/2423/1145 2424/2424/1146 2425/2425/1147
f 2423/2423/1145 2425/2425/1147 2426/2426/1148
f 2427/2427/1147 2428/2428/1149 2429/2429/1148
f 2430/2430/1150 2429/2429/1148 2428/2428/1149
f 2431/2431/1151 2432/2432/1128 2433/2433/1152
f 2433/2433/1152 2432/2432/1128 2434/2434/1130
f 2435/2435/1133 2436/2436/1153 2437/2437/1154
f 2435/2435/1133 2437/2437/1154 2438/2438/1134
f 2439/2439/1146 2440/2440/1141 2441/2441/1142
f 2439/2439/1146 2441/2441/1142 2442/2442/1147
f 2443/2443/1155 2439/2439/1146 2444/2444/1156
f 2445/2445/1157 2439/2439/1146 2443/2443/1155
f 2446/2446/1143 2447/2447/1158 2448/2448/1144
f 2448/2448/1144 2447/2447/1158 2449/2449/1149
f 2447/2447/1150 2450/2450/1159 2451/2451/1160
f 2447/2447/1150 2452/2452/1143 2450/2450/1159
f 2453/2453/1161 2454/2454/1151 2455/2455/1162
f 2455/2455/1162 2454/2454/1151 2456/2456/1152
f 2457/2457/1153 2458/2458/1163 2459/2459/1164
f 2457/2457/1153 2459/2459/1164 2460/2460/1165
f 2461/2461/1166 2462/2462/748 2463/2463/1167
f 2464/2464/1168 2465/2465/1169 2466/2466/1170
f 2467/2467/1171 2468/2468/1171 2469/2469/1172
f 2470/2470/1173 2471/2471/1173 2472/2472/1174
f 2473/2473/748 2474/2474/1161 2475/2475/1167
f 2475/2475/1167 2474/2474/1161 2476/2476/1162
f 2477/2477/1163 2478/2478/1175 2479/2479/1170
f 2477/2477/1163 2479/2479/1170 2480/2480/1164
f 2481/2481/1129 2482/2482/1128 2483/2483/1176
f 2481/2481/1129 2483/2483/1176 2484/2484/1177
f 2485/2485/1178 2486/2486/1132 2487/2487/1179
f 2488/2488/1133 2486/2486/1132 2485/2485/1178
f 2310/2310/1047 2309/2309/1065 2397/2397/1102
f 2489/2489/1143 2490/2490/1180 2491/2491/1181
f 2489/2489/1143 2492/2492/1182 2490/2490/1180
f 2493/2493/1136 2494/2494/1183 2495/2495/1184
f 2493/2493/1136 2496/2496/1129 2494/2494/1183
f 2497/2497/1185 2498/2498/1157 2499/2499/1186
f 2499/2499/1186 2498/2498/1157 2500/2500/1155
f 2501/2501/1187 2502/2502/1185 2503/2503/1188
f 2504/2504/1132 2502/2502/1185 2501/2501/1187
f 2505/2505/1189 2506/2506/1189 2507/2507/1190
f 2508/2508/1191 2509/2509/1191 2510/2510/1192
f 2511/2511/1190 2512/2512/1190 2513/2513/1193
f 2514/2514/1192 2515/2515/1192 2516/2516/1194
f 2517/2517/1148 2518/2518/1150 2519/2519/1195
f 2520/2520/1196 2517/2517/1148 2519/2519/1195
f 2521/2521/1146 2522/2522/1145 2523/2523/1156
f 2523/2523/1156 2522/2522/1145 2524/2524/1160
f 2525/2525/1190 2526/2526/1189 2527/2527/1190
f 2528/2528/1197 2525/2525/1190 2529/2529/1193
f 2530/2530/1192 2531/2531/1198 2532/2532/1198
f 2533/2533/1199 2530/2530/1192 2534/2534/1192
f 2535/2535/1200 2536/2536/1200 2537/2537/1200
f 2538/2538/1200 2539/2539/1200 2540/2540/1200
f 2541/2541/1201 2542/2542/1202 2543/2543/1201
f 2544/2544/1201 2541/2541/1201 2543/2543/1201
f 2545/2545/1203 2546/2546/1203 2547/2547/1203
f 2548/2548/1204 2545/2545/1203 2547/2547/1203
f 2549/2549/1205 2550/2550/1205 2551/2551/1206
f 2552/2552/1206 2549/2549/1205 2551/2551/1206
f 2553/2553/1207 2554/2554/1208 2555/2555/1208
f 2556/2556/1209 2553/2553/1207 2555/2555/1208
f 2557/2557/1210 2558/2558/1210 2559/2559/1211
f 2560/2560/1210 2557/2557/1210 2559/2559/1211
f 2561/2561/1212 2562/2562/1213 2563/2563/1213
f 2564/2564/1212 2561/2561/1212 2563/2563/1213
f 2565/2565/1214 2566/2566/1215 2567/2567/1189
f 2568/2568/1216 2569/2569/1216 2570/2570/1191
f 2571/2571/1128 2572/2572/1151 2573/2573/1217
f 2571/2571/1128 2573/2573/1217 2574/2574/1218
f 2575/2575/1219 2576/2576/1133 2577/2577/1178
f 2578/2578/1153 2576/2576/1133 2575/2575/1219
f 2579/2579/1189 2580/2580/1220 2581/2581/1189
f 2582/2582/1151 2583/2583/1221 2584/2584/1222
f 2582/2582/1151 2584/2584/1222 2585/2585/1223
f 2586/2586/1224 2587/2587/1199 2588/2588/1199
f 2589/2589/1225 2590/2590/1153 2591/2591/1226
f 2592/2592/1163 2590/2590/1153 2589/2589/1225
f 2593/2593/1227 2594/2594/747 2595/2595/1228
f 2596/2596/1229 2597/2597/1168 2598/2598/1230
f 2599/2599/1161 2600/2600/748 2601/2601/1228
f 2599/2599/1161 2601/2601/1228 2602/2602/1222
f 2603/2603/1230 2604/2604/1163 2605/2605/1225
f 2606/2606/1231 2604/2604/1163 2603/2603/1230
f 2607/2607/1232 2608/2608/1233 2609/2609/1234
f 2608/2608/1233 2610/2610/1235 2609/2609/1234
f 2610/2610/1235 2611/2611/1236 2609/2609/1234
f 2611/2611/1236 2612/2612/1237 2609/2609/1234
f 2613/2613/1238 2614/2614/1239 2615/2615/1240
f 2616/2616/1241 2613/2613/1238 2615/2615/1240
f 2617/2617/1242 2616/2616/1241 2615/2615/1240
f 2618/2618/1243 2617/2617/1242 2615/2615/1240
f 2619/2619/1244 2620/2620/1245 2621/2621/1246
f 2620/2620/1245 2622/2622/1247 2621/2621/1246
f 2619/2619/1244 2623/2623/1248 2620/2620/1245
f 2623/2623/1248 2624/2624/1249 2620/2620/1245
f 2625/2625/1250 2626/2626/1251 2627/2627/1252
f 2626/2626/1251 2628/2628/1253 2627/2627/1252
f 2629/2629/1254 2628/2628/1253 2626/2626/1251
f 2630/2630/1255 2629/2629/1254 2626/2626/1251
f 2631/2631/1256 2632/2632/1256 2633/2633/1215
f 2634/2634/754 2635/2635/754 2636/2636/1224
f 2637/2637/1257 2638/2638/1233 2639/2639/1258
f 2640/2640/1259 2637/2637/1257 2639/2639/1258
f 2640/2640/1259 2641/2641/1260 2637/2637/1257
f 2641/2641/1260 2642/2642/1236 2637/2637/1257
f 2640/2640/1259 2639/2639/1258 2643/2643/1261
f 2640/2640/1259 2643/2643/1261 2641/2641/1260
f 2639/2639/1258 2644/2644/1258 2643/2643/1261
f 2642/2642/1236 2641/2641/1260 2645/2645/1262
f 2646/2646/1262 2642/2642/1236 2645/2645/1262
f 2646/2646/1262 2645/2645/1262 2647/2647/1263
f 2645/2645/1262 2648/2648/1264 2647/2647/1263
f 2649/2649/1265 2647/2647/1263 2648/2648/1264
f 2650/2650/1265 2649/2649/1265 2648/2648/1264
f 2651/2651/1266 2649/2649/1265 2650/2650/1265
f 2652/2652/1267 2651/2651/1266 2650/2650/1265
f 2653/2653/1268 2651/2651/1266 2652/2652/1267
f 2654/2654/1268 2653/2653/1268 2652/2652/1267
f 2653/2653/1268 2654/2654/1268 2655/2655/1269
f 2654/2654/1268 2656/2656/1270 2655/2655/1269
f 2655/2655/1269 2656/2656/1270 2657/2657/1271
f 2656/2656/1270 2658/2658/1271 2657/2657/1271
f 2659/2659/1272 2657/2657/1271 2658/2658/1271
f 2660/2660/1273 2659/2659/1272 2658/2658/1271
f 2661/2661/1274 2662/2662/1275 2663/2663/1276
f 2664/2664/1246 2661/2661/1274 2663/2663/1276
f 2662/2662/1275 2665/2665/1277 2663/2663/1276
f 2665/2665/1277 2666/2666/1278 2663/2663/1276
f 2666/2666/1278 2665/2665/1277 2667/2667/1279
f 2668/2668/1279 2669/2669/1278 2667/2667/1279
f 2670/2670/1280 2668/2668/1279 2667/2667/1279
f 2671/2671/1280 2670/2670/1280 2667/2667/1279
f 2672/2672/1281 2670/2670/1280 2671/2671/1280
f 2673/2673/1281 2674/2674/1281 2671/2671/1282
f 2675/2675/1283 2674/2674/1281 2673/2673/1281
f 2676/2676/1283 2675/2675/1283 2673/2673/1281
f 2677/2677/1284 2675/2675/1283 2676/2676/1283
f 2678/2678/1240 2679/2679/1285 2680/2680/1253
f 2679/2679/1285 2681/2681/1252 2680/2680/1253
f 2682/2682/1286 2678/2678/1240 2680/2680/1253
f 2683/2683/1254 2682/2682/1286 2680/2680/1253
f 2682/2682/1286 2683/2683/1254 2684/2684/1287
f 2685/2685/1254 2686/2686/1288 2684/2684/1287
f 2686/2686/1288 2687/2687/1289 2684/2684/1287
f 2687/2687/1289 2688/2688/1289 2684/2684/1287
f 2687/2687/1289 2689/2689/1290 2688/2688/1289
f 2690/2690/1291 2691/2691/1291 2688/2688/1292
f 2690/2690/1291 2692/2692/1293 2691/2691/1291
f 2692/2692/1293 2693/2693/1293 2691/2691/1291
f 2692/2692/1293 2694/2694/1294 2693/2693/1293
f 2695/2695/1295 2696/2696/1296 2644/2644/1258
f 2696/2696/1296 2643/2643/1261 2644/2644/1258
f 2697/2697/1297 2643/2643/1261 2696/2696/1296
f 2643/2643/1261 2697/2697/1297 2641/2641/1260
f 2698/2698/1242 2697/2697/1297 2696/2696/1296
f 2697/2697/1297 2698/2698/1242 2699/2699/1262
f 2698/2698/1242 2700/2700/1298 2699/2699/1262
f 2699/2699/1262 2700/2700/1298 2701/2701/1299
f 2702/2702/1300 2699/2699/1262 2701/2701/1299
f 2701/2701/1299 2703/2703/1301 2702/2702/1300
f 2703/2703/1301 2704/2704/1301 2702/2702/1300
f 2703/2703/1301 2705/2705/1302 2704/2704/1301
f 2705/2705/1302 2706/2706/1303 2704/2704/1301
f 2705/2705/1302 2707/2707/1304 2706/2706/1303
f 2707/2707/1304 2708/2708/1304 2706/2706/1303
f 2708/2708/1304 2707/2707/1304 2709/2709/1305
f 2710/2710/1306 2708/2708/1304 2709/2709/1305
f 2710/2710/1306 2709/2709/1305 2711/2711/1307
f 2712/2712/1307 2710/2710/1306 2711/2711/1307
f 2711/2711/1307 2713/2713/1308 2712/2712/1307
f 2713/2713/1308 2714/2714/1309 2712/2712/1307
f 2715/2715/1220 2716/2716/1310 2717/2717/1220
f 2718/2718/754 2719/2719/1224 2720/2720/1224
f 2721/2721/1311 2722/2722/1312 2723/2723/1313
f 2722/2722/1312 2724/2724/1314 2723/2723/1313
f 2721/2721/1311 2725/2725/1315 2722/2722/1312
f 2726/2726/1316 2727/2727/1317 2722/2722/1318
f 2728/2728/1319 2729/2729/1320 2730/2730/1321
f 2729/2729/1320 2731/2731/1322 2730/2730/1321
f 2732/2732/1323 2731/2731/1322 2729/2729/1320
f 2733/2733/1324 2734/2734/1323 2729/2729/1320
f 2735/2735/1245 2736/2736/1311 2737/2737/1325
f 2736/2736/1311 2738/2738/1313 2737/2737/1325
f 2735/2735/1245 2739/2739/1249 2736/2736/1311
f 2739/2739/1249 2740/2740/1316 2736/2736/1311
f 2740/2740/1316 2739/2739/1249 2741/2741/1326
f 2742/2742/1326 2743/2743/1316 2741/2741/1326
f 2742/2742/1326 2741/2741/1326 2744/2744/1327
f 2741/2741/1326 2745/2745/1328 2744/2744/1327
f 2746/2746/1329 2744/2744/1327 2745/2745/1328
f 2747/2747/1330 2746/2746/1329 2745/2745/1328
f 2748/2748/1331 2746/2746/1329 2747/2747/1330
f 2749/2749/1331 2748/2748/1331 2747/2747/1330
f 2750/2750/1332 2748/2748/1331 2749/2749/1331
f 2751/2751/1332 2750/2750/1332 2749/2749/1331
f 2752/2752/1333 2750/2750/1332 2751/2751/1332
f 2753/2753/1333 2752/2752/1333 2751/2751/1332
f 2754/2754/1334 2752/2752/1333 2753/2753/1333
f 2755/2755/1335 2754/2754/1334 2753/2753/1333
f 2756/2756/1336 2754/2754/1334 2755/2755/1335
f 2757/2757/1337 2756/2756/1336 2755/2755/1335
f 2758/2758/1321 2759/2759/1338 2760/2760/1250
f 2759/2759/1338 2761/2761/1251 2760/2760/1250
f 2762/2762/1339 2761/2761/1251 2759/2759/1338
f 2763/2763/1340 2762/2762/1339 2759/2759/1338
f 2762/2762/1339 2763/2763/1340 2764/2764/1341
f 2765/2765/1340 2766/2766/1342 2764/2764/1342
f 2764/2764/1342 2766/2766/1342 2767/2767/1343
f 2768/2768/1344 2764/2764/1342 2767/2767/1343
f 2767/2767/1343 2769/2769/1345 2768/2768/1344
f 2769/2769/1345 2770/2770/1345 2768/2768/1344
f 2769/2769/1345 2771/2771/1346 2770/2770/1345
f 2771/2771/1346 2772/2772/1346 2770/2770/1345
f 2771/2771/1346 2773/2773/1347 2772/2772/1346
f 2773/2773/1347 2774/2774/1347 2772/2772/1346
f 2773/2773/1347 2775/2775/1348 2774/2774/1347
f 2775/2775/1348 2776/2776/1348 2774/2774/1347
f 2775/2775/1348 2777/2777/1349 2776/2776/1348
f 2777/2777/1349 2778/2778/1350 2776/2776/1348
f 2777/2777/1349 2779/2779/1351 2778/2778/1350
f 2779/2779/1351 2780/2780/1352 2778/2778/1350
f 2781/2781/1311 2782/2782/1312 2783/2783/1353
f 2782/2782/1318 2784/2784/1311 2785/2785/1354
f 2784/2784/1311 2786/2786/1355 2787/2787/1314
f 2788/2788/1318 2789/2789/1356 2783/2783/1353
f 2783/2783/1353 2789/2789/1356 2790/2790/1357
f 2791/2791/1357 2792/2792/1353 2790/2790/1357
f 2791/2791/1357 2790/2790/1357 2793/2793/1358
f 2790/2790/1357 2794/2794/1359 2793/2793/1358
f 2795/2795/1360 2793/2793/1358 2794/2794/1359
f 2796/2796/1360 2797/2797/1360 2794/2794/1359
f 2798/2798/1361 2799/2799/1338 2800/2800/1362
f 2799/2799/1338 2801/2801/1320 2802/2802/1362
f 2801/2801/1320 2799/2799/1338 2803/2803/1363
f 2804/2804/1324 2805/2805/1320 2803/2803/1364
f 2804/2804/1324 2803/2803/1364 2806/2806/1365
f 2807/2807/1364 2808/2808/1365 2806/2806/1365
f 2806/2806/1365 2808/2808/1365 2809/2809/1366
f 2810/2810/1366 2806/2806/1365 2809/2809/1366
f 2809/2809/1366 2811/2811/1367 2810/2810/1366
f 2812/2812/1367 2813/2813/1367 2810/2810/1366
f 2814/2814/1284 2815/2815/1284 2816/2816/1283
f 2817/2817/1368 2815/2815/1284 2814/2814/1284
f 2818/2818/1368 2817/2817/1368 2814/2814/1284
f 2819/2819/1369 2817/2817/1368 2818/2818/1368
f 2820/2820/1369 2819/2819/1369 2818/2818/1368
f 2821/2821/1370 2819/2819/1369 2820/2820/1369
f 2822/2822/1371 2823/2823/1370 2820/2820/1369
f 2824/2824/1372 2825/2825/1373 2826/2826/1374
f 2827/2827/1374 2828/2828/1372 2826/2826/1375
f 2827/2827/1374 2826/2826/1375 2829/2829/1376
f 2830/2830/1376 2827/2827/1374 2829/2829/1376
f 2830/2830/1376 2829/2829/1376 2831/2831/1294
f 2832/2832/1377 2830/2830/1376 2831/2831/1294
f 2832/2832/1377 2831/2831/1294 2833/2833/1293
f 2834/2834/1378 2835/2835/1379 2836/2836/1367
f 2837/2837/1380 2838/2838/1360 2839/2839/1360
f 2840/2840/1381 2841/2841/1381 2842/2842/1379
f 2843/2843/1379 2840/2840/1381 2844/2844/1382
f 2843/2843/1379 2844/2844/1382 2845/2845/1367
f 2846/2846/1383 2847/2847/1383 2848/2848/1384
f 2847/2847/1383 2849/2849/1380 2850/2850/1380
f 2850/2850/1380 2849/2849/1380 2851/2851/1385
f 2852/2852/1386 2853/2853/1381 2854/2854/1386
f 2853/2853/1381 2855/2855/1381 2854/2854/1386
f 2856/2856/1383 2857/2857/1387 2858/2858/1387
f 2859/2859/1383 2856/2856/1383 2858/2858/1387
f 2860/2860/1388 2861/2861/1389 2862/2862/1390
f 2863/2863/1391 2864/2864/789 2865/2865/1392
f 2866/2866/1390 2867/2867/1386 2868/2868/1390
f 2867/2867/1386 2869/2869/1386 2870/2870/1390
f 2871/2871/1387 2872/2872/1393 2873/2873/1393
f 2874/2874/1387 2871/2871/1387 2875/2875/1393
f 2876/2876/1390 2877/2877/1388 2878/2878/1390
f 2879/2879/789 2880/2880/1393 2881/2881/1393
f 2882/2882/1394 2883/2883/1391 2884/2884/790
f 2885/2885/1389 2886/2886/1388 2887/2887/1395
f 2888/2888/1176 2889/2889/1223 2890/2890/1337
f 2890/2890/1337 2891/2891/1370 2888/2888/1176
f 2892/2892/1180 2893/2893/1183 2894/2894/1371
f 2894/2894/1371 2895/2895/1272 2892/2892/1180
f 2896/2896/1396 2897/2897/1397 2898/2898/1186
f 2899/2899/1187 2898/2898/1186 2897/2897/1397
f 2900/2900/1219 2901/2901/1178 2902/2902/1398
f 2903/2903/1372 2902/2902/1398 2901/2901/1178
f 2904/2904/1399 2905/2905/1177 2906/2906/1218
f 2905/2905/1177 2904/2904/1399 2907/2907/1371
f 2908/2908/1372 2909/2909/1187 2910/2910/1373
f 2909/2909/1187 2908/2908/1372 2911/2911/1400
f 2912/2912/1401 2913/2913/1222 2914/2914/790
f 2913/2913/1222 2912/2912/1401 2915/2915/1336
f 2916/2916/1273 2917/2917/1160 2918/2918/1402
f 2919/2919/1156 2917/2917/1160 2916/2916/1273
f 2920/2920/1309 2919/2919/1156 2916/2916/1273
f 2919/2919/1156 2920/2920/1309 2921/2921/1155
f 2922/2922/1389 2923/2923/1225 2924/2924/1351
f 2923/2923/1225 2922/2922/1389 2925/2925/1230
f 2926/2926/1272 2927/2927/1403 2928/2928/1404
f 2926/2926/1272 2928/2928/1404 2929/2929/1184
f 2930/2930/1405 2931/2931/1308 2932/2932/1406
f 2932/2932/1406 2931/2931/1308 2933/2933/1188
f 2934/2934/1223 2935/2935/1222 2936/2936/1336
f 2934/2934/1223 2936/2936/1336 2937/2937/1337
f 2938/2938/1225 2939/2939/1219 2940/2940/1351
f 2940/2940/1351 2939/2939/1219 2941/2941/1352
f 2942/2942/1407 2943/2943/1408 2944/2944/1407
f 2945/2945/1409 2946/2946/1410 2947/2947/1411
f 2946/2946/1410 2945/2945/1409 2948/2948/1412
f 2945/2945/1410 2949/2949/1412 2950/2950/1412
f 2950/2950/1412 2949/2949/1412 2951/2951/1413
f 2952/2952/1414 2953/2953/1415 2954/2954/1416
f 2952/2952/1414 2954/2954/1416 2955/2955/1417
f 2956/2956/1412 2957/2957/1418 2958/2958/1419
f 2958/2958/1419 2957/2957/1418 2959/2959/1420
f 2957/2957/1413 2960/2960/1421 2961/2961/1421
f 2961/2961/1421 2960/2960/1421 2962/2962/1422
f 2963/2963/1423 2964/2964/1424 2965/2965/1425
f 2966/2966/1426 2967/2967/1427 2968/2968/1428
f 2969/2969/1429 2968/2968/1428 2967/2967/1427
f 2970/2970/1430 2971/2971/1431 2972/2972/1427
f 2971/2971/1431 2970/2970/1430 2973/2973/1432
f 2974/2974/1429 2975/2975/1433 2976/2976/1433
f 2976/2976/1433 2975/2975/1433 2977/2977/1434
f 2978/2978/1432 2979/2979/1434 2980/2980/1435
f 2981/2981/1436 2980/2980/1435 2979/2979/1434
f 2982/2982/1437 2983/2983/1437 2984/2984/1438
f 2985/2985/1438 2982/2982/1437 2984/2984/1438
f 2986/2986/1019 2987/2987/1439 2988/2988/1440
f 2989/2989/1441 2990/2990/1409 2991/2991/1441
f 2992/2992/1442 2993/2993/1442 2994/2994/1443
f 2993/2993/1442 2992/2992/1442 2995/2995/1444
f 2996/2996/1445 2997/2997/1446 2998/2998/1447
f 2999/2999/1439 3000/3000/1019 3001/3001/1037
f 3002/3002/1448 3003/3003/1445 3004/3004/1037
f 3005/3005/21 3006/3006/41 3007/3007/244
f 3008/3008/41 3009/3009/1449 3010/3010/244
f 3009/3009/1449 3011/3011/1450 3010/3010/244
f 3012/3012/1451 3013/3013/1445 3014/3014/1452
f 3015/3015/1453 3016/3016/907 3017/3017/368
f 3015/3015/1453 3018/3018/1454 3019/3019/905
f 3020/3020/1455 3021/3021/1450 3022/3022/944
f 3021/3021/1450 3020/3020/1455 3023/3023/244
f 3024/3024/944 3025/3025/1456 3026/3026/953
f 3027/3027/1450 3025/3025/1456 3024/3024/944
f 3028/3028/945 3029/3029/1457 3030/3030/1458
f 3031/3031/1456 3029/3029/1457 3028/3028/945
f 3032/3032/954 3033/3033/1457 3034/3034/1459
f 3035/3035/1457 3033/3033/1457 3032/3032/954
f 3036/3036/1460 3037/3037/1461 3038/3038/1454
f 3039/3039/1462 3037/3037/1461 3036/3036/1460
f 3040/3040/1463 3041/3041/1462 3042/3042/1464
f 3043/3043/1465 3041/3041/1462 3040/3040/1463
f 3044/3044/1466 3045/3045/1465 3046/3046/1463
f 3047/3047/1467 3045/3045/1465 3044/3044/1466
f 3048/3048/1468 3049/3049/1469 3050/3050/1470
f 3051/3051/1454 3052/3052/1471 3053/3053/1472
f 3054/3054/1473 3052/3052/1471 3051/3051/1454
f 3055/3055/1474 3056/3056/1475 3057/3057/1476
f 3058/3058/1474 3059/3059/1474 3060/3060/1476
f 3061/3061/1037 3062/3062/1477 3063/3063/1478
f 3064/3064/1448 3065/3065/1037 3066/3066/1470
f 3067/3067/1470 3068/3068/1479 3069/3069/1480
f 3070/3070/143 3071/3071/1474 3072/3072/1474
f 3073/3073/1479 3074/3074/1481 3075/3075/1480
f 3075/3075/1482 3076/3076/1483 3077/3077/1470
f 3076/3076/1468 3078/3078/1446 3079/3079/1469
f 3078/3078/1451 3080/3080/1484 3081/3081/1485
f 3082/3082/1486 3083/3083/143 3084/3084/1474
f 3085/3085/1487 3086/3086/1488 3087/3087/1489
f 3088/3088/1490 3089/3089/1491 3090/3090/1492
f 3091/3091/1493 3092/3092/1494 3093/3093/1477
f 3094/3094/1470 3093/3093/1477 3095/3095/1495
f 3096/3096/1479 3097/3097/1470 3098/3098/1496
f 3099/3099/1037 3100/3100/1021 3101/3101/1477
f 3102/3102/1497 3103/3103/1488 3104/3104/1476
f 3105/3105/1498 3106/3106/1499 3107/3107/1500
f 3108/3108/1501 3105/3105/1498 3109/3109/1498
f 3110/3110/1502 3108/3108/1501 3111/3111/1501
f 3112/3112/1503 3110/3110/1504 3113/3113/1503
f 3114/3114/244 3115/3115/1505 3116/3116/239
f 3117/3117/1506 3118/3118/1506 3119/3119/1507
f 3120/3120/1508 3121/3121/1508 3122/3122/1498
f 3123/3123/1509 3124/3124/1509 3125/3125/1509
f 3126/3126/1509 3123/3123/1509 3125/3125/1509
f 3127/3127/1509 3128/3128/1509 3129/3129/1509
f 3130/3130/1509 3131/3131/1509 3129/3129/1509
f 3132/3132/1509 3131/3131/1509 3130/3130/1509
f 3133/3133/1509 3132/3132/1509 3130/3130/1509
f 3134/3134/1510 3132/3132/1509 3133/3133/1509
f 3135/3135/1510 3134/3134/1510 3133/3133/1509
f 3136/3136/1511 3134/3134/1510 3135/3135/1510
f 3137/3137/1511 3136/3136/1511 3135/3135/1510
f 3138/3138/1512 3136/3136/1511 3137/3137/1511
f 3139/3139/1513 3138/3138/1512 3137/3137/1511
f 3140/3140/1514 3138/3138/1512 3139/3139/1513
f 3141/3141/1515 3142/3142/1515 3143/3143/1516
f 3144/3144/1517 3145/3145/1517 3146/3146/1508
f 3147/3147/1518 3148/3148/1519 3149/3149/1519
f 3149/3149/1519 3148/3148/1519 3150/3150/1520
f 3151/3151/1519 3152/3152/1521 3150/3150/1520
f 3153/3153/1522 3150/3150/1520 3152/3152/1521
f 3154/3154/89 3153/3153/1522 3152/3152/1521
f 3153/3153/1523 3155/3155/89 3156/3156/1524
f 3157/3157/1477 3158/3158/1494 3159/3159/1525
f 3160/3160/1496 3161/3161/1477 3162/3162/1525
f 3163/3163/1526 3164/3164/1526 3165/3165/1527
f 3163/3163/1526 3166/3166/1528 3164/3164/1526
f 3167/3167/1504 3168/3168/1529 3169/3169/1503
f 3170/3170/1530 3171/3171/1527 3172/3172/1527
f 3173/3173/1526 3172/3172/1527 3171/3171/1527
f 3174/3174/1530 3175/3175/1530 3176/3176/1527
f 3177/3177/891 3178/3178/1531 3179/3179/892
f 3178/3178/1531 3180/3180/1532 3179/3179/892
f 3181/3181/267 3179/3179/892 3180/3180/1532
f 3182/3182/1533 3181/3181/267 3180/3180/1532
f 3178/3178/1531 3183/3183/1534 3184/3184/1532
f 3183/3183/1534 3185/3185/1535 3184/3184/1532
f 3186/3186/265 3184/3184/1532 3185/3185/1535
f 3187/3187/1536 3186/3186/265 3185/3185/1535
f 3187/3187/1536 3188/3188/1537 3186/3186/265
f 3189/3189/1537 3190/3190/268 3186/3186/265
f 3190/3190/268 3189/3189/1537 3191/3191/1538
f 3192/3192/270 3190/3190/268 3191/3191/1538
f 3193/3193/1539 3194/3194/1539 3195/3195/1540
f 3196/3196/1541 3197/3197/1530 3198/3198/1530
f 3199/3199/1509 3200/3200/1509 3201/3201/1509
f 3202/3202/1509 3199/3199/1509 3201/3201/1509
f 3203/3203/1509 3204/3204/1509 3205/3205/1509
f 3206/3206/1509 3207/3207/1509 3205/3205/1509
f 3208/3208/1509 3207/3207/1509 3206/3206/1509
f 3209/3209/1509 3208/3208/1509 3206/3206/1509
f 3210/3210/1509 3208/3208/1509 3209/3209/1509
f 3211/3211/1509 3210/3210/1509 3209/3209/1509
f 3212/3212/1542 3210/3210/1509 3211/3211/1509
f 3213/3213/1543 3212/3212/1542 3211/3211/1509
f 3214/3214/1511 3212/3212/1542 3213/3213/1543
f 3215/3215/1544 3214/3214/1511 3213/3213/1543
f 3216/3216/1544 3214/3214/1511 3215/3215/1544
f 3217/3217/1545 3218/3218/1545 3219/3219/1546
f 3218/3218/1545 3217/3217/1545 3220/3220/1547
f 3221/3221/1544 3222/3222/1544 3223/3223/1544
f 3224/3224/1548 3225/3225/1549 3226/3226/1550
f 3224/3224/1548 3227/3227/1551 3225/3225/1549
f 3228/3228/1541 3227/3227/1541 3229/3229/1530
f 3227/3227/1541 3228/3228/1541 3230/3230/1552
f 3231/3231/1553 3232/3232/1554 3233/3233/1553
f 3234/3234/1555 3231/3231/1553 3233/3233/1553
f 3235/3235/1554 3236/3236/1554 3237/3237/1553
f 3238/3238/1556 3239/3239/1557 3240/3240/1558
f 3239/3239/1557 3238/3238/1556 3241/3241/1559
f 3238/3238/1556 3242/3242/1559 3241/3241/1559
f 3241/3241/1559 3242/3242/1559 3243/3243/1560
f 3242/3242/1559 3244/3244/1560 3243/3243/1560
f 3243/3243/1560 3244/3244/1560 3245/3245/1561
f 3246/3246/1562 3243/3243/1560 3247/3247/1562
f 3248/3248/1561 3247/3247/1561 3249/3249/1563
f 3245/3245/1561 3250/3250/1563 3251/3251/1564
f 3251/3251/1564 3250/3250/1563 3252/3252/1565
f 3250/3250/1563 3253/3253/1565 3252/3252/1565
f 3254/3254/1566 3252/3252/1565 3253/3253/1565
f 3255/3255/1567 3256/3256/1567 3257/3257/1568
f 3255/3255/1567 3258/3258/1569 3256/3256/1567
f 3259/3259/1570 3260/3260/1571 3261/3261/1572
f 3262/3262/1573 3260/3260/1571 3259/3259/1570
f 3263/3263/1574 3264/3264/1575 3265/3265/1576
f 3263/3263/1574 3266/3266/1577 3264/3264/1575
f 3267/3267/1509 3268/3268/1509 3269/3269/1509
f 3270/3270/1578 3271/3271/1578 3269/3269/1578
f 3272/3272/1509 3271/3271/1578 3270/3270/1578
f 3273/3273/1509 3272/3272/1509 3270/3270/1578
f 3274/3274/1509 3272/3272/1509 3273/3273/1509
f 3275/3275/1579 3274/3274/1509 3273/3273/1509
f 3276/3276/1509 3274/3274/1509 3275/3275/1579
f 3277/3277/1509 3276/3276/1509 3275/3275/1579
f 3278/3278/1578 3276/3276/1509 3277/3277/1509
f 3279/3279/1509 3278/3278/1578 3277/3277/1509
f 3280/3280/1543 3278/3278/1578 3279/3279/1509
f 3281/3281/1509 3282/3282/1509 3283/3283/1509
f 3284/3284/1509 3281/3281/1509 3283/3283/1509
f 3285/3285/1542 3286/3286/1542 3287/3287/1509
f 3288/3288/1580 3289/3289/1581 3290/3290/1581
f 3291/3291/1574 3290/3290/1581 3289/3289/1581
f 3292/3292/1582 3293/3293/1582 3294/3294/1583
f 3295/3295/1550 3296/3296/1584 3297/3297/1584
f 3298/3298/1585 3299/3299/1585 3300/3300/1574
f 3301/3301/1586 3302/3302/1580 3303/3303/1580
f 3304/3304/1586 3305/3305/1586 3306/3306/1587
f 3305/3305/1586 3304/3304/1586 3307/3307/1580
f 3308/3308/1588 3309/3309/1588 3310/3310/1589
f 3311/3311/1590 3312/3312/1591 3313/3313/1592
f 3311/3311/1590 3314/3314/1593 3312/3312/1591
f 3315/3315/1594 3316/3316/1595 3317/3317/1595
f 3318/3318/1596 3319/3319/1596 3320/3320/1597
f 3321/3321/1591 3319/3319/1596 3318/3318/1596
f 3322/3322/1598 3323/3323/1598 3324/3324/1599
f 3325/3325/1600 3326/3326/1601 3327/3327/1601
f 3328/3328/1602 3329/3329/1597 3330/3330/1597
f 3331/3331/1596 3332/3332/1597 3329/3329/1597
f 3333/3333/1594 3334/3334/1594 3335/3335/1603
f 3336/3336/1602 3337/3337/1602 3338/3338/1597
f 3339/3339/1604 3340/3340/1605 3341/3341/1604
f 3341/3341/1604 3342/3342/1606 3339/3339/1604
f 3343/3343/1607 3344/3344/1608 3345/3345/1607
f 3346/3346/1609 3347/3347/1609 3348/3348/1610
f 3349/3349/1611 3350/3350/1611 3351/3351/1612
f 3350/3350/1611 3349/3349/1611 3352/3352/1611
f 3353/3353/1613 3354/3354/1614 3355/3355/1611
f 3353/3353/1613 3355/3355/1611 3356/3356/1614
f 3357/3357/1614 3358/3358/1615 3359/3359/1615
f 3359/3359/1615 3360/3360/1616 3357/3357/1614
f 3361/3361/1611 3362/3362/1611 3363/3363/1611
f 3364/3364/1617 3365/3365/1617 3366/3366/1612
f 3367/3367/1618 3365/3365/1617 3364/3364/1617
f 3368/3368/1617 3369/3369/1617 3370/3370/1619
f 3368/3368/1617 3371/3371/1617 3369/3369/1617
f 3372/3372/1608 3373/3373/1608 3374/3374/1607
f 3373/3373/1608 3372/3372/1608 3375/3375/1620
f 3376/3376/1620 3373/3373/1608 3375/3375/1620
f 3376/3376/1620 3375/3375/1620 3377/3377/1621
f 3378/3378/1621 3376/3376/1620 3377/3377/1621
f 3378/3378/1621 3377/3377/1621 3379/3379/1622
f 3380/3380/1622 3378/3378/1621 3379/3379/1622
f 3380/3380/1622 3379/3379/1622 3381/3381/1623
f 3382/3382/1624 3380/3380/1622 3381/3381/1623
f 3381/3381/1623 3383/3383/1509 3382/3382/1624
f 3383/3383/1509 3384/3384/1509 3385/3385/1509
f 3386/3386/1625 3387/3387/1626 3388/3388/1625
f 3388/3388/1625 3389/3389/1617 3386/3386/1625
f 3390/3390/1626 3391/3391/1509 3392/3392/1509
f 3393/3393/1627 3394/3394/1627 3395/3395/1624
f 3394/3394/1627 3393/3393/1627 3396/3396/1625
f 3397/3397/1509 3398/3398/1509 3399/3399/1509
f 3398/3398/1509 3397/3397/1509 3400/3400/1509
f 3401/3401/1628 3402/3402/1628 3403/3403/1628
f 3404/3404/1629 3405/3405/1630 3406/3406/1631
f 3406/3406/1631 3407/3407/1629 3404/3404/1629
f 3408/3408/1632 3409/3409/1633 3410/3410/1632
f 3408/3408/1632 3410/3410/1632 3411/3411/1634
f 3412/3412/1454 3413/3413/1453 3414/3414/368
f 3415/3415/1460 3412/3412/1454 3414/3414/368
f 3416/3416/364 3415/3415/1464 3417/3417/368
f 3418/3418/1463 3415/3415/1464 3416/3416/364
f 3419/3419/1635 3418/3418/1463 3420/3420/337
f 3420/3420/337 3418/3418/1463 3421/3421/364
f 3422/3422/983 3423/3423/1466 3420/3420/337
f 3424/3424/954 3423/3423/1466 3422/3422/983
f 3425/3425/947 3426/3426/1636 3422/3422/952
f 3427/3427/1637 3428/3428/1638 3429/3429/1637
f 3427/3427/1637 3429/3429/1637 3430/3430/1639
f 3431/3431/1640 3432/3432/1640 3433/3433/1641
f 3434/3434/1642 3435/3435/1642 3436/3436/1643
f 3435/3435/1642 3434/3434/1642 3437/3437/1637
f 3438/3438/1644 3439/3439/1645 3440/3440/1646
f 3440/3440/1646 3441/3441/1647 3438/3438/1644
f 3442/3442/1601 3443/3443/1648 3444/3444/1648
f 3445/3445/1643 3446/3446/1649 3447/3447/1650
f 3448/3448/1638 3445/3445/1643 3447/3447/1650
f 3449/3449/1651 3450/3450/1652 3451/3451/1651
f 3449/3449/1651 3451/3451/1651 3452/3452/1643
f 3453/3453/1653 3454/3454/1654 3455/3455/1655
f 3454/3454/1654 3453/3453/1653 3456/3456/1651
f 3457/3457/1656 3458/3458/1657 3459/3459/1658
f 3457/3457/1656 3459/3459/1658 3460/3460/1659
f 3461/3461/1655 3462/3462/1660 3463/3463/1660
f 3464/3464/1655 3465/3465/1661 3466/3466/1662
f 3464/3464/1655 3467/3467/1653 3465/3465/1661
f 3468/3468/1633 3469/3469/1633 3470/3470/1663
f 3469/3469/1633 3468/3468/1633 3471/3471/1664
f 3472/3472/1665 3473/3473/1666 3474/3474/1666
f 3475/3475/1667 3476/3476/1667 3477/3477/1667
f 3478/3478/1667 3479/3479/1667 3480/3480/1667
f 3481/3481/1668 3482/3482/1622 3483/3483/1509
f 3484/3484/1509 3481/3481/1668 3483/3483/1509
f 3484/3484/1509 3483/3483/1509 3485/3485/1509
f 3486/3486/1509 3484/3484/1509 3485/3485/1509
f 3486/3486/1509 3485/3485/1509 3487/3487/1509
f 3488/3488/1578 3486/3486/1509 3487/3487/1509
f 3488/3488/1578 3487/3487/1509 3489/3489/1509
f 3490/3490/1578 3488/3488/1578 3489/3489/1509
f 3489/3489/1509 3491/3491/1578 3490/3490/1578
f 3491/3491/1509 3492/3492/1509 3493/3493/1509
f 3494/3494/1509 3495/3495/1509 3496/3496/1509
f 3495/3495/1509 3494/3494/1509 3497/3497/1509
f 3498/3498/1669 3499/3499/1670 3500/3500/1671
f 3498/3498/1669 3500/3500/1671 3501/3501/1672
f 3502/3502/1673 3503/3503/1674 3504/3504/1675
f 3503/3503/1674 3502/3502/1673 3505/3505/1676
f 3506/3506/1670 3507/3507/1677 3508/3508/1671
f 3509/3509/1678 3510/3510/1679 3511/3511/1678
f 3512/3512/1116 3513/3513/1669 3514/3514/1672
f 3512/3512/1116 3514/3514/1672 3515/3515/1680
f 3516/3516/1681 3517/3517/1682 3515/3515/1680
f 3516/3516/1681 3515/3515/1680 3518/3518/1683
f 3519/3519/1091 3520/3520/1090 3518/3518/1683
f 3521/3521/1684 3519/3519/1091 3518/3518/1683
f 3522/3522/1685 3523/3523/1685 3524/3524/1686
f 3525/3525/1687 3523/3523/1685 3522/3522/1685
f 3526/3526/1688 3527/3527/1688 3528/3528/1689
f 3529/3529/1690 3527/3527/1688 3526/3526/1688
f 3530/3530/1686 3531/3531/1686 3532/3532/1691
f 3530/3530/1686 3533/3533/1685 3531/3531/1686
f 3534/3534/1691 3535/3535/1692 3536/3536/1691
f 3536/3536/1691 3537/3537/1686 3534/3534/1691
f 3538/3538/1693 3539/3539/1694 3540/3540/1694
f 3541/3541/1693 3542/3542/1693 3543/3543/1694
f 3542/3542/1693 3541/3541/1693 3544/3544/1691
f 3545/3545/1695 3546/3546/1696 3547/3547/1697
f 3545/3545/1695 3548/3548/1698 3546/3546/1696
f 3549/3549/1699 3550/3550/1700 3551/3551/1699
f 3551/3551/1699 3552/3552/1701 3549/3549/1699
f 3553/3553/1702 3554/3554/1703 3555/3555/1702
f 3556/3556/1704 3557/3557/1705 3558/3558/1706
f 3557/3557/1705 3556/3556/1704 3559/3559/1707
f 3560/3560/1622 3557/3557/1705 3559/3559/1707
f 3560/3560/1622 3559/3559/1707 3561/3561/1578
f 3562/3562/1578 3560/3560/1622 3561/3561/1578
f 3562/3562/1578 3561/3561/1578 3563/3563/1578
f 3564/3564/1578 3562/3562/1578 3563/3563/1578
f 3564/3564/1578 3563/3563/1578 3565/3565/1579
f 3566/3566/1509 3564/3564/1578 3565/3565/1579
f 3565/3565/1579 3567/3567/1509 3566/3566/1509
f 3567/3567/1509 3568/3568/1509 3569/3569/1509
f 3570/3570/1509 3571/3571/1509 3572/3572/1509
f 3571/3571/1509 3570/3570/1509 3573/3573/1509
f 3574/3574/1708 3575/3575/1708 3576/3576/1709
f 3575/3575/1708 3574/3574/1708 3577/3577/1699
f 3578/3578/1700 3579/3579/1710 3580/3580/1710
f 3581/3581/1711 3582/3582/1711 3583/3583/1712
f 3584/3584/1713 3585/3585/1714 3586/3586/1714
f 3587/3587/1488 3586/3586/1714 3585/3585/1714
f 3588/3588/1715 3589/3589/1715 3590/3590/1712
f 3591/3591/1716 3592/3592/1716 3593/3593/1717
f 3594/3594/1620 3595/3595/1718 3596/3596/1620
f 3597/3597/1719 3598/3598/1719 3599/3599/1715
f 3600/3600/1720 3601/3601/1702 3602/3602/1620
f 3601/3601/1702 3600/3600/1720 3603/3603/1703
f 3604/3604/1703 3601/3601/1702 3603/3603/1703
f 3604/3604/1703 3603/3603/1703 3605/3605/1667
f 3606/3606/1667 3604/3604/1703 3605/3605/1667
f 3606/3606/1667 3605/3605/1667 3607/3607/1579
f 3608/3608/1509 3606/3606/1667 3607/3607/1579
f 3608/3608/1509 3607/3607/1579 3609/3609/1579
f 3610/3610/1509 3608/3608/1509 3609/3609/1579
f 3609/3609/1579 3611/3611/1509 3610/3610/1509
f 3611/3611/1509 3612/3612/1509 3613/3613/1509
f 3614/3614/1509 3615/3615/1509 3616/3616/1509
f 3615/3615/1509 3614/3614/1509 3617/3617/1509
f 3618/3618/1721 3619/3619/1721 3620/3620/1719
f 3621/3621/1168 3622/3622/1229 3623/3623/1722
f 3624/3624/1719 3625/3625/1721 3626/3626/1719
f 3627/3627/1715 3624/3624/1719 3628/3628/1715
f 3629/3629/1723 3627/3627/1715 3630/3630/1723
f 3631/3631/1711 3629/3629/1723 3630/3630/1723
f 3632/3632/1724 3633/3633/1724 3634/3634/1310
f 3635/3635/1310 3636/3636/1725 3637/3637/1310
f 3638/3638/1726 3639/3639/1727 3640/3640/1728
f 3641/3641/1729 3638/3638/1726 3642/3642/1535
f 3643/3643/1730 3641/3641/1729 3644/3644/1534
f 3645/3645/1731 3646/3646/1732 3647/3647/1733
f 3648/3648/1729 3649/3649/1535 3650/3650/1534
f 3651/3651/1734 3652/3652/1684 3653/3653/1683
f 3654/3654/1725 3655/3655/1735 3656/3656/1735
f 3657/3657/1724 3658/3658/1724 3659/3659/1735
f 3660/3660/1726 3661/3661/1728 3662/3662/1535
f 3663/3663/1680 3664/3664/1736 3665/3665/1737
f 3663/3663/1680 3666/3666/1672 3664/3664/1736
f 3667/3667/1672 3668/3668/1738 3669/3669/1736
f 3667/3667/1672 3670/3670/1739 3668/3668/1738
f 3671/3671/1737 3672/3672/1740 3673/3673/1683
f 3673/3673/1683 3674/3674/1680 3671/3671/1737
f 3675/3675/1739 3676/3676/1677 3677/3677/1741
f 3675/3675/1739 3677/3677/1741 3678/3678/1738
f 3679/3679/1742 3680/3680/1743 3681/3681/1744
f 3681/3681/1744 3680/3680/1743 3682/3682/1741
f 3683/3683/1745 3684/3684/1746 3685/3685/1747
f 3683/3683/1745 3685/3685/1747 3686/3686/1744
f 3687/3687/1746 3688/3688/1748 3689/3689/1749
f 3687/3687/1746 3689/3689/1749 3690/3690/1742
f 3691/3691/1748 3692/3692/1229 3693/3693/1750
f 3691/3691/1748 3693/3693/1750 3694/3694/1749
f 3695/3695/1751 3696/3696/1752 3697/3697/1683
f 3698/3698/1753 3699/3699/1537 3700/3700/1728
f 3701/3701/1388 3702/3702/1754 3703/3703/1229
f 3703/3703/1229 3702/3702/1754 3704/3704/1755
f 3705/3705/1230 3706/3706/1388 3707/3707/1229
f 3708/3708/1537 3709/3709/1731 3710/3710/1538
f 3711/3711/1756 3712/3712/1757 3713/3713/1757
f 3714/3714/1758 3713/3713/1757 3712/3712/1757
f 3715/3715/1759 3716/3716/1759 3717/3717/1760
f 3718/3718/1761 3716/3716/1759 3715/3715/1759
f 3719/3719/1762 3718/3718/1763 3720/3720/1763
f 3720/3720/1763 3718/3718/1763 3721/3721/1756
f 3722/3722/1764 3723/3723/1765 3720/3720/1766
f 3724/3724/1767 3723/3723/1765 3722/3722/1764
f 3725/3725/1768 3726/3726/1769 3727/3727/1770
f 3725/3725/1768 3727/3727/1770 3728/3728/1771
f 3729/3729/1772 3728/3728/1771 3730/3730/1773
f 3729/3729/1772 3731/3731/1774 3728/3728/1771
f 3732/3732/1775 3729/3729/1772 3733/3733/1775
f 3732/3732/1775 3733/3733/1775 3734/3734/1776
f 3735/3735/1777 3736/3736/1758 3737/3737/1778
f 3735/3735/1777 3738/3738/1779 3736/3736/1758
f 3739/3739/1780 3740/3740/1780 3741/3741/1762
f 3742/3742/1781 3740/3740/1780 3739/3739/1780
f 3743/3743/1782 3744/3744/1783 3745/3745/1784
f 3743/3743/1782 3745/3745/1784 3746/3746/1774
f 3747/3747/1785 3748/3748/1785 3749/3749/1767
f 3750/3750/1786 3748/3748/1785 3747/3747/1785
f 3751/3751/1783 3752/3752/1787 3753/3753/1783
f 3751/3751/1783 3753/3753/1783 3754/3754/1769
f 3755/3755/1788 3756/3756/1788 3757/3757/1789
f 3758/3758/1790 3759/3759/1790 3760/3760/1791
f 3761/3761/1792 3762/3762/1792 3763/3763/1793
f 3762/3762/1792 3761/3761/1792 3764/3764/1794
f 3765/3765/1102 3761/3761/1792 3763/3763/1793
f 3766/3766/1793 3767/3767/1795 3768/3768/1065
f 3767/3767/1795 3766/3766/1793 3769/3769/1796
f 3769/3769/1102 3770/3770/1102 3771/3771/1795
f 3772/3772/1103 3773/3773/1797 3770/3770/1102
f 3774/3774/1039 3775/3775/1798 3776/3776/1494
f 3777/3777/1127 3778/3778/1799 3779/3779/1800
f 3780/3780/689 3781/3781/1801 3782/3782/1802
f 3780/3780/689 3782/3782/1802 3783/3783/687
f 3782/3782/1802 3784/3784/1803 3785/3785/687
f 3785/3785/687 3784/3784/1803 3786/3786/1804
f 3784/3784/1803 3787/3787/1088 3788/3788/700
f 3789/3789/1805 3790/3790/1670 3791/3791/1806
f 3791/3791/1806 3790/3790/1670 3792/3792/1669
f 3793/3793/1807 3791/3791/1806 3794/3794/1669
f 3793/3793/1807 3794/3794/1669 3795/3795/1116
f 3796/3796/1089 3793/3793/1807 3797/3797/1682
f 3798/3798/1808 3799/3799/1809 3800/3800/1494
f 3801/3801/1810 3802/3802/1036 3803/3803/1811
f 3804/3804/1812 3805/3805/1124 3806/3806/1102
f 3806/3806/1102 3807/3807/1102 3808/3808/1795
f 3809/3809/1813 3810/3810/1814 3807/3807/1065
f 3810/3810/1814 3809/3809/1813 3811/3811/1065
f 3811/3811/1065 3812/3812/1793 3813/3813/1795
f 3812/3812/1793 3814/3814/1795 3813/3813/1795
f 3813/3813/1795 3814/3814/1795 3815/3815/1815
f 3812/3812/1793 3816/3816/1793 3814/3814/1795
f 3816/3816/1793 3817/3817/1792 3814/3814/1795
f 3814/3814/1795 3817/3817/1792 3818/3818/1816
f 3818/3818/1816 3817/3817/1792 3764/3764/1794
f 3818/3818/1816 3764/3764/1794 3819/3819/1815
f 3762/3762/1792 3817/3817/1792 3816/3816/1793
f 3817/3817/1792 3762/3762/1792 3764/3764/1794
f 3763/3763/1793 3762/3762/1792 3816/3816/1793
f 3820/3820/1817 3821/3821/1818 3822/3822/1819
f 3820/3820/1817 3823/3823/1820 3821/3821/1818
f 3824/3824/1821 3825/3825/1822 3821/3821/1823
f 3824/3824/1821 3826/3826/1824 3825/3825/1822
f 3827/3827/1825 3828/3828/1713 3829/3829/1826
f 3829/3829/1826 3828/3828/1713 3830/3830/1827
f 3831/3831/1828 3827/3827/1825 3829/3829/1826
f 3832/3832/1829 3827/3827/1825 3831/3831/1828
f 3833/3833/1809 3834/3834/1105 3835/3835/1084
f 3836/3836/1036 3837/3837/1810 3838/3838/1085
f 3839/3839/1084 3840/3840/1124 3841/3841/1830
f 3842/3842/1103 3843/3843/1101 3844/3844/1797
f 3845/3845/1831 3846/3846/1832 3847/3847/1833
f 3845/3845/1831 3848/3848/1834 3846/3846/1832
f 3849/3849/1835 3850/3850/1829 3851/3851/1836
f 3851/3851/1836 3850/3850/1829 3852/3852/1837
f 3853/3853/1801 3854/3854/1838 3855/3855/1839
f 3855/3855/1839 3854/3854/1838 3856/3856/1840
f 3857/3857/1841 3853/3853/1842 3858/3858/1839
f 3853/3853/1842 3857/3857/1841 3859/3859/1802
f 3854/3854/1843 3860/3860/1844 3861/3861/1840
f 3861/3861/1840 3860/3860/1844 3862/3862/748
f 3863/3863/1845 3864/3864/1846 3865/3865/1806
f 3864/3864/1846 3863/3863/1845 3866/3866/1847
f 3867/3867/1848 3864/3864/1805 3868/3868/1847
f 3867/3867/1848 3868/3868/1847 3869/3869/1849
f 3870/3870/1850 3867/3867/1851 3871/3871/1849
f 3870/3870/1850 3871/3871/1849 3872/3872/1175
f 3761/3761/1792 3765/3765/1102 3873/3873/1102
f 3874/3874/1792 3761/3761/1792 3873/3873/1102
f 3874/3874/1792 3873/3873/1102 3875/3875/1792
f 3873/3873/1102 3876/3876/1102 3875/3875/1792
f 3761/3761/1792 3874/3874/1792 3877/3877/1852
f 3761/3761/1792 3877/3877/1852 3764/3764/1794
f 3874/3874/1792 3875/3875/1792 3878/3878/1852
f 3874/3874/1792 3878/3878/1852 3877/3877/1852
f 3879/3879/1853 3880/3880/1853 3881/3881/1853
f 3882/3882/1854 3883/3883/1854 3884/3884/1854
f 3885/3885/1853 3886/3886/1853 3887/3887/1853
f 3888/3888/1855 3889/3889/1855 3890/3890/1855
f 3891/3891/1856 3892/3892/1856 3893/3893/1856
f 3894/3894/1857 3895/3895/1858 3896/3896/1832
f 3895/3895/1858 3894/3894/1857 3897/3897/1859
f 3898/3898/1860 3899/3899/1861 3900/3900/771
f 3899/3899/1861 3898/3898/1860 3901/3901/1862
f 3902/3902/1863 3903/3903/1863 3904/3904/1863
f 3905/3905/1856 3906/3906/1856 3907/3907/1856
f 3908/3908/1864 3909/3909/1864 3910/3910/1864
f 3911/3911/1865 3912/3912/1865 3913/3913/1865
f 3914/3914/1866 3915/3915/1866 3916/3916/1866
f 3917/3917/1867 3918/3918/1867 3919/3919/1867
f 3920/3920/1868 3921/3921/1868 3922/3922/1868
f 3923/3923/1869 3924/3924/1869 3925/3925/1870
f 3926/3926/1870 3923/3923/1869 3925/3925/1870
f 3927/3927/1871 3928/3928/1872 3929/3929/1751
f 3930/3930/1873 3931/3931/1874 3932/3932/1875
f 3933/3933/1525 3934/3934/1494 3935/3935/1876
f 3936/3936/509 3937/3937/541 3938/3938/1877
f 3939/3939/1494 3940/3940/1809 3941/3941/1876
f 3942/3942/1810 3943/3943/509 3944/3944/1878
f 3945/3945/774 3946/3946/1879 3947/3947/689
f 3948/3948/1745 3949/3949/1677 3950/3950/1670
f 3951/3951/1876 3952/3952/1809 3953/3953/1880
f 3953/3953/1880 3952/3952/1809 3954/3954/1084
f 3955/3955/1810 3956/3956/1881 3957/3957/1101
f 3955/3955/1810 3958/3958/1882 3956/3956/1881
f 3959/3959/1879 3960/3960/1801 3961/3961/689
f 3960/3960/1801 3959/3959/1879 3962/3962/1883
f 3962/3962/1838 3963/3963/783 3964/3964/1844
f 3965/3965/779 3963/3963/783 3962/3962/1838
f 3966/3966/1884 3967/3967/1840 3968/3968/748
f 3969/3969/1746 3970/3970/1745 3971/3971/1885
f 3969/3969/1746 3971/3971/1885 3972/3972/1850
f 3973/3973/1886 3974/3974/1805 3971/3971/1851
f 3974/3974/1805 3973/3973/1886 3975/3975/1670
f 3976/3976/1849 3977/3977/1169 3978/3978/1168
f 3979/3979/1887 3980/3980/1887 3981/3981/1888
f 3979/3979/1887 3981/3981/1888 3982/3982/1797
f 3983/3983/1101 3984/3984/1889 3982/3982/1797
f 3982/3982/1797 3985/3985/1881 3986/3986/1887
f 3981/3981/1852 3987/3987/1890 3988/3988/1814
f 3981/3981/1852 3989/3989/1815 3987/3987/1890
f 3990/3990/1815 3991/3991/1815 3992/3992/1815
f 3992/3992/1815 3993/3993/1815 3994/3994/1891
f 3992/3992/1815 3995/3995/1892 3993/3993/1815
f 3995/3995/1892 3996/3996/1852 3993/3993/1815
f 3997/3997/1795 3996/3996/1852 3995/3995/1892
f 3997/3997/1795 3998/3998/1795 3996/3996/1852
f 3998/3998/1795 3997/3997/1795 3768/3768/1065
f 3998/3998/1795 3999/3999/1852 3996/3996/1852
f 3996/3996/1852 3999/3999/1852 4000/4000/1815
f 3998/3998/1795 4001/4001/1792 3999/3999/1852
f 4001/4001/1792 3998/3998/1795 4002/4002/1793
f 4001/4001/1792 4002/4002/1793 4003/4003/1795
f 4004/4004/1816 4001/4001/1792 4003/4003/1795
f 4001/4001/1792 4004/4004/1816 3999/3999/1852
f 3999/3999/1852 4004/4004/1816 4005/4005/1815
f 4000/4000/1815 3999/3999/1852 4005/4005/1815
f 4000/4000/1815 4005/4005/1815 4006/4006/1893
f 4007/4007/1891 4000/4000/1815 4006/4006/1893
f 4008/4008/1893 4007/4007/1891 4006/4006/1893
f 4009/4009/1816 4003/4003/1795 4010/4010/1797
f 4010/4010/1797 4011/4011/1814 4012/4012/1102
f 4013/4013/1894 4014/4014/1830 4015/4015/1813
f 4013/4013/1894 4016/4016/1895 4014/4014/1830
f 4017/4017/1795 4018/4018/1816 4013/4013/1896
f 4019/4019/1065 4017/4017/1795 4013/4013/1896
f 4020/4020/1795 4017/4017/1795 4019/4019/1065
f 4017/4017/1795 4020/4020/1795 4021/4021/1852
f 4022/4022/1852 4017/4017/1795 4023/4023/1816
f 4022/4022/1852 4023/4023/1816 4024/4024/1815
f 4025/4025/1795 4020/4020/1795 3811/3811/1102
f 4020/4020/1795 4025/4025/1795 4026/4026/1816
f 4021/4021/1852 4020/4020/1795 4026/4026/1816
f 4026/4026/1816 4025/4025/1795 4027/4027/1892
f 4021/4021/1852 4026/4026/1816 4028/4028/1815
f 4021/4021/1852 4028/4028/1815 4029/4029/1815
f 4029/4029/1815 4028/4028/1815 4030/4030/1891
f 4028/4028/1815 4031/4031/1891 4030/4030/1891
f 4031/4031/1891 4032/4032/1893 4030/4030/1891
f 4032/4032/1893 4033/4033/1893 4030/4030/1891
f 4034/4034/1897 4033/4033/1893 4032/4032/1893
f 4026/4026/1816 4027/4027/1892 4035/4035/1815
f 4027/4027/1892 4036/4036/1815 4035/4035/1815
f 4035/4035/1815 4036/4036/1815 4037/4037/1891
f 4027/4027/1892 4038/4038/1852 4036/4036/1815
f 4038/4038/1852 4039/4039/1815 4036/4036/1815
f 4027/4027/1892 4040/4040/1795 4038/4038/1852
f 3875/3875/1792 3876/3876/1102 4041/4041/1795
f 3875/3875/1792 4041/4041/1795 4042/4042/1898
f 3875/3875/1792 4042/4042/1898 3878/3878/1852
f 3878/3878/1852 4042/4042/1898 4043/4043/1815
f 3877/3877/1852 3878/3878/1852 4044/4044/1815
f 3876/3876/1102 3768/3768/1793 4041/4041/1795
f 4045/4045/1815 3877/3877/1852 4044/4044/1815
f 3764/3764/1794 3877/3877/1852 4045/4045/1815
f 4045/4045/1815 4044/4044/1815 4046/4046/1891
f 4047/4047/1815 3764/3764/1794 4045/4045/1815
f 4048/4048/1893 4045/4045/1815 4046/4046/1891
f 3764/3764/1794 4047/4047/1815 3819/3819/1815
f 4048/4048/1893 4046/4046/1891 4049/4049/1893
f 3819/3819/1815 4047/4047/1815 4050/4050/1893
f 4046/4046/1891 4051/4051/1891 4049/4049/1893
f 4047/4047/1815 4052/4052/1891 4050/4050/1893
f 4051/4051/1891 4053/4053/1893 4049/4049/1893
f 4050/4050/1893 4052/4052/1891 4054/4054/1899
f 4053/4053/1893 4055/4055/1893 4049/4049/1893
f 4056/4056/1893 4050/4050/1893 4054/4054/1899
f 4053/4053/1893 4057/4057/1815 4055/4055/1893
f 4058/4058/1891 4056/4056/1893 4054/4054/1899
f 4057/4057/1815 4059/4059/1815 4055/4055/1893
f 4060/4060/1891 4058/4058/1891 4054/4054/1899
f 4057/4057/1815 4061/4061/1815 4059/4059/1815
f 4062/4062/1815 4058/4058/1891 4060/4060/1891
f 4061/4061/1815 4063/4063/1815 4059/4059/1815
f 4064/4064/1815 4062/4062/1815 4060/4060/1891
f 4061/4061/1815 4065/4065/1900 4063/4063/1815
f 4066/4066/1815 4062/4062/1815 4064/4064/1815
f 4065/4065/1900 4067/4067/1901 4063/4063/1815
f 4068/4068/1815 4066/4066/1815 4064/4064/1815
f 4069/4069/1902 4066/4066/1815 4068/4068/1815
f 4070/4070/1902 4069/4069/1902 4068/4068/1815
f 4069/4069/1902 4070/4070/1902 4071/4071/1795
f 4067/4067/1901 4065/4065/1900 4072/4072/1896
f 4065/4065/1900 4073/4073/1903 4072/4072/1896
f 4074/4074/1904 4069/4069/1902 4071/4071/1795
f 4075/4075/1905 4071/4071/1795 4072/4072/1896
f 4074/4074/1904 4071/4071/1795 4075/4075/1905
f 4072/4072/1896 4073/4073/1903 4076/4076/1906
f 4076/4076/1906 4075/4075/1905 4072/4072/1896
f 4073/4073/1903 4077/4077/1907 4076/4076/1906
f 4077/4077/1907 4078/4078/1908 4076/4076/1906
f 4078/4078/1908 4079/4079/1258 4076/4076/1906
f 4075/4075/1905 4076/4076/1906 4079/4079/1258
f 4078/4078/1908 4077/4077/1907 4080/4080/1909
f 4081/4081/1258 4075/4075/1905 4079/4079/1258
f 4081/4081/1258 4082/4082/1233 4075/4075/1905
f 4082/4082/1233 4083/4083/1910 4075/4075/1905
f 4083/4083/1910 4074/4074/1904 4075/4075/1905
f 4084/4084/1911 4082/4082/1233 4085/4085/1912
f 4083/4083/1910 4086/4086/1913 4074/4074/1904
f 4086/4086/1913 4083/4083/1910 4085/4085/1914
f 4086/4086/1913 4085/4085/1914 4087/4087/1246
f 4088/4088/1915 4089/4089/1904 4074/4074/1904
f 4090/4090/1916 4089/4089/1904 4086/4086/1917
f 4091/4091/1918 4090/4090/1916 4086/4086/1917
f 4091/4091/1918 4086/4086/1917 4092/4092/1246
f 4093/4093/1901 4089/4089/1904 4094/4094/1901
f 4089/4089/1904 4095/4095/1916 4094/4094/1901
f 4093/4093/1901 4094/4094/1901 4096/4096/1815
f 4094/4094/1901 4097/4097/1815 4096/4096/1815
f 4096/4096/1815 4097/4097/1815 4098/4098/1815
f 4097/4097/1815 4099/4099/1815 4098/4098/1815
f 4098/4098/1815 4099/4099/1815 4100/4100/1893
f 4099/4099/1815 4101/4101/1893 4100/4100/1893
f 4100/4100/1893 4101/4101/1893 4102/4102/1891
f 4101/4101/1893 4103/4103/1893 4102/4102/1891
f 4102/4102/1891 4103/4103/1893 4104/4104/1891
f 4105/4105/1891 4102/4102/1891 4104/4104/1891
f 4106/4106/1815 4105/4105/1891 4104/4104/1891
f 4107/4107/1919 4108/4108/1920 4095/4095/1921
f 4091/4091/1918 4109/4109/1919 4095/4095/1916
f 4110/4110/1325 4109/4109/1919 4091/4091/1918
f 4111/4111/1922 4108/4108/1923 4109/4109/1919
f 4108/4108/1923 4111/4111/1922 4112/4112/1924
f 4113/4113/1925 4108/4108/1923 4112/4112/1924
f 4113/4113/1925 4112/4112/1924 4114/4114/1926
f 4112/4112/1924 4115/4115/1926 4114/4114/1926
f 4114/4114/1926 4115/4115/1926 4116/4116/1927
f 4115/4115/1926 4117/4117/1892 4116/4116/1927
f 4116/4116/1927 4117/4117/1892 4118/4118/1928
f 4117/4117/1892 4119/4119/1893 4118/4118/1928
f 4118/4118/1928 4119/4119/1893 4120/4120/1897
f 4121/4121/1929 4111/4111/1922 4109/4109/1919
f 4122/4122/1930 4121/4121/1929 4109/4109/1919
f 4123/4123/1325 4122/4122/1930 4109/4109/1919
f 4124/4124/1931 4123/4123/1325 4125/4125/1918
f 4126/4126/1313 4127/4127/1354 4121/4121/1929
f 4127/4127/1354 4128/4128/1932 4121/4121/1929
f 4121/4121/1929 4128/4128/1932 4129/4129/1933
f 4130/4130/1932 4131/4131/1934 4129/4129/1922
f 4132/4132/1935 4131/4131/1934 4133/4133/1932
f 4134/4134/1936 4132/4132/1937 4128/4128/1932
f 4135/4135/1355 4134/4134/1936 4128/4128/1932
f 4136/4136/1314 4135/4135/1355 4128/4128/1932
f 4137/4137/1815 4138/4138/1815 4139/4139/1815
f 4140/4140/1815 4141/4141/1815 4142/4142/1815
f 4143/4143/1938 4144/4144/1926 4145/4145/1939
f 4146/4146/1940 4147/4147/1941 4148/4148/1942
f 4145/4145/1939 4144/4144/1926 4149/4149/1815
f 4146/4146/1940 4150/4150/1943 4147/4147/1941
f 4151/4151/1815 4145/4145/1939 4149/4149/1815
f 4151/4151/1815 4149/4149/1815 4152/4152/1815
f 4153/4153/1815 4151/4151/1815 4152/4152/1815
f 4153/4153/1815 4152/4152/1815 4154/4154/1893
f 4155/4155/1891 4153/4153/1815 4154/4154/1893
f 4155/4155/1891 4154/4154/1893 4156/4156/1893
f 4157/4157/1891 4155/4155/1891 4156/4156/1893
f 4157/4157/1891 4156/4156/1893 4158/4158/1891
f 4156/4156/1893 4159/4159/1891 4158/4158/1891
f 4159/4159/1891 4043/4043/1815 4158/4158/1891
f 4146/4146/1944 4160/4160/1926 4161/4161/1926
f 4161/4161/1926 4160/4160/1926 4162/4162/1901
f 4163/4163/1943 4146/4146/1944 4161/4161/1926
f 4164/4164/1945 4165/4165/1946 4163/4163/1947
f 4163/4163/1948 4166/4166/1949 4147/4147/1941
f 4167/4167/1950 4166/4166/1949 4168/4168/1943
f 4167/4167/1950 4169/4169/1362 4166/4166/1949
f 4170/4170/1945 4171/4171/1951 4167/4167/1950
f 4171/4171/1951 4172/4172/1952 4167/4167/1950
f 4172/4172/1952 4173/4173/1953 4167/4167/1950
f 4173/4173/1953 4174/4174/1362 4167/4167/1950
f 4175/4175/1893 4176/4176/1891 4177/4177/1893
f 4175/4175/1893 4178/4178/1891 4176/4176/1891
f 4178/4178/1891 4179/4179/1893 4176/4176/1891
f 4178/4178/1891 4180/4180/1892 4179/4179/1893
f 4180/4180/1892 4181/4181/1815 4179/4179/1893
f 4180/4180/1892 4182/4182/1926 4181/4181/1815
f 4182/4182/1926 4183/4183/1926 4181/4181/1815
f 4182/4182/1926 4184/4184/1901 4183/4183/1926
f 4185/4185/781 4186/4186/1954 4187/4187/1844
f 4188/4188/748 4187/4187/1844 4186/4186/1954
f 4189/4189/1850 4190/4190/1175 4191/4191/1955
f 4191/4191/1955 4192/4192/1746 4189/4189/1850
f 4193/4193/1956 4194/4194/1957 4195/4195/1893
f 4194/4194/1957 4193/4193/1956 4196/4196/1958
f 4194/4194/1957 4197/4197/1816 4195/4195/1893
f 4194/4194/1957 4196/4196/1958 4198/4198/1959
f 4194/4194/1957 4199/4199/1960 4197/4197/1816
f 4199/4199/1960 4194/4194/1957 4198/4198/1959
f 4199/4199/1960 4200/4200/1926 4197/4197/1816
f 4201/4201/1882 4202/4202/1961 4203/4203/1881
f 4204/4204/1962 4205/4205/1963 4206/4206/1964
f 4199/4199/1960 4198/4198/1959 4207/4207/1965
f 4199/4199/1960 4208/4208/1966 4200/4200/1926
f 4208/4208/1966 4199/4199/1960 4207/4207/1965
f 4208/4208/1966 4209/4209/1967 4200/4200/1926
f 4210/4210/1926 4209/4209/1967 4208/4208/1966
f 4211/4211/1966 4210/4210/1926 4208/4208/1966
f 4208/4208/1966 4207/4207/1965 4211/4211/1966
f 4207/4207/1965 4212/4212/1968 4211/4211/1966
f 4213/4213/1969 4214/4214/1969 4207/4207/1965
f 4214/4214/1970 4215/4215/1970 4216/4216/1965
f 4215/4215/1970 4217/4217/1970 4216/4216/1965
f 4217/4217/1970 4218/4218/1970 4216/4216/1965
f 4218/4218/1970 4219/4219/1968 4216/4216/1965
f 4220/4220/1971 4221/4221/1970 4216/4216/1965
f 4222/4222/741 4220/4220/1971 4216/4216/1965
f 4077/4077/1907 4223/4223/1972 4224/4224/1285
f 4223/4223/1972 4077/4077/1907 4225/4225/1903
f 4080/4080/1973 4223/4223/1974 4226/4226/1252
f 4223/4223/1974 4227/4227/1975 4226/4226/1252
f 4228/4228/1976 4229/4229/1252 4227/4227/1975
f 4143/4143/1938 4223/4223/1974 4073/4073/1903
f 4230/4230/1321 4228/4228/1250 4147/4147/1941
f 4147/4147/1941 4231/4231/1250 4227/4227/1975
f 4166/4166/1949 4230/4230/1321 4147/4147/1941
f 4148/4148/1942 4227/4227/1975 4223/4223/1974
f 4143/4143/1938 4148/4148/1942 4223/4223/1974
f 4147/4147/1941 4227/4227/1975 4148/4148/1942
f 4148/4148/1942 4143/4143/1938 4145/4145/1939
f 4232/4232/1977 4233/4233/1829 4234/4234/1978
f 4232/4232/1977 4234/4234/1978 4235/4235/1979
f 4236/4236/1713 4232/4232/1977 4235/4235/1979
f 4234/4234/1978 4237/4237/1980 4238/4238/1979
f 4236/4236/1713 4235/4235/1979 4239/4239/1981
f 4237/4237/1980 4240/4240/1982 4238/4238/1979
f 4238/4238/1979 4240/4240/1982 4239/4239/1981
f 4240/4240/1982 4237/4237/1980 4241/4241/1815
f 4242/4242/1926 4240/4240/1982 4241/4241/1815
f 4243/4243/1983 4240/4240/1982 4242/4242/1926
f 4240/4240/1982 4243/4243/1983 4239/4239/1981
f 4244/4244/1926 4243/4243/1983 4242/4242/1926
f 4244/4244/1926 4245/4245/1926 4243/4243/1983
f 4245/4245/1926 4246/4246/1984 4243/4243/1983
f 4239/4239/1981 4243/4243/1983 4246/4246/1984
f 4247/4247/1985 4239/4239/1981 4246/4246/1984
f 4248/4248/1986 4236/4236/1713 4249/4249/1981
f 4250/4250/1987 4248/4248/1986 4249/4249/1981
f 4251/4251/1987 4250/4250/1987 4249/4249/1981
f 4252/4252/1987 4251/4251/1987 4249/4249/1981
f 4253/4253/1987 4252/4252/1987 4249/4249/1981
f 4254/4254/1987 4253/4253/1987 4249/4249/1981
f 4255/4255/1985 4256/4256/1987 4249/4249/1981
f 4257/4257/1964 4258/4258/1084 4259/4259/1988
f 4257/4257/1964 4259/4259/1988 4260/4260/1980
f 4261/4261/1989 4262/4262/1990 4259/4259/1812
f 4263/4263/1990 4262/4262/1990 4261/4261/1989
f 4264/4264/1991 4263/4263/1990 4261/4261/1989
f 4264/4264/1991 4261/4261/1989 4265/4265/1816
f 4265/4265/1816 4261/4261/1989 4266/4266/1795
f 4267/4267/1992 4268/4268/1990 4264/4264/1991
f 4269/4269/1891 4267/4267/1992 4270/4270/1991
f 4271/4271/1815 4270/4270/1815 4272/4272/1815
f 4269/4269/1891 4273/4273/1893 4267/4267/1992
f 4268/4268/1990 4267/4267/1992 4274/4274/1993
f 4273/4273/1893 4275/4275/1992 4267/4267/1992
f 4274/4274/1993 4267/4267/1992 4275/4275/1992
f 4276/4276/1992 4275/4275/1992 4273/4273/1893
f 4277/4277/1893 4276/4276/1992 4273/4273/1893
f 4278/4278/1993 4274/4274/1993 4275/4275/1992
f 4237/4237/1980 4276/4276/1992 4277/4277/1893
f 4241/4241/1815 4237/4237/1980 4277/4277/1893
f 4275/4275/1992 4276/4276/1992 4279/4279/1993
f 4278/4278/1993 4275/4275/1992 4279/4279/1993
f 4280/4280/1860 4278/4278/1993 4279/4279/1993
f 4278/4278/1993 4280/4280/1860 4274/4274/1993
f 4280/4280/1860 4281/4281/771 4274/4274/1993
f 4281/4281/771 4282/4282/763 4274/4274/1993
f 4233/4233/1829 4280/4280/1860 4279/4279/1993
f 4279/4279/1993 4276/4276/1992 4234/4234/1978
f 4233/4233/1829 4279/4279/1993 4234/4234/1978
f 4276/4276/1992 4237/4237/1980 4234/4234/1978
f 4283/4283/1821 4222/4222/741 4284/4284/1959
f 4284/4284/1959 4222/4222/741 4207/4207/1994
f 4196/4196/1958 4283/4283/1821 4284/4284/1959
f 4285/4285/1831 4283/4283/1821 4196/4196/1958
f 4286/4286/1995 4285/4285/1831 4196/4196/1958
f 4287/4287/1834 4285/4285/1831 4286/4286/1995
f 4288/4288/1996 4287/4287/1834 4286/4286/1995
f 4287/4287/1834 4288/4288/1996 4289/4289/1995
f 4290/4290/1740 4287/4287/1834 4289/4289/1995
f 4291/4291/1956 4288/4288/1996 4286/4286/1995
f 4289/4289/1995 4288/4288/1996 4291/4291/1956
f 4292/4292/1734 4290/4290/1740 4289/4289/1995
f 4193/4193/1956 4291/4291/1956 4286/4286/1995
f 4193/4193/1956 4286/4286/1995 4196/4196/1958
f 4291/4291/1956 4193/4193/1956 4293/4293/1893
f 4193/4193/1956 4195/4195/1893 4293/4293/1893
f 4291/4291/1956 4293/4293/1893 4294/4294/1956
f 4294/4294/1956 4289/4289/1995 4291/4291/1956
f 4293/4293/1893 4295/4295/1891 4294/4294/1956
f 4294/4294/1956 4295/4295/1891 4296/4296/1997
f 4296/4296/1815 4297/4297/1815 4298/4298/1815
f 4299/4299/1887 4294/4294/1956 4296/4296/1997
f 4294/4294/1956 4299/4299/1887 4289/4289/1995
f 4299/4299/1887 4296/4296/1997 4300/4300/1998
f 4299/4299/1887 4301/4301/1999 4289/4289/1995
f 4301/4301/1999 4292/4292/1734 4289/4289/1995
f 4299/4299/1887 4302/4302/1957 4301/4301/1999
f 4302/4302/1957 4303/4303/1961 4301/4301/1999
f 4292/4292/1734 4301/4301/1999 4304/4304/2000
f 4305/4305/1684 4292/4292/1734 4304/4304/2000
f 4306/4306/1881 4304/4304/2000 4307/4307/1957
f 4308/4308/763 4309/4309/697 4310/4310/2001
f 4308/4308/763 4311/4311/2002 4274/4274/1993
f 4311/4311/2002 4268/4268/1990 4274/4274/1993
f 4311/4311/2002 4308/4308/763 4312/4312/1962
f 4313/4313/1990 4268/4268/1990 4311/4311/2002
f 4312/4312/1962 4313/4313/1990 4311/4311/2002
f 4312/4312/1962 4314/4314/1880 4313/4313/1990
f 4315/4315/1319 4316/4316/2003 4317/4317/1949
