# This file is brought to you by Roblox Corporation
# Generated by Roblox Studio

mtllib chair.mtl

g PlasticChair1

v 1.61611 4.28731 -14.8211 
v 1.40583 4.29983 -14.8251 
v 1.29816 4.29983 -14.8251 
v 1.95371 4.23783 -14.7782 
v 1.73963 4.28234 -14.8059 
v 2.13394 4.19381 -14.7325 
v 0.750271 4.23783 -14.7782 
v 0.964355 4.28234 -14.8059 
v 0.963973 4.27608 -14.8133 
v 1.08787 4.28731 -14.8211 
v 2.13416 4.2 -14.7251 
v 0.379159 4.11541 -14.6528 
v 0.569819 4.2 -14.7251 
v 2.32486 4.12103 -14.645 
v 0.379121 4.12103 -14.645 
v 2.49547 4.01472 -14.5556 
v 0.0673883 3.81087 -14.3676 
v 0.208509 4.01472 -14.5556 
v 2.6624 3.04257 -12.6451 
v 2.66651 3.03735 -12.6522 
v 2.6709 2.95621 -12.6213 
v 0.0330888 2.95621 -12.6213 
v 0.0374738 3.03735 -12.6522 
v 0.0415792 3.04257 -12.6451 
v 2.63498 3.81504 -14.359 
v 2.64786 3.55697 -14.1812 
v 0.0561221 3.55697 -14.1812 
v 0.0690073 3.81504 -14.359 
v 2.65906 3.11295 -12.6961 
v 0.0449235 3.11295 -12.6961 
v 0.342422 2.00132 -12.0976 
v 0.34274 2.11894 -12.137 
v 0.331455 1.96678 -12.0977 
v 2.36124 2.11894 -12.137 
v 2.36156 2.00132 -12.0976 
v 2.37253 1.96678 -12.0977 
v 0.0509758 3.46779 -14.0451 
v 0.502704 3.89286 -14.5604 
v 0.494577 3.95586 -14.5486 
v 0.680484 3.9685 -14.6081 
v 0.368221 3.883 -14.4873 
v 2.20941 3.95586 -14.5486 
v 2.33576 3.883 -14.4873 
v 2.20128 3.89286 -14.5604 
v 2.0235 3.9685 -14.6081 
v 0.00275016 2.35692 -12.4427 
v 0.00275064 0 -12.2379 
v 0.00275064 0 -12.2259 
v 2.70123 2.35692 -12.4427 
v 2.70123 2.38419e-07 -12.2379 
v 0.366689 2.20935 -12.1895 
v 2.64489 3.56317 -14.1744 
v 0.36641 2.02847 -12.0976 
v 2.33757 2.02847 -12.0976 
v 1.10592 4.10904 -14.6861 
v 1.10845 4.04138 -14.6902 
v 1.00049 4.10202 -14.6761 
v 1.3038 4.04526 -14.6987 
v 1.59553 4.04138 -14.6902 
v 1.59806 4.10904 -14.6861 
v 1.7035 4.10202 -14.6761 
v 1.40018 4.04526 -14.6987 
v 0.342904 2.18246 -12.1894 
v 2.36108 2.18246 -12.1894 
v 1.40018 4.04526 -14.6987 
v 1.40018 4.11431 -14.6972 
v 1.59806 4.10904 -14.6861 
v 1.3038 4.04526 -14.6987 
v 1.3038 4.11431 -14.6972 
v 1.10592 4.10904 -14.6861 
v 0.403306 3.79022 -14.4997 
v 0.368221 3.883 -14.4873 
v 0.502704 3.89286 -14.5604 
v 0.268734 3.72157 -14.3714 
v 2.30068 3.79022 -14.4997 
v 2.33576 3.883 -14.4873 
v 2.43525 3.72157 -14.3714 
v 2.20128 3.89286 -14.5604 
v 0.81489 4.00295 -14.6442 
v 0.809735 4.06842 -14.6434 
v 1.00401 4.03523 -14.6759 
v 0.660704 4.03372 -14.6049 
v 1.88909 4.00295 -14.6442 
v 1.89425 4.06842 -14.6434 
v 2.04328 4.03372 -14.6049 
v 1.69998 4.03523 -14.6759 
v 2.3373 2.20935 -12.1895 
v 1.10845 4.04138 -14.6902 
v 1.00401 4.03523 -14.6759 
v 1.00049 4.10202 -14.6761 
v 0.809735 4.06842 -14.6434 
v 1.7035 4.10202 -14.6761 
v 1.89425 4.06842 -14.6434 
v 1.69998 4.03523 -14.6759 
v 1.59553 4.04138 -14.6902 
v 0.81489 4.00295 -14.6442 
v 0.680484 3.9685 -14.6081 
v 0.660704 4.03372 -14.6049 
v 0.494577 3.95586 -14.5486 
v 2.04328 4.03372 -14.6049 
v 2.20941 3.95586 -14.5486 
v 2.0235 3.9685 -14.6081 
v 1.88909 4.00295 -14.6442 
v 0.773823 2.0041 -12.097 
v 0.954448 2.0041 -12.097 
v 1.1472 2.0041 -12.097 
v 1.17129 2.0041 -12.097 
v 1.55679 2.0041 -12.097 
v 1.72544 2.0041 -12.097 
v 1.90615 2.0041 -12.097 
v 0.268734 3.72157 -14.3714 
v 0.32199 3.52369 -14.3822 
v 0.403306 3.79022 -14.4997 
v 2.38199 3.52369 -14.3822 
v 2.43525 3.72157 -14.3714 
v 2.44351 3.48898 -14.2213 
v 2.30068 3.79022 -14.4997 
v 1.93016 2.0041 -12.097 
v 2.07452 2.01293 -12.0971 
v 0.629468 2.01293 -12.0971 
v 0.485127 2.03441 -12.0971 
v 2.0748 2.0102 -12.1063 
v 2.29274 2.04041 -12.1063 
v 0.298861 2.35416 -12.4548 
v 2.40512 2.35416 -12.4548 
v 2.30068 3.79022 -14.4997 
v 2.38199 3.52369 -14.3822 
v 2.34202 3.43936 -14.3845 
v 0.32199 3.52369 -14.3822 
v 0.403306 3.79022 -14.4997 
v 0.361966 3.43936 -14.3845 
v 2.34202 3.43936 -14.3845 
v 2.26614 3.26296 -14.3828 
v 2.23756 3.63312 -14.4886 
v 0.437844 3.26296 -14.3828 
v 0.361966 3.43936 -14.3845 
v 0.46642 3.63312 -14.4886 
v 0.629184 2.51701 -14.2657 
v 0.638821 2.42931 -14.2588 
v 0.630854 2.43243 -14.2537 
v 2.06516 2.42931 -14.2588 
v 2.0748 2.51701 -14.2657 
v 2.07313 2.43243 -14.2537 
v 2.26614 3.26296 -14.3828 
v 2.20355 3.08202 -14.3681 
v 2.17047 3.45355 -14.4718 
v 0.500434 3.08202 -14.3681 
v 0.437844 3.26296 -14.3828 
v 0.533518 3.45355 -14.4718 
v 1.33995 2.19495 -12.1891 
v 1.33995 2.0041 -12.097 
v 1.36404 2.19495 -12.1891 
v 2.69943 4.76837e-07 -14.2885 
v 0.135641 0 -12.2259 
v 0.343019 2.23005 -12.4429 
v 0.366756 2.2572 -12.4429 
v 0.399481 2.27234 -12.4427 
v 0.00455272 0 -14.2885 
v 2.56834 2.38419e-07 -12.2259 
v 2.36096 2.23005 -12.4429 
v 2.33723 2.25721 -12.4429 
v 2.21775 2.26279 -12.4429 
v 2.23756 3.63312 -14.4886 
v 2.30068 3.79022 -14.4997 
v 2.34202 3.43936 -14.3845 
v 0.403306 3.79022 -14.4997 
v 0.46642 3.63312 -14.4886 
v 0.361966 3.43936 -14.3845 
v 2.26614 3.26296 -14.3828 
v 2.17047 3.45355 -14.4718 
v 2.23756 3.63312 -14.4886 
v 0.533518 3.45355 -14.4718 
v 0.437844 3.26296 -14.3828 
v 0.46642 3.63312 -14.4886 
v 0.0155684 0 -14.304 
v 0.797839 2.00153 -12.1063 
v 2.33424 2.28619 -13.9691 
v 0.369744 2.28618 -13.9691 
v 2.07313 2.43243 -14.2537 
v 2.55787 4.76837e-07 -14.4464 
v 2.06516 2.42931 -14.2588 
v 0.146117 0 -14.4464 
v 0.630854 2.43243 -14.2537 
v 0.638821 2.42931 -14.2588 
v 0.485823 2.21353 -12.1899 
v 2.21816 2.21353 -12.1899 
v 2.0235 3.9685 -14.6081 
v 2.20128 3.89286 -14.5604 
v 2.14407 3.71149 -14.5384 
v 2.16178 2.94514 -14.3522 
v 2.03396 3.00212 -14.4036 
v 2.20355 3.08202 -14.3681 
v 2.11401 2.7615 -14.324 
v 0.247319 2.96191 -12.6145 
v 0.239966 3.04201 -12.6453 
v 0.502704 3.89286 -14.5604 
v 0.680484 3.9685 -14.6081 
v 0.559915 3.71149 -14.5384 
v 2.46402 3.04201 -12.6453 
v 2.45666 2.96191 -12.6145 
v 0.5422 2.94514 -14.3522 
v 0.670025 3.00212 -14.4036 
v 0.589974 2.7615 -14.324 
v 0.500434 3.08202 -14.3681 
v 2.20355 3.08202 -14.3681 
v 2.11255 3.27176 -14.4467 
v 2.17047 3.45355 -14.4718 
v 2.03396 3.00212 -14.4036 
v 0.591433 3.27176 -14.4467 
v 0.670025 3.00212 -14.4036 
v 0.500434 3.08202 -14.3681 
v 0.533518 3.45355 -14.4718 
v 1.9709 3.76758 -14.5799 
v 2.0235 3.9685 -14.6081 
v 2.14407 3.71149 -14.5384 
v 2.09092 3.52822 -14.5131 
v 0.680484 3.9685 -14.6081 
v 0.733079 3.76758 -14.5799 
v 0.559915 3.71149 -14.5384 
v 0.613065 3.52822 -14.5131 
v 1.69998 4.03523 -14.6759 
v 1.88909 4.00295 -14.6442 
v 1.85336 3.79511 -14.6105 
v 0.81489 4.00295 -14.6442 
v 1.00401 4.03523 -14.6759 
v 0.850625 3.79511 -14.6105 
v 0.589974 2.7615 -14.324 
v 0.71774 2.81891 -14.3696 
v 0.621567 2.57704 -14.2817 
v 0.670025 3.00212 -14.4036 
v 1.98624 2.81891 -14.3696 
v 2.03396 3.00212 -14.4036 
v 2.11401 2.7615 -14.324 
v 2.08242 2.57704 -14.2817 
v 0.638821 2.42931 -14.2588 
v 0.773746 2.42931 -14.2896 
v 0.773746 2.35223 -14.2373 
v 0.638821 2.42931 -14.2588 
v 0.773746 2.51936 -14.2964 
v 1.93024 2.42931 -14.2896 
v 2.06516 2.42931 -14.2588 
v 1.93024 2.35223 -14.2373 
v 2.06516 2.42931 -14.2588 
v 1.93024 2.51936 -14.2964 
v 0.638821 2.42931 -14.2588 
v 0.629184 2.51701 -14.2657 
v 0.773746 2.51936 -14.2964 
v 0.75429 2.63509 -14.3264 
v 0.621567 2.57704 -14.2817 
v 0.71774 2.81891 -14.3696 
v 1.94969 2.63509 -14.3264 
v 1.98624 2.81891 -14.3696 
v 2.08242 2.57704 -14.2817 
v 2.0748 2.51701 -14.2657 
v 1.93024 2.51936 -14.2964 
v 2.06516 2.42931 -14.2588 
v 1.67365 3.81897 -14.6375 
v 1.69998 4.03523 -14.6759 
v 1.85336 3.79511 -14.6105 
v 1.824 3.60762 -14.5774 
v 1.824 3.60762 -14.5774 
v 1.65202 3.6309 -14.6016 
v 1.80043 3.42035 -14.539 
v 1.80043 3.42035 -14.539 
v 1.63301 3.44355 -14.5607 
v 1.59681 3.06101 -14.4721 
v 1.00401 4.03523 -14.6759 
v 1.03034 3.81897 -14.6375 
v 0.850625 3.79511 -14.6105 
v 0.879981 3.60762 -14.5774 
v 1.05197 3.6309 -14.6016 
v 0.879981 3.60762 -14.5774 
v 0.903554 3.42035 -14.539 
v 1.07098 3.44355 -14.5607 
v 0.903554 3.42035 -14.539 
v 1.10718 3.06101 -14.4721 
v 2.09092 3.52822 -14.5131 
v 1.92584 3.58255 -14.551 
v 1.9709 3.76758 -14.5799 
v 2.04666 3.34359 -14.4813 
v 2.04666 3.34359 -14.4813 
v 1.88736 3.39702 -14.5165 
v 1.82061 3.04452 -14.4456 
v 1.97871 3.02729 -14.4215 
v 1.82061 3.04452 -14.4456 
v 1.94416 2.84197 -14.3829 
v 1.78929 2.8589 -14.405 
v 1.9201 2.65659 -14.3372 
v 1.82061 3.04452 -14.4456 
v 0.778147 3.58255 -14.551 
v 0.613065 3.52822 -14.5131 
v 0.733079 3.76758 -14.5799 
v 0.657327 3.34359 -14.4813 
v 0.816624 3.39702 -14.5165 
v 0.657327 3.34359 -14.4813 
v 0.883371 3.04452 -14.4456 
v 0.883371 3.04452 -14.4456 
v 0.725275 3.02729 -14.4215 
v 0.759828 2.84197 -14.3829 
v 0.914694 2.8589 -14.405 
v 0.783889 2.65659 -14.3372 
v 0.883371 3.04452 -14.4456 
v 0.773746 2.42931 -14.2896 
v 0.797839 2.42931 -14.2962 
v 0.797839 2.35223 -14.2438 
v 1.90615 2.42931 -14.2962 
v 1.93024 2.42931 -14.2896 
v 1.90615 2.35223 -14.2438 
v 0.638821 2.35149 -14.2008 
v 0.638821 2.42931 -14.2588 
v 0.773746 2.35223 -14.2373 
v 2.06516 2.42931 -14.2588 
v 2.06516 2.35149 -14.2008 
v 1.93024 2.35223 -14.2373 
v 0.797839 2.35223 -14.2438 
v 0.797839 2.42931 -14.2962 
v 0.954448 2.42931 -14.3107 
v 0.954692 2.52034 -14.3167 
v 0.797839 2.51904 -14.3006 
v 0.954692 2.52034 -14.3167 
v 0.797839 2.51904 -14.3006 
v 0.938318 2.67365 -14.3581 
v 0.783889 2.65659 -14.3372 
v 0.938318 2.67365 -14.3581 
v 0.914694 2.8589 -14.405 
v 1.76567 2.67365 -14.3581 
v 1.78929 2.8589 -14.405 
v 1.9201 2.65659 -14.3372 
v 1.90615 2.51904 -14.3006 
v 1.90615 2.42931 -14.2962 
v 1.74929 2.52034 -14.3167 
v 1.90615 2.51904 -14.3006 
v 1.76567 2.67365 -14.3581 
v 1.90615 2.35223 -14.2438 
v 1.74954 2.42931 -14.3107 
v 1.74929 2.52034 -14.3167 
v 1.75996 3.05404 -14.4586 
v 1.59681 3.06101 -14.4721 
v 1.80043 3.42035 -14.539 
v 1.7426 2.86735 -14.4146 
v 1.58061 2.87462 -14.4261 
v 1.59681 3.06101 -14.4721 
v 1.73186 2.68163 -14.3647 
v 1.5674 2.68942 -14.3746 
v 1.72544 2.52162 -14.3191 
v 1.10718 3.06101 -14.4721 
v 0.944022 3.05404 -14.4586 
v 0.903554 3.42035 -14.539 
v 0.961385 2.86735 -14.4146 
v 1.10718 3.06101 -14.4721 
v 1.12338 2.87462 -14.4261 
v 0.972126 2.68163 -14.3647 
v 1.13659 2.68942 -14.3746 
v 0.978541 2.52162 -14.3191 
v 2.68842 4.76837e-07 -14.304 
v 2.67251 4.76837e-07 -14.3143 
v 2.33424 2.28619 -13.9691 
v 0.0314702 0 -14.3143 
v 0.0155684 0 -14.304 
v 0.369744 2.28618 -13.9691 
v 0.773746 2.35223 -14.2373 
v 0.773746 2.42931 -14.2896 
v 0.797839 2.35223 -14.2438 
v 0.773746 2.30215 -14.1894 
v 0.638821 2.30105 -14.1532 
v 0.638821 2.35149 -14.2008 
v 1.90615 2.35223 -14.2438 
v 1.93024 2.35223 -14.2373 
v 1.93024 2.30215 -14.1894 
v 1.93024 2.42931 -14.2896 
v 2.06516 2.35149 -14.2008 
v 2.06516 2.30105 -14.1532 
v 1.36404 2.35223 -14.2686 
v 1.53269 2.35223 -14.2686 
v 1.53269 2.30215 -14.2207 
v 1.53269 2.42931 -14.3209 
v 1.36404 2.42931 -14.3209 
v 1.53269 2.42931 -14.3209 
v 1.36404 2.5228 -14.3263 
v 1.53269 2.52274 -14.3262 
v 1.36865 2.69226 -14.378 
v 1.53564 2.69115 -14.3768 
v 1.37352 2.87729 -14.4316 
v 1.54 2.87638 -14.4297 
v 1.37811 3.06374 -14.48 
v 1.54662 3.06299 -14.4772 
v 1.56254 3.44774 -14.5694 
v 1.37811 3.06374 -14.48 
v 1.38729 3.45061 -14.5746 
v 1.3916 3.63831 -14.618 
v 1.57129 3.63548 -14.6119 
v 1.56254 3.44774 -14.5694 
v 1.39566 3.82704 -14.6568 
v 1.58204 3.82415 -14.6496 
v 1.40018 4.04526 -14.6987 
v 1.59553 4.04138 -14.6902 
v 0.797839 2.35223 -14.2438 
v 0.797839 2.30215 -14.1959 
v 0.773746 2.30215 -14.1894 
v 1.90615 2.30215 -14.1959 
v 1.90615 2.35223 -14.2438 
v 1.93024 2.30215 -14.1894 
v 2.67251 4.76837e-07 -14.3143 
v 2.30242 2.27871 -13.9896 
v 2.33424 2.28619 -13.9691 
v 0.401562 2.27871 -13.9896 
v 0.0314702 0 -14.3143 
v 0.369744 2.28618 -13.9691 
v 0.773746 2.30215 -14.1894 
v 0.638821 2.30105 -14.1532 
v 0.773746 2.35223 -14.2373 
v 2.06516 2.30105 -14.1532 
v 1.93024 2.30215 -14.1894 
v 1.93024 2.35223 -14.2373 
v 1.1472 2.30215 -14.2194 
v 0.978541 2.30215 -14.214 
v 1.1472 2.35223 -14.2673 
v 0.978541 2.35223 -14.2619 
v 1.1472 2.35223 -14.2673 
v 0.978541 2.42931 -14.3143 
v 0.978541 2.52162 -14.3191 
v 1.1472 2.5222 -14.3255 
v 1.13659 2.68942 -14.3746 
v 1.12338 2.87462 -14.4261 
v 0.972126 2.68163 -14.3647 
v 1.1472 2.42931 -14.3196 
v 0.978541 2.42931 -14.3143 
v 1.17129 2.42931 -14.3209 
v 1.17129 2.35223 -14.2686 
v 1.1472 2.42931 -14.3196 
v 1.17129 2.35223 -14.2686 
v 1.1472 2.30215 -14.2194 
v 1.72544 2.35223 -14.2619 
v 1.72544 2.30215 -14.214 
v 1.55679 2.35223 -14.2673 
v 1.72544 2.42931 -14.3143 
v 1.55679 2.30215 -14.2194 
v 1.55679 2.35223 -14.2673 
v 1.72544 2.52162 -14.3191 
v 1.55679 2.5222 -14.3255 
v 1.5674 2.68942 -14.3746 
v 1.58061 2.87462 -14.4261 
v 1.73186 2.68163 -14.3647 
v 1.72544 2.42931 -14.3143 
v 1.55679 2.42931 -14.3196 
v 1.53269 2.42931 -14.3209 
v 1.53269 2.35223 -14.2686 
v 1.55679 2.42931 -14.3196 
v 1.53269 2.35223 -14.2686 
v 1.55679 2.30215 -14.2194 
v 1.17129 2.35223 -14.2686 
v 1.17129 2.42931 -14.3209 
v 1.33995 2.35223 -14.2686 
v 1.17129 2.30215 -14.2207 
v 1.33995 2.30215 -14.2207 
v 1.17129 2.30215 -14.2207 
v 1.36404 2.30215 -14.2207 
v 1.53269 2.30215 -14.2207 
v 1.33995 2.42931 -14.3209 
v 1.17129 2.42931 -14.3209 
v 1.33995 2.5228 -14.3263 
v 1.17129 2.52274 -14.3262 
v 1.33533 2.69226 -14.378 
v 1.16834 2.69115 -14.3768 
v 1.33046 2.87729 -14.4316 
v 1.16398 2.87638 -14.4297 
v 1.32588 3.06374 -14.48 
v 1.15736 3.06299 -14.4772 
v 1.14144 3.44774 -14.5694 
v 1.31669 3.45061 -14.5746 
v 1.32588 3.06374 -14.48 
v 1.31238 3.63831 -14.618 
v 1.13269 3.63548 -14.6119 
v 1.30833 3.82704 -14.6568 
v 1.12195 3.82415 -14.6496 
v 1.3038 4.04526 -14.6987 
v 1.10845 4.04138 -14.6902 
v 0.797839 2.35223 -14.2438 
v 0.954448 2.35223 -14.2583 
v 0.797839 2.30215 -14.1959 
v 0.954448 2.42931 -14.3107 
v 0.978541 2.42931 -14.3143 
v 0.978541 2.35223 -14.2619 
v 1.74954 2.35223 -14.2583 
v 1.90615 2.35223 -14.2438 
v 1.90615 2.30215 -14.1959 
v 1.74954 2.42931 -14.3107 
v 1.72544 2.42931 -14.3143 
v 1.72544 2.35223 -14.2619 
v 0.978541 2.35223 -14.2619 
v 0.978541 2.30215 -14.214 
v 0.954448 2.30215 -14.2105 
v 1.72544 2.30215 -14.214 
v 1.72544 2.35223 -14.2619 
v 1.74954 2.30215 -14.2105 
v 0.954448 2.35223 -14.2583 
v 0.978541 2.35223 -14.2619 
v 0.954448 2.30215 -14.2105 
v 0.954448 2.42931 -14.3107 
v 0.954448 2.30215 -14.2105 
v 0.797839 2.30215 -14.1959 
v 1.74954 2.30215 -14.2105 
v 1.74954 2.35223 -14.2583 
v 1.90615 2.30215 -14.1959 
v 1.74954 2.42931 -14.3107 
v 1.72544 2.35223 -14.2619 
v 1.74954 2.30215 -14.2105 
v 1.53269 2.30215 -14.2207 
v 1.53269 2.35223 -14.2686 
v 1.55679 2.30215 -14.2194 
v 1.17129 2.35223 -14.2686 
v 1.17129 2.30215 -14.2207 
v 1.1472 2.30215 -14.2194 
v 1.74954 2.19495 -12.1891 
v 1.90615 2.19495 -12.1891 
v 1.93024 2.19495 -12.1891 
v 2.07435 2.19495 -12.1891 
v 0.238848 3.51068 -14.2184 
v 0.244438 3.75009 -14.3736 
v 0.268734 3.72157 -14.3714 
v 0.368221 3.883 -14.4873 
v 2.45955 3.75009 -14.3736 
v 2.43525 3.72157 -14.3714 
v 2.33576 3.883 -14.4873 
v 2.46514 3.51068 -14.2184 
v 2.06516 2.26867 -14.0919 
v 0.230704 3.16309 -12.7653 
v 0.23429 3.11079 -12.6969 
v 2.47328 3.16309 -12.7653 
v 2.46969 3.11079 -12.6969 
v 2.55841 4.76837e-07 -14.3179 
v 0.145577 0 -14.3179 
v 0.630009 2.27603 -14.0955 
v 0.978541 2.27044 -14.1524 
v 0.260474 3.48898 -14.2213 
v 0.238848 3.51068 -14.2184 
v 0.268734 3.72157 -14.3714 
v 2.44351 3.48898 -14.2213 
v 2.46514 3.51068 -14.2184 
v 2.43525 3.72157 -14.3714 
v 0.244438 3.75009 -14.3736 
v 0.351095 3.90837 -14.494 
v 0.368221 3.883 -14.4873 
v 0.494577 3.95586 -14.5486 
v 2.35289 3.90837 -14.494 
v 2.45955 3.75009 -14.3736 
v 2.33576 3.883 -14.4873 
v 2.20941 3.95586 -14.5486 
v 2.67251 4.76837e-07 -14.3143 
v 2.65391 4.76837e-07 -14.3179 
v 2.30242 2.27871 -13.9896 
v 0.0500704 0 -14.3179 
v 0.0314702 0 -14.3143 
v 0.401562 2.27871 -13.9896 
v 0.351095 3.90837 -14.494 
v 0.485752 3.98524 -14.5593 
v 0.494577 3.95586 -14.5486 
v 0.660704 4.03372 -14.6049 
v 2.21823 3.98524 -14.5593 
v 2.35289 3.90837 -14.494 
v 2.20941 3.95586 -14.5486 
v 2.04328 4.03372 -14.6049 
v 0.638821 2.23381 -13.9871 
v 2.06516 2.23381 -13.9871 
v 2.65391 4.76837e-07 -14.3179 
v 2.26523 2.27137 -13.9968 
v 2.30242 2.27871 -13.9896 
v 0.438757 2.27137 -13.9968 
v 0.0500704 0 -14.3179 
v 0.401562 2.27871 -13.9896 
v 0.59231 2.76342 -14.3149 
v 2.11167 2.76342 -14.3149 
v 2.21936 2.20645 -12.1963 
v 2.0748 2.18773 -12.1955 
v 2.0748 2.12697 -12.1454 
v 2.29265 2.21569 -12.1959 
v 2.29282 2.15363 -12.1452 
v 2.32527 2.20141 -12.1957 
v 2.34905 2.17492 -12.1955 
v 2.34923 2.11386 -12.1453 
v 2.32538 2.13992 -12.1453 
v 2.32527 2.20141 -12.1957 
v 2.34953 1.99946 -12.1063 
v 0.799111 2.43338 -14.2875 
v 1.90487 2.43338 -14.2875 
v 2.63018 4.76837e-07 -14.3179 
v 2.55841 4.76837e-07 -14.3179 
v 2.21775 2.26279 -13.9968 
v 2.65391 4.76837e-07 -14.3179 
v 2.26523 2.27137 -13.9968 
v 0.0738075 0 -14.3179 
v 0.0500704 0 -14.3179 
v 0.438757 2.27137 -13.9968 
v 0.145577 0 -14.3179 
v 0.486238 2.26278 -13.9968 
v 0.629632 2.19495 -12.1891 
v 0.773746 2.19495 -12.1891 
v 0.797839 2.19495 -12.1891 
v 0.978541 2.19495 -12.1891 
v 1.1472 2.19495 -12.1891 
v 1.10342 4.13841 -14.6998 
v 1.3038 4.14404 -14.7114 
v 1.3038 4.11431 -14.6972 
v 1.40018 4.11431 -14.6972 
v 1.40018 4.14404 -14.7114 
v 1.60056 4.13841 -14.6998 
v 2.55841 4.76837e-07 -14.3179 
v 2.07421 2.24327 -13.9968 
v 2.21775 2.26279 -13.9968 
v 0.629777 2.24327 -13.9968 
v 0.145577 0 -14.3179 
v 0.486238 2.26278 -13.9968 
v 2.63018 4.76837e-07 -14.3179 
v 2.21775 2.26279 -13.9968 
v 2.26523 2.27137 -13.9968 
v 0.486238 2.26278 -13.9968 
v 0.0738075 0 -14.3179 
v 0.438757 2.27137 -13.9968 
v 0.231148 3.39958 -14.0457 
v 0.629184 2.18773 -12.1955 
v 0.773746 2.18773 -12.1955 
v 0.629184 2.12697 -12.1454 
v 0.629184 2.23381 -12.4548 
v 0.484622 2.25328 -12.4548 
v 0.484622 2.25328 -12.3006 
v 0.484622 2.20645 -12.1963 
v 0.411334 2.21569 -12.1959 
v 0.411161 2.15363 -12.1452 
v 0.629184 2.18773 -12.1955 
v 0.629184 2.12697 -12.1454 
v 0.378717 2.20141 -12.1957 
v 0.354931 2.17492 -12.1955 
v 0.354758 2.11386 -12.1453 
v 0.378601 2.13992 -12.1453 
v 0.354449 1.99946 -12.1063 
v 0.378717 2.20141 -12.1957 
v 0.650055 4.06176 -14.6188 
v 0.80432 4.09738 -14.658 
v 0.809735 4.06842 -14.6434 
v 1.00049 4.10202 -14.6761 
v 0.80432 4.09738 -14.658 
v 0.996893 4.13137 -14.691 
v 1.00049 4.10202 -14.6761 
v 1.10592 4.10904 -14.6861 
v 1.89966 4.09738 -14.658 
v 2.05393 4.06176 -14.6188 
v 1.89425 4.06842 -14.6434 
v 1.7035 4.10202 -14.6761 
v 1.70709 4.13137 -14.691 
v 1.89966 4.09738 -14.658 
v 1.7035 4.10202 -14.6761 
v 1.59806 4.10904 -14.6861 
v 0.545207 2.94721 -14.3435 
v 2.15878 2.94721 -14.3435 
v 0.485752 3.98524 -14.5593 
v 0.650055 4.06176 -14.6188 
v 0.660704 4.03372 -14.6049 
v 0.809735 4.06842 -14.6434 
v 2.05393 4.06176 -14.6188 
v 2.21823 3.98524 -14.5593 
v 2.04328 4.03372 -14.6049 
v 1.89425 4.06842 -14.6434 
v 0.773746 2.12689 -12.1456 
v 0.797839 2.18773 -12.1955 
v 0.629184 2.12697 -12.1454 
v 0.773746 2.12689 -12.1456 
v 0.773746 2.00153 -12.1063 
v 1.33995 2.27044 -14.1591 
v 1.36404 2.27044 -14.1591 
v 1.17129 2.18772 -12.1955 
v 1.33995 2.18772 -12.1955 
v 1.53269 2.18772 -12.1955 
v 1.1472 2.18772 -12.1955 
v 1.1472 2.12688 -12.1456 
v 0.978541 2.18773 -12.1955 
v 1.17129 2.12687 -12.1456 
v 0.978541 2.12689 -12.1456 
v 1.1472 2.00153 -12.1063 
v 0.978541 2.00153 -12.1063 
v 1.17129 2.00153 -12.1063 
v 0.954448 2.00153 -12.1063 
v 1.33995 2.12686 -12.1456 
v 1.33995 2.00153 -12.1063 
v 1.36404 2.00153 -12.1063 
v 0.954448 2.12689 -12.1456 
v 0.726675 3.02914 -14.4122 
v 0.0673883 3.81087 -14.3676 
v 0.244438 3.75009 -14.3736 
v 0.0561221 3.55697 -14.1812 
v 0.351095 3.90837 -14.494 
v 2.45955 3.75009 -14.3736 
v 2.35289 3.90837 -14.494 
v 2.6366 3.81087 -14.3676 
v 2.64786 3.55697 -14.1812 
v 1.72486 2.43343 -14.3056 
v 1.74954 2.00153 -12.1063 
v 1.74954 2.12689 -12.1456 
v 1.90615 2.00153 -12.1063 
v 1.72544 2.18773 -12.1955 
v 1.74954 2.18773 -12.1955 
v 1.90615 2.12689 -12.1456 
v 1.93024 2.00153 -12.1063 
v 1.93024 2.12689 -12.1456 
v 1.90615 2.18773 -12.1955 
v 1.93024 2.18773 -12.1955 
v 2.0748 2.12697 -12.1454 
v 1.93024 2.12689 -12.1456 
v 1.93024 2.00153 -12.1063 
v 2.0748 2.18773 -12.1955 
v 2.0748 2.12697 -12.1454 
v 1.75921 3.05594 -14.4492 
v 0.94477 3.05594 -14.4492 
v 0.881286 3.60899 -14.568 
v 0.852096 3.79649 -14.6011 
v 0.244438 3.75009 -14.3736 
v 0.238848 3.51068 -14.2184 
v 0.0561221 3.55697 -14.1812 
v 2.46514 3.51068 -14.2184 
v 2.45955 3.75009 -14.3736 
v 2.64786 3.55697 -14.1812 
v 1.53269 2.19495 -12.1891 
v 1.92843 2.43343 -14.2811 
v 0.955395 2.43344 -14.3021 
v 1.74859 2.43344 -14.3021 
v 1.14753 2.43346 -14.3109 
v 1.17144 2.43344 -14.3122 
v 1.55645 2.43346 -14.3109 
v 1.1713 2.5244 -14.3167 
v 1.53269 2.5244 -14.3167 
v 1.33995 2.43345 -14.3122 
v 1.36404 2.43345 -14.3122 
v 1.15754 3.06497 -14.4678 
v 1.14182 3.44897 -14.5599 
v 1.56217 3.44897 -14.5599 
v 2.29533 3.7915 -14.4918 
v 1.57083 3.63671 -14.6024 
v 0.486028 3.99101 -14.5516 
v 2.21796 3.99101 -14.5516 
v 1.8994 4.1037 -14.6507 
v 0.50626 3.89267 -14.5514 
v 2.19772 3.89267 -14.5514 
v 1.10917 4.04154 -14.6806 
v 1.59481 4.04154 -14.6806 
v 0.379159 4.11541 -14.6528 
v 0.485752 3.98524 -14.5593 
v 0.208557 4.00948 -14.5637 
v 0.650055 4.06176 -14.6188 
v 2.21823 3.98524 -14.5593 
v 2.05393 4.06176 -14.6188 
v 2.32482 4.11541 -14.6528 
v 2.49543 4.00948 -14.5637 
v 1.08787 4.28731 -14.8211 
v 1.10342 4.13841 -14.6998 
v 0.963973 4.27608 -14.8133 
v 1.3038 4.14404 -14.7114 
v 1.10592 4.10904 -14.6861 
v 1.3038 4.11431 -14.6972 
v 0.996893 4.13137 -14.691 
v 1.60056 4.13841 -14.6998 
v 1.70709 4.13137 -14.691 
v 1.59806 4.10904 -14.6861 
v 1.40018 4.11431 -14.6972 
v 1.61611 4.28731 -14.8211 
v 1.74001 4.27608 -14.8133 
v 1.40018 4.14404 -14.7114 
v 1.30854 3.8284 -14.6473 
v 1.31688 3.45198 -14.5651 
v 1.38711 3.45198 -14.5651 
v 1.39545 3.8284 -14.6473 
v 0.208557 4.00948 -14.5637 
v 0.351095 3.90837 -14.494 
v 0.0673883 3.81087 -14.3676 
v 0.485752 3.98524 -14.5593 
v 2.35289 3.90837 -14.494 
v 2.21823 3.98524 -14.5593 
v 2.49543 4.00948 -14.5637 
v 2.6366 3.81087 -14.3676 
v 1.3686 2.69427 -14.3686 
v 1.33995 2.5245 -14.3168 
v 1.29784 4.29377 -14.8326 
v 1.3038 4.14404 -14.7114 
v 1.08787 4.28731 -14.8211 
v 1.40615 4.29377 -14.8326 
v 1.40018 4.14404 -14.7114 
v 1.3038 4.14404 -14.7114 
v 1.40615 4.29377 -14.8326 
v 1.61611 4.28731 -14.8211 
v 0.351423 3.91415 -14.4863 
v 2.35256 3.91415 -14.4863 
v 1.59744 4.11086 -14.6767 
v 1.3999 4.11634 -14.6878 
v 1.10655 4.11086 -14.6767 
v 1.30408 4.11634 -14.6878 
v 1.69858 4.03583 -14.6664 
v 0.246433 3.75509 -14.3656 
v 2.45755 3.7551 -14.3656 
v 1.03153 3.82042 -14.6281 
v 1.67246 3.82042 -14.6281 
v 0.963973 4.27608 -14.8133 
v 0.996893 4.13137 -14.691 
v 0.750271 4.23783 -14.7782 
v 1.10342 4.13841 -14.6998 
v 1.70709 4.13137 -14.691 
v 1.60056 4.13841 -14.6998 
v 1.74001 4.27608 -14.8133 
v 1.95371 4.23783 -14.7782 
v 0.537374 3.4554 -14.4634 
v 2.16661 3.4554 -14.4634 
v 0.230396 3.10539 -12.7041 
v 0.0374738 3.03735 -12.6522 
v 0.0410107 3.10759 -12.7032 
v 2.47359 3.10539 -12.7041 
v 2.66297 3.10759 -12.7032 
v 2.66651 3.03735 -12.6522 
v 1.05306 3.63234 -14.5921 
v 1.65093 3.63234 -14.5921 
v 0.750271 4.23783 -14.7782 
v 0.80432 4.09738 -14.658 
v 0.57004 4.19381 -14.7325 
v 0.996893 4.13137 -14.691 
v 1.89966 4.09738 -14.658 
v 1.70709 4.13137 -14.691 
v 1.95371 4.23783 -14.7782 
v 2.13394 4.19381 -14.7325 
v 0.57004 4.19381 -14.7325 
v 0.650055 4.06176 -14.6188 
v 0.379159 4.11541 -14.6528 
v 0.80432 4.09738 -14.658 
v 2.05393 4.06176 -14.6188 
v 1.89966 4.09738 -14.658 
v 2.13394 4.19381 -14.7325 
v 2.32482 4.11541 -14.6528 
v 1.9241 3.58398 -14.5417 
v 2.10918 3.27348 -14.438 
v 0.818222 3.39842 -14.5071 
v 0.290254 3.29023 -14.2629 
v 0.32199 3.52369 -14.3822 
v 0.299525 3.2911 -14.2604 
v 2.41373 3.29023 -14.2629 
v 2.40446 3.2911 -14.2604 
v 2.38199 3.52369 -14.3822 
v 0.328833 3.5251 -14.3756 
v 2.37515 3.5251 -14.3756 
v 1.78818 2.8608 -14.3956 
v 0.662544 4.03623 -14.5958 
v 2.04144 4.03623 -14.5958 
v 1.89274 4.07073 -14.6342 
v 1.00145 4.10434 -14.6668 
v 1.70254 4.10434 -14.6668 
v 0.756264 2.63711 -14.3172 
v 1.94772 2.63711 -14.3172 
v 0.285368 3.18302 -14.0523 
v 0.372134 3.88545 -14.4788 
v 2.33185 3.88545 -14.4788 
v 0.268714 3.49232 -14.2176 
v 0.274776 3.72458 -14.3645 
v 2.43527 3.49232 -14.2176 
v 0.269746 2.93595 -12.8588 
v 0.279287 2.93666 -12.8581 
v 0.27283 2.86907 -12.8104 
v 0.282323 2.86976 -12.8097 
v 0.276694 2.79042 -12.7853 
v 0.286139 2.7911 -12.7847 
v 0.307814 2.35535 -12.7198 
v 2.41785 2.7911 -12.7847 
v 2.42729 2.79042 -12.7853 
v 2.39617 2.35535 -12.7198 
v 2.42166 2.86976 -12.8097 
v 2.43115 2.86907 -12.8104 
v 2.4247 2.93666 -12.8581 
v 2.43424 2.93595 -12.8588 
v 0.954448 2.18773 -12.1955 
v 0.797839 2.12689 -12.1456 
v 0.797839 2.00153 -12.1063 
v 0.773746 2.00153 -12.1063 
v 1.36404 2.12686 -12.1456 
v 1.53269 2.00153 -12.1063 
v 1.36404 2.18772 -12.1955 
v 1.53269 2.12687 -12.1456 
v 1.55679 2.00153 -12.1063 
v 1.55679 2.12688 -12.1456 
v 1.72544 2.00153 -12.1063 
v 1.55679 2.18772 -12.1955 
v 1.72544 2.12689 -12.1456 
v 0.979055 2.35979 -14.2557 
v 1.72493 2.35979 -14.2557 
v 0.298861 2.35178 -12.7198 
v 0.276694 2.79042 -12.7853 
v 0.307814 2.35535 -12.7198 
v 2.42729 2.79042 -12.7853 
v 2.40512 2.35178 -12.7198 
v 2.39617 2.35535 -12.7198 
v 1.90506 2.35976 -14.2376 
v 0.235909 3.03673 -12.6524 
v 0.0374738 3.03735 -12.6522 
v 0.230396 3.10539 -12.7041 
v 0.0330888 2.95621 -12.6213 
v 0.243041 2.95669 -12.6214 
v 0.298861 2.35416 -12.4548 
v 0.00275016 2.35416 -12.4548 
v 2.66651 3.03735 -12.6522 
v 2.46808 3.03673 -12.6524 
v 2.47359 3.10539 -12.7041 
v 2.6709 2.95621 -12.6213 
v 2.46094 2.95669 -12.6214 
v 2.40512 2.35416 -12.4548 
v 2.70123 2.35416 -12.4548 
v 0.484622 2.14279 -12.1451 
v 0.629184 2.12697 -12.1454 
v 0.629184 2.0102 -12.1063 
v 0.629184 2.12697 -12.1454 
v 0.484622 2.20645 -12.1963 
v 2.21936 2.14279 -12.1451 
v 2.0748 2.12697 -12.1454 
v 2.21936 2.20645 -12.1963 
v 2.0748 2.12697 -12.1454 
v 2.0748 2.0102 -12.1063 
v 2.55667 2.38419e-07 -12.2379 
v 0.147312 0 -12.2379 
v 0.411394 2.26211 -12.4548 
v 0.298861 2.35416 -12.4548 
v 0.484622 2.25328 -12.4548 
v 0.378784 2.24768 -12.4548 
v 0.355047 2.22106 -12.4548 
v 0.344417 2.18703 -12.4548 
v 0.00275016 2.35416 -12.4548 
v 0.147312 0 -12.2379 
v 0.00275016 2.35416 -12.4548 
v 0.00275064 0 -12.2379 
v 2.40512 2.35416 -12.4548 
v 2.29259 2.26211 -12.4548 
v 2.21936 2.25328 -12.4548 
v 2.3252 2.24768 -12.4548 
v 2.34894 2.22106 -12.4548 
v 2.35957 2.18703 -12.4548 
v 2.70123 2.35416 -12.4548 
v 2.70123 2.38419e-07 -12.2379 
v 2.55667 2.38419e-07 -12.2379 
v 2.70123 2.35416 -12.4548 
v 0.411161 2.15363 -12.1452 
v 0.484622 2.14279 -12.1451 
v 0.411248 2.04041 -12.1063 
v 0.484622 2.20645 -12.1963 
v 0.484622 2.03154 -12.1063 
v 0.629184 2.0102 -12.1063 
v 2.29282 2.15363 -12.1452 
v 2.21936 2.14279 -12.1451 
v 2.21936 2.20645 -12.1963 
v 2.29274 2.04041 -12.1063 
v 2.21936 2.03154 -12.1063 
v 2.0748 2.0102 -12.1063 
v 1.74954 2.23381 -12.4789 
v 1.72544 2.23381 -12.4789 
v 1.72544 2.24345 -12.4789 
v 1.74954 2.24345 -12.4789 
v 1.36404 2.24345 -12.4789 
v 1.36404 2.23381 -12.4789 
v 1.33995 2.23381 -12.4789 
v 1.33995 2.24345 -12.4789 
v 1.1472 2.23381 -12.4789 
v 1.1472 2.24345 -12.4789 
v 1.17129 2.24345 -12.4789 
v 1.17129 2.23381 -12.4789 
v 0.954448 2.23381 -12.4789 
v 0.954448 2.24345 -12.4789 
v 0.978541 2.24345 -12.4789 
v 0.978541 2.23381 -12.4789 
v 1.93024 2.23381 -12.4789 
v 1.90615 2.23381 -12.4789 
v 1.90615 2.24345 -12.4789 
v 1.93024 2.24345 -12.4789 
v 0.773746 2.23381 -12.4789 
v 0.773746 2.24345 -12.4789 
v 0.797839 2.24345 -12.4789 
v 0.797839 2.23381 -12.4789 
v 1.55679 2.23381 -12.4789 
v 1.53269 2.23381 -12.4789 
v 1.53269 2.24345 -12.4789 
v 1.55679 2.24345 -12.4789 
v 0.484622 2.14279 -12.1451 
v 0.484622 2.03154 -12.1063 
v 0.411248 2.04041 -12.1063 
v 2.21936 2.03154 -12.1063 
v 2.21936 2.14279 -12.1451 
v 2.29274 2.04041 -12.1063 
v 0.378601 2.13992 -12.1453 
v 0.411161 2.15363 -12.1452 
v 0.378447 2.02604 -12.1063 
v 0.411334 2.21569 -12.1959 
v 0.378717 2.20141 -12.1957 
v 2.32538 2.13992 -12.1453 
v 2.29282 2.15363 -12.1452 
v 2.29265 2.21569 -12.1959 
v 2.32554 2.02604 -12.1063 
v 2.32527 2.20141 -12.1957 
v 0.629184 2.0102 -12.1063 
v 0.629184 2.12697 -12.1454 
v 0.773746 2.00153 -12.1063 
v 2.0748 2.12697 -12.1454 
v 2.0748 2.0102 -12.1063 
v 1.93024 2.00153 -12.1063 
v 0.411161 2.15363 -12.1452 
v 0.411248 2.04041 -12.1063 
v 0.378447 2.02604 -12.1063 
v 2.29274 2.04041 -12.1063 
v 2.29282 2.15363 -12.1452 
v 2.32554 2.02604 -12.1063 
v 0.378601 2.13992 -12.1453 
v 0.378447 2.02604 -12.1063 
v 0.354449 1.99946 -12.1063 
v 2.32554 2.02604 -12.1063 
v 2.32538 2.13992 -12.1453 
v 2.34953 1.99946 -12.1063 
v 2.49547 4.01472 -14.5556 
v 2.49543 4.00948 -14.5637 
v 2.6366 3.81087 -14.3676 
v 0.0673883 3.81087 -14.3676 
v 2.6624 3.04257 -12.6451 
v 2.66651 3.03735 -12.6522 
v 2.66297 3.10759 -12.7032 
v 2.66653 2.96135 -12.6144 
v 2.6709 2.95621 -12.6213 
v 2.70123 2.35416 -12.4548 
v 2.66651 3.03735 -12.6522 
v 2.63498 3.81504 -14.359 
v 2.6366 3.81087 -14.3676 
v 2.49547 4.01472 -14.5556 
v 2.64786 3.55697 -14.1812 
v 2.65674 3.16758 -12.7637 
v 2.66053 3.16205 -12.7709 
v 2.65936 3.1969 -12.8506 
v 2.65906 3.11295 -12.6961 
v 2.6624 3.04257 -12.6451 
v 2.66297 3.10759 -12.7032 
v 2.66053 3.16205 -12.7709 
v 0.342422 2.00132 -12.0976 
v 0.34274 2.11894 -12.137 
v 0.331455 1.96678 -12.0977 
v 2.36124 2.11894 -12.137 
v 2.36156 2.00132 -12.0976 
v 2.37253 1.96678 -12.0977 
v 2.37202 2.08495 -12.137 
v 2.36124 2.11894 -12.137 
v 2.37253 1.96678 -12.0977 
v 2.65936 3.1969 -12.8506 
v 2.65756 3.36944 -13.7809 
v 2.6556 3.20267 -12.8432 
v 2.65674 3.16758 -12.7637 
v 0.0483834 3.20267 -12.8432 
v 2.65401 3.37797 -13.7809 
v 2.65756 3.36944 -13.7809 
v 2.65641 3.40381 -13.9185 
v 2.6556 3.20267 -12.8432 
v 2.65295 3.41252 -13.9184 
v 2.65641 3.40381 -13.9185 
v 2.65301 3.46779 -14.0451 
v 2.65401 3.37797 -13.7809 
v 0.0509758 3.46779 -14.0451 
v 0.502704 3.89286 -14.5604 
v 0.368221 3.883 -14.4873 
v 2.65301 3.46779 -14.0451 
v 2.64786 3.55697 -14.1812 
v 2.64966 3.47704 -14.0446 
v 2.65295 3.41252 -13.9184 
v 2.70123 2.35692 -12.4427 
v 2.70123 2.38419e-07 -12.2259 
v 2.70123 2.38419e-07 -12.2379 
v 2.70123 2.35416 -12.4548 
v 0.366689 2.20935 -12.1895 
v 2.66653 2.96135 -12.6144 
v 2.70123 2.35692 -12.4427 
v 2.70123 2.35416 -12.4548 
v 2.64489 3.56317 -14.1744 
v 2.64786 3.55697 -14.1812 
v 2.63498 3.81504 -14.359 
v 2.64966 3.47704 -14.0446 
v 2.56834 2.38419e-07 -12.0749 
v 2.37202 2.08495 -12.137 
v 2.37253 1.96678 -12.0977 
v 0.36641 2.02847 -12.0976 
v 2.33757 2.02847 -12.0976 
v 0.342904 2.18246 -12.1894 
v 2.36124 2.11894 -12.137 
v 2.37202 2.08495 -12.137 
v 2.36108 2.18246 -12.1894 
v 2.37202 2.08495 -12.137 
v 2.37177 2.14819 -12.1894 
v 2.36108 2.18246 -12.1894 
v 0.403306 3.79022 -14.4997 
v 0.268734 3.72157 -14.3714 
v 2.3373 2.20935 -12.1895 
v 0.32199 3.52369 -14.3822 
v 2.38199 3.52369 -14.3822 
v 2.43525 3.72157 -14.3714 
v 2.44351 3.48898 -14.2213 
v 0.290254 3.29023 -14.2629 
v 0.275856 3.18178 -14.0525 
v 2.42813 3.18178 -14.0525 
v 2.41373 3.29023 -14.2629 
v 2.44351 3.48898 -14.2213 
v 2.38199 3.52369 -14.3822 
v 2.37202 2.08495 -12.137 
v 2.56834 2.38419e-07 -12.0749 
v 2.37177 2.14819 -12.1894 
v 0.298861 2.35416 -12.4548 
v 0.298861 2.35178 -12.7198 
v 2.44494 2.94141 -12.6362 
v 2.40512 2.35392 -12.4789 
v 2.40512 2.35178 -12.7198 
v 2.40512 2.35416 -12.4548 
v 2.46094 2.95669 -12.6214 
v 2.42813 3.18178 -14.0525 
v 2.45191 3.38024 -14.0468 
v 2.45632 3.32036 -13.9188 
v 2.44351 3.48898 -14.2213 
v 0.269293 3.12855 -13.9203 
v 2.43469 3.12855 -13.9203 
v 2.45632 3.32036 -13.9188 
v 2.4578 3.29256 -13.7801 
v 2.42813 3.18178 -14.0525 
v 0.437844 3.26296 -14.3828 
v 0.46642 3.63312 -14.4886 
v 0.630854 2.43243 -14.2537 
v 2.06516 2.42931 -14.2588 
v 2.07313 2.43243 -14.2537 
v 2.43691 3.1006 -13.7805 
v 2.4578 3.29256 -13.7801 
v 2.45769 3.17306 -12.8677 
v 2.43469 3.12855 -13.9203 
v 0.267076 3.00939 -13.0044 
v 2.43691 3.00939 -13.0044 
v 2.45769 3.17306 -12.8677 
v 2.45679 3.1419 -12.7875 
v 2.43691 3.1006 -13.7805 
v 2.43115 2.86907 -12.8104 
v 2.45016 3.02147 -12.6672 
v 2.44494 2.94141 -12.6362 
v 2.43424 2.93595 -12.8588 
v 2.43424 2.93595 -12.8588 
v 2.45422 3.09005 -12.7189 
v 2.45016 3.02147 -12.6672 
v 2.43622 2.98435 -12.9257 
v 2.43622 2.98435 -12.9257 
v 2.45679 3.1419 -12.7875 
v 2.45422 3.09005 -12.7189 
v 2.43691 3.00939 -13.0044 
v 2.37177 2.14819 -12.1894 
v 2.56834 2.38419e-07 -12.1011 
v 2.37159 2.19641 -12.2996 
v 2.42729 2.79042 -12.7853 
v 2.43115 2.86907 -12.8104 
v 2.44494 2.94141 -12.6362 
v 2.40512 2.35178 -12.7198 
v 2.69943 4.76837e-07 -14.2885 
v 2.35627 2.29279 -13.9381 
v 2.36546 2.29758 -13.901 
v 2.70403 4.76837e-07 -14.27 
v 2.69943 4.76837e-07 -14.2885 
v 2.36546 2.29758 -13.901 
v 0.135641 0 -12.2259 
v 0.343019 2.23005 -12.4429 
v 0.366756 2.2572 -12.4429 
v 0.338528 2.29758 -13.901 
v 2.56834 2.38419e-07 -12.2259 
v 2.36096 2.23005 -12.4429 
v 2.33723 2.25721 -12.4429 
v 2.21775 2.26279 -12.4429 
v 0.343019 2.23078 -12.2996 
v 2.36097 2.23078 -12.2996 
v 2.36108 2.18246 -12.1894 
v 2.37159 2.19641 -12.2996 
v 2.36108 2.18246 -12.1894 
v 2.37177 2.14819 -12.1894 
v 2.37159 2.19641 -12.2996 
v 2.37159 2.19559 -12.4429 
v 2.37159 2.19641 -12.2996 
v 2.56834 2.38419e-07 -12.1562 
v 2.69943 4.76837e-07 -14.2885 
v 2.68842 4.76837e-07 -14.304 
v 2.35627 2.29279 -13.9381 
v 0.0155684 0 -14.304 
v 2.56834 2.38419e-07 -12.0512 
v 2.56834 2.38419e-07 -12.0749 
v 2.37253 1.96678 -12.0977 
v 2.56834 2.38419e-07 -12.1011 
v 2.37177 2.14819 -12.1894 
v 2.56834 2.38419e-07 -12.1562 
v 2.37159 2.19641 -12.2996 
v 2.56834 2.38419e-07 -12.2259 
v 2.37159 2.19559 -12.4429 
v 2.68842 4.76837e-07 -14.304 
v 2.33424 2.28619 -13.9691 
v 2.35627 2.29279 -13.9381 
v 0.369744 2.28618 -13.9691 
v 2.36023 2.29203 -13.8913 
v 2.36546 2.29758 -13.901 
v 2.37588 2.31512 -13.7155 
v 2.55787 4.76837e-07 -14.4464 
v 0.146117 0 -14.4464 
v 0.247319 2.96191 -12.6145 
v 0.239966 3.04201 -12.6453 
v 2.46402 3.04201 -12.6453 
v 2.45666 2.96191 -12.6145 
v 0.670025 3.00212 -14.4036 
v 0.591433 3.27176 -14.4467 
v 1.93024 2.42931 -14.2896 
v 1.07098 3.44355 -14.5607 
v 1.10718 3.06101 -14.4721 
v 2.70142 4.76837e-07 -14.2581 
v 2.70403 4.76837e-07 -14.27 
v 2.36546 2.29758 -13.901 
v 2.36097 2.23078 -12.2996 
v 2.37159 2.19641 -12.2996 
v 2.36096 2.23005 -12.4429 
v 2.33723 2.25781 -12.2996 
v 2.3373 2.20935 -12.1895 
v 2.37159 2.19641 -12.2996 
v 2.37159 2.19559 -12.4429 
v 2.36096 2.23005 -12.4429 
v 2.67251 4.76837e-07 -14.3143 
v 0.638821 2.30105 -14.1532 
v 2.06516 2.30105 -14.1532 
v 2.3373 2.20935 -12.1895 
v 2.36108 2.18246 -12.1894 
v 2.36097 2.23078 -12.2996 
v 2.30242 2.27871 -13.9896 
v 0.401562 2.27871 -13.9896 
v 1.31238 3.63831 -14.618 
v 2.45955 3.75009 -14.3736 
v 2.36023 2.29203 -13.8913 
v 2.70142 4.76837e-07 -14.2581 
v 2.36546 2.29758 -13.901 
v 0.230704 3.16309 -12.7653 
v 0.23429 3.11079 -12.6969 
v 2.47328 3.16309 -12.7653 
v 2.46969 3.11079 -12.6969 
v 2.55805 4.76837e-07 -14.4217 
v 2.55787 4.76837e-07 -14.4464 
v 2.07313 2.43243 -14.2537 
v 2.55819 4.76837e-07 -14.3979 
v 2.07377 2.30834 -14.1568 
v 2.55829 4.76837e-07 -14.3672 
v 2.07398 2.27603 -14.0955 
v 2.55841 4.76837e-07 -14.3179 
v 2.07421 2.24333 -13.9968 
v 0.145577 0 -14.3179 
v 2.45191 3.38024 -14.0468 
v 2.44351 3.48898 -14.2213 
v 2.46514 3.51068 -14.2184 
v 0.147688 0 -12.0596 
v 2.5563 2.38419e-07 -12.0596 
v 2.55829 4.76837e-07 -14.3672 
v 2.07398 2.27603 -14.0955 
v 2.07421 2.24333 -13.9968 
v 2.35289 3.90837 -14.494 
v 2.55819 4.76837e-07 -14.3979 
v 2.07377 2.30834 -14.1568 
v 2.07398 2.27603 -14.0955 
v 0.638821 2.23381 -13.9871 
v 2.06516 2.23381 -13.9871 
v 1.90615 2.23381 -12.7198 
v 1.90615 2.23146 -12.9467 
v 1.90615 2.24345 -12.7198 
v 1.90615 2.23381 -12.4789 
v 1.90615 2.23102 -13.7177 
v 1.90615 2.23381 -14.0198 
v 1.90592 2.24052 -13.7177 
v 1.90602 2.23927 -13.525 
v 1.90615 2.22971 -13.525 
v 1.90609 2.23895 -13.3322 
v 1.90615 2.22935 -13.3322 
v 1.90613 2.23956 -13.1395 
v 1.90615 2.22993 -13.1395 
v 1.90615 2.2411 -12.9468 
v 1.90615 2.23146 -12.9467 
v 1.90615 2.24345 -12.7198 
v 1.90615 2.24345 -12.4789 
v 1.90615 2.23381 -12.4789 
v 1.90615 2.23381 -14.0198 
v 1.90575 2.24319 -14.0176 
v 1.90592 2.24052 -13.7177 
v 0.49426 2.25328 -13.9871 
v 2.55805 4.76837e-07 -14.4217 
v 2.0735 2.35879 -14.2044 
v 2.07377 2.30834 -14.1568 
v 2.0748 2.51701 -14.2657 
v 2.07285 2.51851 -14.2564 
v 2.07313 2.43243 -14.2537 
v 2.0748 2.51701 -14.2657 
v 2.08242 2.57704 -14.2817 
v 2.08044 2.5789 -14.2725 
v 2.11401 2.7615 -14.324 
v 2.11401 2.7615 -14.324 
v 2.11167 2.76342 -14.3149 
v 2.16178 2.94514 -14.3522 
v 2.33723 2.25781 -12.2996 
v 2.36097 2.23078 -12.2996 
v 2.33723 2.25721 -12.4429 
v 2.36097 2.23078 -12.2996 
v 2.36096 2.23005 -12.4429 
v 2.33723 2.25721 -12.4429 
v 1.90519 2.52056 -14.2911 
v 1.90615 2.51904 -14.3006 
v 1.9201 2.65659 -14.3372 
v 1.90615 2.42931 -14.2962 
v 2.0735 2.35879 -14.2044 
v 2.55805 4.76837e-07 -14.4217 
v 2.07313 2.43243 -14.2537 
v 1.9201 2.65659 -14.3372 
v 1.94416 2.84197 -14.3829 
v 1.91909 2.65838 -14.3278 
v 1.90519 2.52056 -14.2911 
v 1.94416 2.84197 -14.3829 
v 1.943 2.84378 -14.3735 
v 1.91909 2.65838 -14.3278 
v 2.21936 2.25328 -12.4548 
v 2.21936 2.25328 -12.3006 
v 1.90487 2.43338 -14.2875 
v 1.90615 2.42931 -14.2962 
v 1.90519 2.52056 -14.2911 
v 0.629777 2.24327 -13.9968 
v 1.94416 2.84197 -14.3829 
v 1.97871 3.02729 -14.4215 
v 1.943 2.84378 -14.3735 
v 0.231148 3.39958 -14.0457 
v 2.47284 3.39958 -14.0457 
v 0.629184 2.23381 -12.4548 
v 0.378784 2.24768 -12.4548 
v 0.355047 2.22106 -12.4548 
v 0.378784 2.24768 -12.3006 
v 0.355047 2.22106 -12.3006 
v 0.378717 2.20141 -12.1957 
v 0.354931 2.17492 -12.1955 
v 0.344417 2.18703 -12.4548 
v 0.355047 2.22106 -12.3006 
v 0.344417 2.18703 -12.3006 
v 0.354931 2.17492 -12.1955 
v 0.344234 2.14096 -12.1955 
v 0.343993 2.08021 -12.1453 
v 0.354758 2.11386 -12.1453 
v 0.343993 2.08021 -12.1453 
v 0.343492 1.96537 -12.1063 
v 0.354449 1.99946 -12.1063 
v 1.72544 2.23381 -12.7198 
v 1.72544 2.23146 -12.9467 
v 1.72544 2.24345 -12.7198 
v 1.72544 2.23381 -12.4789 
v 1.72544 2.23093 -13.7177 
v 1.72544 2.23381 -14.0379 
v 1.72534 2.24044 -13.7177 
v 1.72538 2.23922 -13.525 
v 1.72544 2.22966 -13.525 
v 1.72542 2.23893 -13.3322 
v 1.72544 2.22932 -13.3322 
v 1.72544 2.23956 -13.1395 
v 1.72544 2.22992 -13.1395 
v 1.72544 2.2411 -12.9468 
v 1.72544 2.23146 -12.9467 
v 1.72544 2.24345 -12.7198 
v 1.72544 2.24345 -12.4789 
v 1.72544 2.23381 -12.4789 
v 2.16178 2.94514 -14.3522 
v 2.15878 2.94721 -14.3435 
v 2.11167 2.76342 -14.3149 
v 2.19975 3.08364 -14.3597 
v 1.72544 2.23381 -14.0379 
v 1.72525 2.2432 -14.0357 
v 1.72534 2.24044 -13.7177 
v 2.04454 3.34449 -14.472 
v 2.04666 3.34359 -14.4813 
v 2.09092 3.52822 -14.5131 
v 1.97871 3.02729 -14.4215 
v 1.97731 3.02914 -14.4122 
v 1.943 2.84378 -14.3735 
v 2.04454 3.34449 -14.472 
v 1.72544 2.42931 -14.3143 
v 1.72544 2.52162 -14.3191 
v 1.72509 2.52321 -14.3096 
v 1.73186 2.68163 -14.3647 
v 1.72486 2.43343 -14.3056 
v 1.72544 2.42931 -14.3143 
v 1.72509 2.52321 -14.3096 
v 1.73186 2.68163 -14.3647 
v 1.7314 2.68352 -14.3553 
v 1.72509 2.52321 -14.3096 
v 1.7426 2.86735 -14.4146 
v 1.74201 2.86924 -14.4051 
v 1.75996 3.05404 -14.4586 
v 1.75921 3.05594 -14.4492 
v 1.79929 3.4217 -14.5295 
v 1.80043 3.42035 -14.539 
v 1.79929 3.4217 -14.5295 
v 1.824 3.60762 -14.5774 
v 1.8227 3.60899 -14.568 
v 1.824 3.60762 -14.5774 
v 1.85336 3.79511 -14.6105 
v 1.85189 3.79649 -14.6011 
v 2.16178 2.94514 -14.3522 
v 2.20355 3.08202 -14.3681 
v 2.19975 3.08364 -14.3597 
v 2.26614 3.26296 -14.3828 
v 2.08849 3.52918 -14.5039 
v 2.09092 3.52822 -14.5131 
v 2.14407 3.71149 -14.5384 
v 2.04454 3.34449 -14.472 
v 1.53269 2.23089 -13.7177 
v 1.53269 2.23381 -14.0445 
v 1.53266 2.24041 -13.7177 
v 1.53268 2.23921 -13.525 
v 1.53269 2.22964 -13.525 
v 1.53269 2.23892 -13.3322 
v 1.53269 2.22931 -13.3322 
v 1.53269 2.23955 -13.1395 
v 1.53269 2.22992 -13.1395 
v 1.53269 2.2411 -12.9468 
v 1.53269 2.23146 -12.9467 
v 1.53269 2.24345 -12.7198 
v 1.53269 2.24345 -12.4789 
v 1.53269 2.23381 -12.4789 
v 1.53269 2.23381 -12.7198 
v 1.53269 2.23146 -12.9467 
v 1.53269 2.24345 -12.7198 
v 1.53269 2.23381 -12.4789 
v 1.53269 2.42931 -14.3209 
v 1.53269 2.52274 -14.3262 
v 1.53269 2.5244 -14.3167 
v 1.53564 2.69115 -14.3768 
v 1.53269 2.23381 -14.0445 
v 1.53264 2.2432 -14.0424 
v 1.53266 2.24041 -13.7177 
v 1.53559 2.69313 -14.3674 
v 1.53269 2.5244 -14.3167 
v 1.53564 2.69115 -14.3768 
v 1.54 2.87638 -14.4297 
v 1.54 2.87638 -14.4297 
v 1.5399 2.87837 -14.4203 
v 1.53559 2.69313 -14.3674 
v 1.53255 2.43344 -14.3122 
v 1.53269 2.42931 -14.3209 
v 1.53269 2.5244 -14.3167 
v 2.14129 3.71255 -14.5295 
v 2.08849 3.52918 -14.5039 
v 2.14407 3.71149 -14.5384 
v 1.54 2.87638 -14.4297 
v 1.54662 3.06299 -14.4772 
v 1.5399 2.87837 -14.4203 
v 1.54662 3.06299 -14.4772 
v 1.54644 3.06497 -14.4678 
v 1.5399 2.87837 -14.4203 
v 1.56217 3.44897 -14.5599 
v 0.403306 3.79022 -14.4997 
v 0.408658 3.7915 -14.4918 
v 0.46642 3.63312 -14.4886 
v 2.29533 3.7915 -14.4918 
v 1.54662 3.06299 -14.4772 
v 1.56254 3.44774 -14.5694 
v 1.56217 3.44897 -14.5599 
v 1.57129 3.63548 -14.6119 
v 1.85336 3.79511 -14.6105 
v 1.88909 4.00295 -14.6442 
v 1.85189 3.79649 -14.6011 
v 2.14407 3.71149 -14.5384 
v 2.20128 3.89286 -14.5604 
v 2.14129 3.71255 -14.5295 
v 1.57083 3.63671 -14.6024 
v 1.56217 3.44897 -14.5599 
v 1.57129 3.63548 -14.6119 
v 1.58204 3.82415 -14.6496 
v 1.88909 4.00295 -14.6442 
v 1.88729 4.00349 -14.6347 
v 1.85189 3.79649 -14.6011 
v 2.26144 3.26488 -14.375 
v 2.19975 3.08364 -14.3597 
v 2.26614 3.26296 -14.3828 
v 1.58149 3.82537 -14.6402 
v 1.57083 3.63671 -14.6024 
v 1.58204 3.82415 -14.6496 
v 1.59553 4.04138 -14.6902 
v 2.20128 3.89286 -14.5604 
v 2.19772 3.89267 -14.5514 
v 2.14129 3.71255 -14.5295 
v 1.59553 4.04138 -14.6902 
v 1.59481 4.04154 -14.6806 
v 1.58149 3.82537 -14.6402 
v 0.408658 3.7915 -14.4918 
v 0.470847 3.63517 -14.4804 
v 0.46642 3.63312 -14.4886 
v 0.533518 3.45355 -14.4718 
v 1.33995 2.23089 -13.7177 
v 1.33995 2.23381 -14.0445 
v 1.34094 2.24315 -14.0424 
v 2.26144 3.26488 -14.375 
v 2.26614 3.26296 -14.3828 
v 2.34202 3.43936 -14.3845 
v 1.34048 2.24039 -13.7177 
v 1.33995 2.23089 -13.7177 
v 1.34094 2.24315 -14.0424 
v 1.33995 2.22964 -13.525 
v 1.34025 2.23919 -13.525 
v 1.33995 2.22931 -13.3322 
v 1.34008 2.23891 -13.3322 
v 1.33995 2.22992 -13.1395 
v 1.3038 4.04526 -14.6987 
v 1.30404 4.04565 -14.6891 
v 1.30833 3.82704 -14.6568 
v 1.30404 4.04565 -14.6891 
v 1.30854 3.8284 -14.6473 
v 1.30833 3.82704 -14.6568 
v 1.31238 3.63831 -14.618 
v 1.31258 3.63968 -14.6086 
v 1.31238 3.63831 -14.618 
v 1.30854 3.8284 -14.6473 
v 1.31669 3.45061 -14.5746 
v 1.31688 3.45198 -14.5651 
v 1.31669 3.45061 -14.5746 
v 1.31258 3.63968 -14.6086 
v 1.326 3.06576 -14.4706 
v 1.32588 3.06374 -14.48 
v 1.31669 3.45061 -14.5746 
v 1.326 3.06576 -14.4706 
v 1.33046 2.87729 -14.4316 
v 1.326 3.06576 -14.4706 
v 1.33055 2.8793 -14.4222 
v 1.33046 2.87729 -14.4316 
v 1.33533 2.69226 -14.378 
v 1.33055 2.8793 -14.4222 
v 1.33538 2.69427 -14.3686 
v 1.33533 2.69226 -14.378 
v 1.33995 2.5228 -14.3263 
v 1.34008 2.23891 -13.3322 
v 1.33998 2.23955 -13.1395 
v 1.33995 2.22992 -13.1395 
v 1.33995 2.23146 -12.9467 
v 1.33998 2.23955 -13.1395 
v 1.33995 2.2411 -12.9468 
v 1.33995 2.23146 -12.9467 
v 1.33995 2.23381 -12.7198 
v 1.33995 2.23381 -12.4789 
v 1.33995 2.24345 -12.4789 
v 1.33995 2.24345 -12.7198 
v 1.33995 2.23381 -12.7198 
v 1.33995 2.2411 -12.9468 
v 1.33995 2.24345 -12.4789 
v 1.33995 2.5245 -14.3168 
v 1.33995 2.5228 -14.3263 
v 1.33538 2.69427 -14.3686 
v 1.33995 2.43345 -14.3122 
v 1.33995 2.42931 -14.3209 
v 1.33995 2.5228 -14.3263 
v 1.33995 2.43345 -14.3122 
v 1.00401 4.03523 -14.6759 
v 1.00541 4.03583 -14.6664 
v 1.03034 3.81897 -14.6375 
v 2.45755 3.7551 -14.3656 
v 1.00541 4.03583 -14.6664 
v 1.03153 3.82042 -14.6281 
v 1.03034 3.81897 -14.6375 
v 1.05197 3.6309 -14.6016 
v 0.537374 3.4554 -14.4634 
v 0.533518 3.45355 -14.4718 
v 0.470847 3.63517 -14.4804 
v 0.591433 3.27176 -14.4467 
v 2.45769 3.17306 -12.8677 
v 2.47825 3.18906 -12.8526 
v 2.47707 3.15748 -12.7725 
v 2.45679 3.1419 -12.7875 
v 2.45769 3.17306 -12.8677 
v 2.47359 3.10539 -12.7041 
v 2.45422 3.09005 -12.7189 
v 2.46808 3.03673 -12.6524 
v 2.45679 3.1419 -12.7875 
v 2.45016 3.02147 -12.6672 
v 2.46808 3.03673 -12.6524 
v 2.46094 2.95669 -12.6214 
v 2.44494 2.94141 -12.6362 
v 2.46094 2.95669 -12.6214 
v 2.40512 2.35392 -12.4789 
v 1.05306 3.63234 -14.5921 
v 1.05197 3.6309 -14.6016 
v 1.03153 3.82042 -14.6281 
v 1.07098 3.44355 -14.5607 
v 0.680484 3.9685 -14.6081 
v 0.682716 3.96919 -14.5987 
v 0.733079 3.76758 -14.5799 
v 1.07196 3.44499 -14.5513 
v 1.07098 3.44355 -14.5607 
v 1.05306 3.63234 -14.5921 
v 1.10787 3.06299 -14.4628 
v 0.682716 3.96919 -14.5987 
v 0.734954 3.76903 -14.5706 
v 0.733079 3.76758 -14.5799 
v 0.778147 3.58255 -14.551 
v 2.33627 3.44173 -14.3775 
v 2.26144 3.26488 -14.375 
v 2.34202 3.43936 -14.3845 
v 1.10718 3.06101 -14.4721 
v 1.07098 3.44355 -14.5607 
v 1.10787 3.06299 -14.4628 
v 1.12338 2.87462 -14.4261 
v 1.12395 2.8766 -14.4167 
v 1.12338 2.87462 -14.4261 
v 1.10787 3.06299 -14.4628 
v 1.13659 2.68942 -14.3746 
v 1.13704 2.6914 -14.3652 
v 1.13659 2.68942 -14.3746 
v 1.12395 2.8766 -14.4167 
v 1.1472 2.5222 -14.3255 
v 0.779884 3.58398 -14.5417 
v 0.778147 3.58255 -14.551 
v 0.734954 3.76903 -14.5706 
v 0.816624 3.39702 -14.5165 
v 1.13704 2.6914 -14.3652 
v 1.14755 2.52387 -14.316 
v 1.1472 2.5222 -14.3255 
v 1.14753 2.43346 -14.3109 
v 1.1472 2.42931 -14.3196 
v 1.1472 2.5222 -14.3255 
v 1.14753 2.43346 -14.3109 
v 0.594801 3.27348 -14.438 
v 0.591433 3.27176 -14.4467 
v 0.537374 3.4554 -14.4634 
v 0.67258 3.00425 -14.3946 
v 2.34202 3.43936 -14.3845 
v 2.38199 3.52369 -14.3822 
v 2.33627 3.44173 -14.3775 
v 1.1472 2.2309 -13.7177 
v 1.1472 2.23381 -14.0432 
v 1.14729 2.2432 -14.0411 
v 1.14725 2.24042 -13.7177 
v 1.1472 2.2309 -13.7177 
v 1.14729 2.2432 -14.0411 
v 1.1472 2.22964 -13.525 
v 1.14723 2.23921 -13.525 
v 1.1472 2.22931 -13.3322 
v 1.14721 2.23892 -13.3322 
v 1.1472 2.22992 -13.1395 
v 1.1472 2.23955 -13.1395 
v 1.1472 2.23146 -12.9467 
v 1.1472 2.2411 -12.9468 
v 1.1472 2.23381 -12.7198 
v 1.1472 2.23381 -12.4789 
v 1.1472 2.24345 -12.4789 
v 1.1472 2.24345 -12.7198 
v 1.1472 2.23381 -12.7198 
v 1.1472 2.2411 -12.9468 
v 1.1472 2.24345 -12.4789 
v 0.255935 3.14448 -12.7842 
v 0.230704 3.16309 -12.7653 
v 0.258528 3.0925 -12.7158 
v 0.2295 3.19492 -12.8453 
v 2.44546 3.0925 -12.7158 
v 0.818222 3.39842 -14.5071 
v 0.816624 3.39702 -14.5165 
v 0.779884 3.58398 -14.5417 
v 0.884607 3.04642 -14.4362 
v 0.255039 3.17576 -12.8643 
v 0.254827 3.29656 -13.7801 
v 0.2295 3.19492 -12.8453 
v 0.255935 3.14448 -12.7842 
v 2.44916 3.29656 -13.7801 
v 2.44895 3.17576 -12.8643 
v 0.299525 3.2911 -14.2604 
v 2.40446 3.2911 -14.2604 
v 0.239966 3.04201 -12.6453 
v 0.247319 2.96191 -12.6145 
v 0.267895 2.94369 -12.6336 
v 0.305173 2.35692 -12.4427 
v 0.262624 3.02382 -12.6643 
v 0.239966 3.04201 -12.6453 
v 0.23429 3.11079 -12.6969 
v 0.258528 3.0925 -12.7158 
v 0.23429 3.11079 -12.6969 
v 0.230704 3.16309 -12.7653 
v 0.150107 0 -14.439 
v 0.146117 0 -14.4464 
v 0.638821 2.42931 -14.2588 
v 0.256273 3.32453 -13.9187 
v 2.44771 3.32453 -13.9187 
v 0.883371 3.04452 -14.4456 
v 0.816624 3.39702 -14.5165 
v 0.884607 3.04642 -14.4362 
v 0.914694 2.8589 -14.405 
v 0.328833 3.5251 -14.3756 
v 2.37515 3.5251 -14.3756 
v 0.670025 3.00212 -14.4036 
v 0.591433 3.27176 -14.4467 
v 0.67258 3.00425 -14.3946 
v 0.71774 2.81891 -14.3696 
v 0.884607 3.04642 -14.4362 
v 0.915803 2.8608 -14.3956 
v 0.914694 2.8589 -14.405 
v 0.938318 2.67365 -14.3581 
v 0.915803 2.8608 -14.3956 
v 0.939323 2.67553 -14.3487 
v 0.938318 2.67365 -14.3581 
v 0.954692 2.52034 -14.3167 
v 0.954448 2.42931 -14.3107 
v 0.954692 2.52034 -14.3167 
v 0.955395 2.43344 -14.3021 
v 0.955647 2.52196 -14.3072 
v 0.954692 2.52034 -14.3167 
v 0.939323 2.67553 -14.3487 
v 0.955395 2.43344 -14.3021 
v 0.67258 3.00425 -14.3946 
v 0.719927 2.82097 -14.3605 
v 0.71774 2.81891 -14.3696 
v 0.75429 2.63509 -14.3264 
v 0.719927 2.82097 -14.3605 
v 0.756264 2.63711 -14.3172 
v 0.75429 2.63509 -14.3264 
v 0.773746 2.51936 -14.2964 
v 0.954448 2.23095 -13.7177 
v 0.954448 2.23381 -14.0343 
v 0.954709 2.2432 -14.0321 
v 0.2606 3.38479 -14.0465 
v 2.44338 3.38479 -14.0465 
v 0.954591 2.24046 -13.7177 
v 0.954448 2.23095 -13.7177 
v 0.954709 2.2432 -14.0321 
v 0.954448 2.22967 -13.525 
v 0.954529 2.23923 -13.525 
v 0.954448 2.22933 -13.3322 
v 0.954483 2.23893 -13.3322 
v 0.954448 2.22992 -13.1395 
v 0.954456 2.23956 -13.1395 
v 0.954448 2.23146 -12.9467 
v 0.954448 2.2411 -12.9468 
v 0.954448 2.23381 -12.7198 
v 0.954448 2.23381 -12.4789 
v 0.954448 2.24345 -12.4789 
v 0.954448 2.24345 -12.7198 
v 0.954448 2.23381 -12.7198 
v 0.954448 2.2411 -12.9468 
v 0.954448 2.24345 -12.4789 
v 0.775686 2.52106 -14.2871 
v 0.773746 2.51936 -14.2964 
v 0.756264 2.63711 -14.3172 
v 0.775555 2.43343 -14.2811 
v 0.773746 2.42931 -14.2896 
v 0.773746 2.51936 -14.2964 
v 0.775555 2.43343 -14.2811 
v 2.38503 2.33073 -13.5238 
v 0.150107 0 -14.439 
v 0.638821 2.42931 -14.2588 
v 0.638821 2.35149 -14.2008 
v 0.638821 2.30105 -14.1532 
v 0.150107 0 -14.389 
v 0.638821 2.35149 -14.2008 
v 0.32199 3.52369 -14.3822 
v 0.328833 3.5251 -14.3756 
v 0.299525 3.2911 -14.2604 
v 0.285368 3.18302 -14.0523 
v 0.276656 3.10143 -13.7804 
v 0.773746 2.23106 -13.7177 
v 0.773746 2.23381 -14.0132 
v 0.774156 2.24319 -14.011 
v 2.38141 2.3095 -13.7153 
v 2.36023 2.29203 -13.8913 
v 2.37588 2.31512 -13.7155 
v 0.638821 2.26867 -14.0919 
v 0.150107 0 -14.3584 
v 0.638821 2.30105 -14.1532 
v 0.773979 2.24056 -13.7177 
v 0.773746 2.23106 -13.7177 
v 0.774156 2.24319 -14.011 
v 0.773746 2.22973 -13.525 
v 0.773877 2.23929 -13.525 
v 0.773746 2.22935 -13.3322 
v 0.773804 2.23896 -13.3322 
v 0.773746 2.22993 -13.1395 
v 0.77376 2.23956 -13.1395 
v 0.773746 2.23146 -12.9467 
v 0.773746 2.2411 -12.9468 
v 0.773746 2.23381 -12.7198 
v 0.773746 2.23381 -12.4789 
v 0.773746 2.24345 -12.4789 
v 0.773746 2.24345 -12.7198 
v 0.773746 2.23381 -12.7198 
v 0.773746 2.2411 -12.9468 
v 0.773746 2.24345 -12.4789 
v 0.638821 2.23381 -13.9871 
v 0.150107 0 -14.306 
v 0.638821 2.26867 -14.0919 
v 0.268714 3.49232 -14.2176 
v 0.241816 3.5172 -14.212 
v 0.2606 3.38479 -14.0465 
v 0.274776 3.72458 -14.3645 
v 2.43527 3.49232 -14.2176 
v 0.150107 0 -14.4128 
v 0.150107 0 -14.439 
v 0.638821 2.35149 -14.2008 
v 0.150107 0 -14.389 
v 0.150107 0 -14.3584 
v 0.638821 2.30105 -14.1532 
v 0.150107 0 -14.306 
v 0.638821 2.26867 -14.0919 
v 0.279287 2.93666 -12.8581 
v 0.282323 2.86976 -12.8097 
v 2.42166 2.86976 -12.8097 
v 2.4247 2.93666 -12.8581 
v 0.3531 2.28708 -13.9285 
v 0.00724161 0 -14.2767 
v 0.375189 2.28002 -13.9595 
v 0.00724161 0 -14.2767 
v 0.0182861 0 -14.2922 
v 0.375189 2.28002 -13.9595 
v 0.147312 0 -12.1567 
v 0.147312 0 -12.2379 
v 0.344417 2.18703 -12.4548 
v 0.147312 0 -12.1042 
v 0.344417 2.18703 -12.3006 
v 0.147312 0 -12.0791 
v 0.344234 2.14096 -12.1955 
v 0.344417 2.18703 -12.3006 
v 0.147312 0 -12.1567 
v 0.344417 2.18703 -12.4548 
v 0.147688 0 -12.0596 
v 0.147312 0 -12.0791 
v 0.343492 1.96537 -12.1063 
v 0.305173 2.35692 -12.4427 
v 0.308064 2.3568 -12.4789 
v 0.267895 2.94369 -12.6336 
v 0.00724161 0 -14.2767 
v 0.3531 2.28708 -13.9285 
v 0.343752 2.29202 -13.8913 
v 0.00256753 0 -14.2581 
v 0.00724161 0 -14.2767 
v 0.343752 2.29202 -13.8913 
v 0.282323 2.86976 -12.8097 
v 0.262624 3.02382 -12.6643 
v 0.286139 2.7911 -12.7847 
v 0.258528 3.0925 -12.7158 
v 0.279287 2.93666 -12.8581 
v 0.258528 3.0925 -12.7158 
v 0.282323 2.86976 -12.8097 
v 0.255935 3.14448 -12.7842 
v 0.344234 2.14096 -12.1955 
v 0.147312 0 -12.1042 
v 0.344417 2.18703 -12.3006 
v 0.307814 2.35535 -12.7198 
v 0.286139 2.7911 -12.7847 
v 0.267895 2.94369 -12.6336 
v 0.262624 3.02382 -12.6643 
v 0.27734 2.98507 -12.925 
v 0.255935 3.14448 -12.7842 
v 0.279287 2.93666 -12.8581 
v 0.255039 3.17576 -12.8643 
v 0.276665 3.01012 -13.0037 
v 0.255039 3.17576 -12.8643 
v 0.27734 2.98507 -12.925 
v 0.276656 3.10143 -13.7804 
v 0.276656 3.10143 -13.7804 
v 0.254827 3.29656 -13.7801 
v 0.255039 3.17576 -12.8643 
v 0.256273 3.32453 -13.9187 
v 0.278853 3.12949 -13.9203 
v 0.256273 3.32453 -13.9187 
v 0.276656 3.10143 -13.7804 
v 0.2606 3.38479 -14.0465 
v 0.268714 3.49232 -14.2176 
v 0.2606 3.38479 -14.0465 
v 0.285368 3.18302 -14.0523 
v 0.278853 3.12949 -13.9203 
v 0.308064 2.3568 -12.4789 
v 0.307814 2.35535 -12.7198 
v 0.267895 2.94369 -12.6336 
v 0.343993 2.08021 -12.1453 
v 0.147312 0 -12.0791 
v 0.344234 2.14096 -12.1955 
v 0.299525 3.2911 -14.2604 
v 0.268714 3.49232 -14.2176 
v 0.285368 3.18302 -14.0523 
v 0.328833 3.5251 -14.3756 
v 0.328833 3.5251 -14.3756 
v 0.274776 3.72458 -14.3645 
v 0.268714 3.49232 -14.2176 
v 0.147312 0 -12.0791 
v 0.343993 2.08021 -12.1453 
v 0.343492 1.96537 -12.1063 
v 2.64786 3.55697 -14.1812 
v 0.0561221 3.55697 -14.1812 
v 2.65906 3.11295 -12.6961 
v 0.0449235 3.11295 -12.6961 
v 2.65756 3.36944 -13.7809 
v 2.6556 3.20267 -12.8432 
v 0.0483834 3.20267 -12.8432 
v 0.046427 3.36944 -13.7809 
v 2.65641 3.40381 -13.9185 
v 0.0475738 3.40381 -13.9185 
v 2.65295 3.41252 -13.9184 
v 0.0510336 3.41252 -13.9184 
v 2.64966 3.47704 -14.0446 
v 0.05432 3.47704 -14.0446 
v 0.366689 2.20935 -12.1895 
v 2.64489 3.56317 -14.1744 
v 0.342904 2.18246 -12.1894 
v 2.36108 2.18246 -12.1894 
v 2.3373 2.20935 -12.1895 
v 2.44351 3.48898 -14.2213 
v 2.07452 2.01293 -12.0971 
v 2.07452 2.01293 -12.0971 
v 2.0748 2.0102 -12.1063 
v 2.21886 2.03441 -12.0971 
v 2.0748 2.0102 -12.1063 
v 2.21936 2.03154 -12.1063 
v 0.484622 2.03154 -12.1063 
v 0.629184 2.0102 -12.1063 
v 0.485127 2.03441 -12.0971 
v 0.629184 2.0102 -12.1063 
v 0.629468 2.01293 -12.0971 
v 2.21936 2.03154 -12.1063 
v 2.29274 2.04041 -12.1063 
v 2.21886 2.03441 -12.0971 
v 0.411248 2.04041 -12.1063 
v 0.484622 2.03154 -12.1063 
v 0.485127 2.03441 -12.0971 
v 0.298861 2.35416 -12.4548 
v 0.298861 2.35178 -12.7198 
v 2.40512 2.35178 -12.7198 
v 2.40512 2.35416 -12.4548 
v 2.45191 3.38024 -14.0468 
v 2.45632 3.32036 -13.9188 
v 2.43469 3.12855 -13.9203 
v 2.29274 2.04041 -12.1063 
v 2.32554 2.02604 -12.1063 
v 2.30464 2.0436 -12.0974 
v 0.378447 2.02604 -12.1063 
v 0.411248 2.04041 -12.1063 
v 0.39934 2.0436 -12.0974 
v 0.630854 2.43243 -14.2537 
v 2.06516 2.42931 -14.2588 
v 2.43691 3.1006 -13.7805 
v 2.43691 3.00939 -13.0044 
v 2.45679 3.1419 -12.7875 
v 1.93016 2.0041 -12.097 
v 1.93024 2.00153 -12.1063 
v 2.07452 2.01293 -12.0971 
v 2.0748 2.0102 -12.1063 
v 2.07452 2.01293 -12.0971 
v 0.629184 2.0102 -12.1063 
v 0.773746 2.00153 -12.1063 
v 0.629468 2.01293 -12.0971 
v 0.773823 2.0041 -12.097 
v 0.629468 2.01293 -12.0971 
v 1.33995 2.19495 -12.1891 
v 1.36404 2.2434 -12.2996 
v 1.36404 2.19495 -12.1891 
v 2.36546 2.29758 -13.901 
v 0.343019 2.23005 -12.4429 
v 0.366756 2.2572 -12.4429 
v 0.399481 2.27234 -12.4427 
v 0.338528 2.29758 -13.901 
v 2.36096 2.23005 -12.4429 
v 2.33723 2.25721 -12.4429 
v 2.21775 2.26279 -12.4429 
v 2.32554 2.02604 -12.1063 
v 2.33757 2.02847 -12.0976 
v 2.30464 2.0436 -12.0974 
v 0.36641 2.02847 -12.0976 
v 0.378447 2.02604 -12.1063 
v 0.39934 2.0436 -12.0974 
v 0.343019 2.23078 -12.2996 
v 2.36097 2.23078 -12.2996 
v 1.90615 2.0041 -12.097 
v 1.90615 2.00153 -12.1063 
v 1.93016 2.0041 -12.097 
v 1.93024 2.00153 -12.1063 
v 1.74954 2.00153 -12.1063 
v 1.74954 2.0041 -12.097 
v 1.72544 2.00153 -12.1063 
v 1.72544 2.0041 -12.097 
v 1.55679 2.00153 -12.1063 
v 1.55679 2.0041 -12.097 
v 1.53269 2.00153 -12.1063 
v 1.53269 2.0041 -12.097 
v 1.36404 2.00153 -12.1063 
v 1.36404 2.0041 -12.097 
v 1.33995 2.0041 -12.097 
v 1.33995 2.00153 -12.1063 
v 1.17129 2.0041 -12.097 
v 1.17129 2.00153 -12.1063 
v 1.1472 2.0041 -12.097 
v 1.1472 2.00153 -12.1063 
v 0.978541 2.0041 -12.097 
v 0.978541 2.00153 -12.1063 
v 0.954448 2.0041 -12.097 
v 0.954448 2.00153 -12.1063 
v 0.797839 2.0041 -12.097 
v 0.797839 2.00153 -12.1063 
v 0.773823 2.0041 -12.097 
v 0.773746 2.00153 -12.1063 
v 2.33424 2.28619 -13.9691 
v 0.369744 2.28618 -13.9691 
v 2.36023 2.29203 -13.8913 
v 2.37588 2.31512 -13.7155 
v 0.328101 2.31512 -13.7155 
v 2.29274 2.04041 -12.1063 
v 2.30464 2.0436 -12.0974 
v 2.21886 2.03441 -12.0971 
v 0.39934 2.0436 -12.0974 
v 0.411248 2.04041 -12.1063 
v 0.485127 2.03441 -12.0971 
v 0.485823 2.21353 -12.1899 
v 2.21816 2.21353 -12.1899 
v 0.773746 2.35223 -14.2373 
v 1.93024 2.42931 -14.2896 
v 1.93024 2.35223 -14.2373 
v 0.954448 2.42931 -14.3107 
v 1.74954 2.42931 -14.3107 
v 0.773746 2.30215 -14.1894 
v 0.638821 2.30105 -14.1532 
v 1.93024 2.30215 -14.1894 
v 2.06516 2.30105 -14.1532 
v 1.90615 2.30215 -14.1959 
v 2.30242 2.27871 -13.9896 
v 0.401562 2.27871 -13.9896 
v 1.1472 2.30215 -14.2194 
v 1.1472 2.35223 -14.2673 
v 0.978541 2.42931 -14.3143 
v 1.55679 2.35223 -14.2673 
v 1.55679 2.30215 -14.2194 
v 1.33995 2.30215 -14.2207 
v 0.954448 2.30215 -14.2105 
v 1.74954 2.30215 -14.2105 
v 1.74954 2.19495 -12.1891 
v 1.90615 2.19495 -12.1891 
v 1.93024 2.19495 -12.1891 
v 2.07435 2.19495 -12.1891 
v 2.07416 2.24339 -12.2996 
v 0.638821 2.26867 -14.0919 
v 0.638821 2.30105 -14.1532 
v 0.773746 2.30215 -14.1894 
v 2.06516 2.30105 -14.1532 
v 2.06516 2.26867 -14.0919 
v 1.93024 2.30215 -14.1894 
v 0.797839 2.30215 -14.1959 
v 0.797839 2.27044 -14.1343 
v 0.773746 2.27044 -14.1278 
v 0.773746 2.30215 -14.1894 
v 1.90615 2.30215 -14.1959 
v 1.93024 2.30215 -14.1894 
v 1.93024 2.27044 -14.1278 
v 1.90615 2.27044 -14.1343 
v 0.230704 3.16309 -12.7653 
v 0.23429 3.11079 -12.6969 
v 2.47328 3.16309 -12.7653 
v 2.46969 3.11079 -12.6969 
v 0.773746 2.27044 -14.1278 
v 0.638821 2.26867 -14.0919 
v 0.773746 2.30215 -14.1894 
v 2.06516 2.26867 -14.0919 
v 1.93024 2.27044 -14.1278 
v 1.93024 2.30215 -14.1894 
v 0.630009 2.27603 -14.0955 
v 0.978541 2.30215 -14.214 
v 0.978541 2.27044 -14.1524 
v 0.954448 2.27044 -14.1489 
v 0.954448 2.30215 -14.2105 
v 1.72544 2.27044 -14.1524 
v 1.72544 2.30215 -14.214 
v 1.74954 2.27044 -14.1489 
v 1.74954 2.30215 -14.2105 
v 0.954448 2.27044 -14.1489 
v 0.978541 2.27044 -14.1524 
v 0.954448 2.23381 -14.0343 
v 0.978541 2.23381 -14.0379 
v 0.954448 2.30215 -14.2105 
v 0.797839 2.27044 -14.1343 
v 0.797839 2.30215 -14.1959 
v 1.72544 2.27044 -14.1524 
v 1.74954 2.27044 -14.1489 
v 1.74954 2.23381 -14.0343 
v 1.72544 2.23381 -14.0379 
v 1.74954 2.30215 -14.2105 
v 1.90615 2.27044 -14.1343 
v 1.90615 2.30215 -14.1959 
v 0.773746 2.27044 -14.1278 
v 0.773746 2.23381 -14.0132 
v 0.638821 2.23381 -13.9871 
v 0.638821 2.26867 -14.0919 
v 0.773746 2.27044 -14.1278 
v 0.797839 2.27044 -14.1343 
v 0.797839 2.23381 -14.0198 
v 0.773746 2.23381 -14.0132 
v 1.93024 2.27044 -14.1278 
v 2.06516 2.26867 -14.0919 
v 2.06516 2.23381 -13.9871 
v 1.93024 2.23381 -14.0132 
v 1.93024 2.27044 -14.1278 
v 1.93024 2.23381 -14.0132 
v 1.90615 2.23381 -14.0198 
v 1.90615 2.27044 -14.1343 
v 2.26523 2.27137 -13.9968 
v 0.797839 2.23381 -12.7198 
v 0.797839 2.24345 -12.7198 
v 0.797839 2.23146 -12.9467 
v 1.90615 2.23381 -12.7198 
v 1.90615 2.23146 -12.9467 
v 0.797839 2.24345 -12.4789 
v 0.797839 2.22993 -13.1395 
v 0.797839 2.22935 -13.3322 
v 0.797839 2.22971 -13.525 
v 0.798062 2.24052 -13.7177 
v 1.90592 2.24052 -13.7177 
v 1.90602 2.23927 -13.525 
v 1.90609 2.23895 -13.3322 
v 1.90615 2.22935 -13.3322 
v 1.90613 2.23956 -13.1395 
v 1.90615 2.22993 -13.1395 
v 1.90615 2.24345 -12.4789 
v 0.954448 2.27044 -14.1489 
v 0.954448 2.23381 -14.0343 
v 0.797839 2.27044 -14.1343 
v 0.797839 2.23381 -14.0198 
v 1.74954 2.23381 -14.0343 
v 1.74954 2.27044 -14.1489 
v 1.90615 2.27044 -14.1343 
v 1.90615 2.23381 -14.0198 
v 0.798234 2.24319 -14.0176 
v 1.90575 2.24319 -14.0176 
v 0.629184 2.23114 -13.7177 
v 0.638821 2.23381 -13.9871 
v 0.773746 2.23381 -14.0132 
v 0.773746 2.23106 -13.7177 
v 0.629184 2.22978 -13.525 
v 0.773746 2.22973 -13.525 
v 0.629184 2.22938 -13.3322 
v 0.773746 2.22935 -13.3322 
v 0.629184 2.22994 -13.1395 
v 0.484622 2.24885 -13.3322 
v 0.484622 2.24941 -13.1395 
v 0.484622 2.25093 -12.9467 
v 0.300345 2.34543 -13.1393 
v 0.304797 2.33744 -13.3316 
v 0.312208 2.32546 -13.5237 
v 0.484622 2.24924 -13.525 
v 0.484622 2.25061 -13.7177 
v 0.322578 2.3095 -13.7153 
v 0.638821 2.23381 -13.9871 
v 0.343752 2.29202 -13.8913 
v 0.49426 2.25328 -13.9871 
v 0.3531 2.28708 -13.9285 
v 0.444097 2.2636 -13.9871 
v 0.375189 2.28002 -13.9595 
v 0.40698 2.27182 -13.98 
v 1.93024 2.22935 -13.3322 
v 1.93024 2.22973 -13.525 
v 2.0748 2.22938 -13.3322 
v 2.0748 2.22994 -13.1395 
v 2.0748 2.22978 -13.525 
v 1.93024 2.23106 -13.7177 
v 2.21936 2.24941 -13.1395 
v 2.21936 2.25093 -12.9467 
v 2.40364 2.34543 -13.1393 
v 2.21936 2.24885 -13.3322 
v 2.39919 2.33744 -13.3316 
v 2.39178 2.32546 -13.5237 
v 2.21936 2.24924 -13.525 
v 2.0748 2.23114 -13.7177 
v 1.93024 2.23381 -14.0132 
v 2.06516 2.23381 -13.9871 
v 2.21936 2.25061 -13.7177 
v 2.06516 2.23381 -13.9871 
v 2.38141 2.3095 -13.7153 
v 2.20972 2.25328 -13.9871 
v 2.36023 2.29203 -13.8913 
v 2.25989 2.2636 -13.9871 
v 2.35088 2.28708 -13.9285 
v 2.297 2.27182 -13.98 
v 2.3288 2.28002 -13.9595 
v 2.0748 2.23381 -12.4548 
v 2.0748 2.23381 -12.4789 
v 2.21936 2.25328 -12.4789 
v 2.21936 2.25328 -12.7198 
v 1.93024 2.22993 -13.1395 
v 2.0748 2.23146 -12.9467 
v 2.40512 2.35178 -12.7198 
v 2.40512 2.35392 -12.4789 
v 2.40512 2.35416 -12.4548 
v 2.40512 2.34943 -12.9467 
v 2.21936 2.25328 -12.4548 
v 2.21936 2.25328 -12.3006 
v 2.0748 2.23381 -12.3006 
v 2.29259 2.26211 -12.4548 
v 2.29259 2.26211 -12.3006 
v 2.29265 2.21569 -12.1959 
v 2.21936 2.20645 -12.1963 
v 2.0748 2.18773 -12.1955 
v 2.29265 2.21569 -12.1959 
v 2.3252 2.24768 -12.4548 
v 2.29259 2.26211 -12.3006 
v 2.3252 2.24768 -12.3006 
v 2.29265 2.21569 -12.1959 
v 2.32527 2.20141 -12.1957 
v 2.29265 2.21569 -12.1959 
v 0.629632 2.19495 -12.1891 
v 0.773746 2.19495 -12.1891 
v 0.629825 2.24338 -12.2996 
v 0.797839 2.19495 -12.1891 
v 0.978541 2.19495 -12.1891 
v 1.1472 2.19495 -12.1891 
v 0.978541 2.2434 -12.2996 
v 1.1472 2.24345 -12.4429 
v 1.17129 2.24345 -12.4789 
v 1.90615 2.23381 -12.4789 
v 1.93024 2.23381 -12.4789 
v 1.90615 2.23381 -12.4548 
v 1.93024 2.23381 -12.4548 
v 2.0748 2.23381 -12.7198 
v 1.93024 2.23381 -12.7198 
v 1.93024 2.23146 -12.9467 
v 0.629777 2.24327 -13.9968 
v 0.252071 3.38024 -14.0468 
v 0.231148 3.39958 -14.0457 
v 0.238848 3.51068 -14.2184 
v 0.22711 3.33852 -13.9185 
v 2.47284 3.39958 -14.0457 
v 2.45191 3.38024 -14.0468 
v 2.46514 3.51068 -14.2184 
v 2.47687 3.33852 -13.9185 
v 0.797839 2.23102 -13.7177 
v 0.797839 2.23381 -14.0198 
v 0.954448 2.23381 -14.0343 
v 0.773746 2.23381 -12.4789 
v 0.797839 2.23381 -12.4789 
v 0.797839 2.23381 -12.4548 
v 0.773746 2.23381 -12.4548 
v 0.773746 2.23381 -12.3006 
v 0.629184 2.23381 -12.3006 
v 0.629184 2.18773 -12.1955 
v 0.773746 2.18773 -12.1955 
v 0.629184 2.23381 -12.4548 
v 0.629184 2.23381 -12.4789 
v 0.629184 2.23381 -12.7198 
v 0.773746 2.23381 -12.7198 
v 0.773746 2.23146 -12.9467 
v 0.629184 2.23146 -12.9467 
v 0.773746 2.22993 -13.1395 
v 0.484622 2.25328 -12.7198 
v 0.484622 2.25328 -12.4789 
v 0.298861 2.35178 -12.7198 
v 0.298861 2.35392 -12.4789 
v 0.298861 2.35416 -12.4548 
v 0.298861 2.34943 -12.9467 
v 0.484622 2.25328 -12.4548 
v 0.484622 2.25328 -12.3006 
v 0.411394 2.26211 -12.4548 
v 0.629184 2.23381 -12.3006 
v 0.411394 2.26211 -12.3006 
v 0.411334 2.21569 -12.1959 
v 0.484622 2.20645 -12.1963 
v 0.411334 2.21569 -12.1959 
v 0.629184 2.18773 -12.1955 
v 0.378784 2.24768 -12.4548 
v 0.411394 2.26211 -12.3006 
v 0.378784 2.24768 -12.3006 
v 0.411334 2.21569 -12.1959 
v 0.411334 2.21569 -12.1959 
v 0.378717 2.20141 -12.1957 
v 1.72544 2.23146 -12.9467 
v 1.72544 2.24345 -12.7198 
v 0.978541 2.23381 -12.7198 
v 0.978541 2.23146 -12.9467 
v 1.72534 2.24044 -13.7177 
v 1.72538 2.23922 -13.525 
v 1.72544 2.22932 -13.3322 
v 1.72544 2.23956 -13.1395 
v 1.72544 2.24345 -12.4789 
v 0.978541 2.24345 -12.4789 
v 0.978548 2.23956 -13.1395 
v 0.978541 2.22932 -13.3322 
v 0.978601 2.23922 -13.525 
v 0.978541 2.23093 -13.7177 
v 0.978647 2.24044 -13.7177 
v 0.797839 2.18773 -12.1955 
v 0.954448 2.23381 -12.3006 
v 0.954448 2.23381 -12.4548 
v 0.978541 2.23381 -12.4548 
v 0.954448 2.23381 -12.4789 
v 0.797839 2.23381 -12.3006 
v 0.797839 2.23381 -12.7198 
v 0.954448 2.23381 -12.7198 
v 0.954448 2.23146 -12.9467 
v 0.797839 2.23146 -12.9467 
v 0.954448 2.22992 -13.1395 
v 0.797839 2.22993 -13.1395 
v 0.954448 2.22933 -13.3322 
v 0.797839 2.22935 -13.3322 
v 0.954448 2.22967 -13.525 
v 0.797839 2.22971 -13.525 
v 0.954448 2.23095 -13.7177 
v 1.53269 2.23381 -12.4548 
v 1.53269 2.23381 -12.3006 
v 1.36404 2.23381 -12.4548 
v 1.55679 2.23381 -12.3006 
v 1.53269 2.23381 -12.4789 
v 1.55679 2.23381 -12.4789 
v 1.55679 2.23381 -12.4548 
v 1.72544 2.23381 -12.4789 
v 1.72544 2.23381 -12.7198 
v 1.55679 2.23381 -12.7198 
v 1.55679 2.23146 -12.9467 
v 1.72544 2.23146 -12.9467 
v 1.55679 2.22992 -13.1395 
v 1.72544 2.22992 -13.1395 
v 1.55679 2.22931 -13.3322 
v 1.72544 2.22932 -13.3322 
v 1.55679 2.22964 -13.525 
v 1.72544 2.22966 -13.525 
v 1.55679 2.2309 -13.7177 
v 1.72544 2.23093 -13.7177 
v 1.55679 2.23381 -14.0432 
v 1.72544 2.23381 -14.0379 
v 1.55679 2.27044 -14.1578 
v 1.72544 2.27044 -14.1524 
v 1.53269 2.23381 -14.0445 
v 1.55679 2.30215 -14.2194 
v 1.72544 2.30215 -14.214 
v 1.53269 2.27044 -14.1591 
v 1.53269 2.27044 -14.1591 
v 1.53269 2.30215 -14.2207 
v 1.55679 2.30215 -14.2194 
v 1.36404 2.23381 -14.0445 
v 1.53269 2.23089 -13.7177 
v 1.53269 2.27044 -14.1591 
v 1.36404 2.23089 -13.7177 
v 1.53269 2.22964 -13.525 
v 1.36404 2.22964 -13.525 
v 1.53269 2.22931 -13.3322 
v 1.36404 2.22931 -13.3322 
v 1.53269 2.22992 -13.1395 
v 1.36404 2.22992 -13.1395 
v 1.53269 2.23146 -12.9467 
v 1.36404 2.23146 -12.9467 
v 1.53269 2.23381 -12.7198 
v 1.36404 2.23381 -12.7198 
v 1.36404 2.23381 -12.4789 
v 1.33995 2.23381 -12.4548 
v 1.33995 2.23381 -12.4789 
v 1.17129 2.23381 -12.4789 
v 1.17129 2.23381 -12.7198 
v 1.33995 2.23381 -12.7198 
v 1.33995 2.23146 -12.9467 
v 1.17129 2.23146 -12.9467 
v 1.33995 2.22992 -13.1395 
v 1.17129 2.22992 -13.1395 
v 1.33995 2.22931 -13.3322 
v 1.17129 2.22931 -13.3322 
v 1.33995 2.22964 -13.525 
v 1.17129 2.22964 -13.525 
v 1.33995 2.23089 -13.7177 
v 1.17129 2.23089 -13.7177 
v 1.33995 2.23381 -14.0445 
v 1.17129 2.23381 -14.0445 
v 1.17129 2.27044 -14.1591 
v 1.33995 2.27044 -14.1591 
v 1.33995 2.30215 -14.2207 
v 1.17129 2.30215 -14.2207 
v 1.36404 2.27044 -14.1591 
v 1.36404 2.30215 -14.2207 
v 1.53269 2.30215 -14.2207 
v 1.17129 2.27044 -14.1591 
v 1.1472 2.27044 -14.1578 
v 1.1472 2.23381 -14.0432 
v 1.17129 2.30215 -14.2207 
v 1.17129 2.27044 -14.1591 
v 1.1472 2.30215 -14.2194 
v 0.978541 2.23381 -14.0379 
v 0.978541 2.23093 -13.7177 
v 0.978541 2.27044 -14.1524 
v 1.1472 2.30215 -14.2194 
v 0.978541 2.30215 -14.214 
v 1.1472 2.2309 -13.7177 
v 0.978541 2.22966 -13.525 
v 1.1472 2.22964 -13.525 
v 0.978541 2.22932 -13.3322 
v 1.1472 2.22931 -13.3322 
v 0.978541 2.22992 -13.1395 
v 1.1472 2.22992 -13.1395 
v 0.978541 2.23146 -12.9467 
v 1.1472 2.23146 -12.9467 
v 0.978541 2.23381 -12.7198 
v 1.1472 2.23381 -12.7198 
v 1.1472 2.23381 -12.4789 
v 0.978541 2.23381 -12.4789 
v 1.1472 2.23381 -12.4548 
v 1.17129 2.23381 -12.4548 
v 1.17129 2.23381 -12.3006 
v 1.1472 2.23381 -12.3006 
v 0.978541 2.23381 -12.3006 
v 1.33995 2.23381 -12.3006 
v 1.17129 2.18772 -12.1955 
v 1.36404 2.23381 -12.3006 
v 1.33995 2.18772 -12.1955 
v 1.53269 2.18772 -12.1955 
v 1.1472 2.18772 -12.1955 
v 0.978541 2.18773 -12.1955 
v 2.38503 2.33073 -13.5238 
v 2.3915 2.34233 -13.3317 
v 0.312488 2.34233 -13.3317 
v 0.318955 2.33073 -13.5238 
v 0.252071 3.38024 -14.0468 
v 0.247666 3.32036 -13.9188 
v 0.22711 3.33852 -13.9185 
v 0.225731 3.3106 -13.7801 
v 2.45632 3.32036 -13.9188 
v 2.45191 3.38024 -14.0468 
v 2.47687 3.33852 -13.9185 
v 2.47825 3.3106 -13.7801 
v 1.72544 2.23381 -12.4548 
v 1.72544 2.23381 -12.3006 
v 1.74954 2.23381 -12.3006 
v 1.72544 2.18773 -12.1955 
v 1.74954 2.18773 -12.1955 
v 1.90615 2.18773 -12.1955 
v 1.93024 2.18773 -12.1955 
v 1.93024 2.23381 -12.3006 
v 2.0748 2.18773 -12.1955 
v 2.0748 2.23381 -12.3006 
v 1.90615 2.23381 -12.3006 
v 1.74954 2.23381 -12.4548 
v 1.74954 2.23381 -12.4789 
v 1.90615 2.23381 -12.7198 
v 1.74954 2.23381 -12.7198 
v 1.74954 2.23146 -12.9467 
v 1.90615 2.23146 -12.9467 
v 1.74954 2.22992 -13.1395 
v 1.90615 2.22993 -13.1395 
v 1.74954 2.22933 -13.3322 
v 1.90615 2.22935 -13.3322 
v 1.74954 2.22967 -13.525 
v 1.90615 2.22971 -13.525 
v 1.74954 2.23095 -13.7177 
v 1.90615 2.23102 -13.7177 
v 1.74954 2.23381 -14.0343 
v 1.90615 2.23381 -14.0198 
v 0.247666 3.32036 -13.9188 
v 0.246182 3.29256 -13.7801 
v 0.225731 3.3106 -13.7801 
v 0.225731 3.18906 -12.8526 
v 2.4578 3.29256 -13.7801 
v 2.45632 3.32036 -13.9188 
v 2.47825 3.3106 -13.7801 
v 2.47825 3.18906 -12.8526 
v 0.238848 3.51068 -14.2184 
v 0.0561221 3.55697 -14.1812 
v 0.231148 3.39958 -14.0457 
v 2.46514 3.51068 -14.2184 
v 2.64786 3.55697 -14.1812 
v 2.47284 3.39958 -14.0457 
v 2.39642 2.3535 -12.9467 
v 0.307563 2.3535 -12.9467 
v 1.53269 2.19495 -12.1891 
v 1.53266 2.24041 -13.7177 
v 1.53268 2.23921 -13.525 
v 1.53269 2.23955 -13.1395 
v 1.53269 2.2411 -12.9468 
v 1.53269 2.24345 -12.7198 
v 1.53269 2.24345 -12.4789 
v 1.17129 2.24345 -12.7198 
v 1.17129 2.23955 -13.1395 
v 1.17131 2.23921 -13.525 
v 1.17132 2.24041 -13.7177 
v 1.53264 2.2432 -14.0424 
v 1.17135 2.2432 -14.0424 
v 1.36404 2.43345 -14.3122 
v 1.34025 2.23919 -13.525 
v 1.34008 2.23891 -13.3322 
v 1.36401 2.23955 -13.1395 
v 1.36404 2.2411 -12.9468 
v 1.36404 2.24345 -12.4789 
v 1.33995 2.24345 -12.4789 
v 1.33995 2.24345 -12.7198 
v 0.230396 3.10539 -12.7041 
v 0.0410107 3.10759 -12.7032 
v 0.226917 3.15748 -12.7725 
v 0.225731 3.18906 -12.8526 
v 0.246298 3.17306 -12.8677 
v 0.246182 3.29256 -13.7801 
v 2.45769 3.17306 -12.8677 
v 2.4578 3.29256 -13.7801 
v 2.47825 3.18906 -12.8526 
v 2.47359 3.10539 -12.7041 
v 2.66297 3.10759 -12.7032 
v 2.47707 3.15748 -12.7725 
v 0.255935 3.14448 -12.7842 
v 0.255039 3.17576 -12.8643 
v 0.254827 3.29656 -13.7801 
v 2.44916 3.29656 -13.7801 
v 2.44895 3.17576 -12.8643 
v 0.0509758 3.46779 -14.0451 
v 0.0561221 3.55697 -14.1812 
v 0.231148 3.39958 -14.0457 
v 0.0475738 3.40381 -13.9185 
v 0.22711 3.33852 -13.9185 
v 0.046427 3.36944 -13.7809 
v 0.22711 3.33852 -13.9185 
v 0.225731 3.3106 -13.7801 
v 0.0446247 3.1969 -12.8506 
v 2.64786 3.55697 -14.1812 
v 2.65301 3.46779 -14.0451 
v 2.47284 3.39958 -14.0457 
v 2.65641 3.40381 -13.9185 
v 2.47687 3.33852 -13.9185 
v 2.65756 3.36944 -13.7809 
v 2.47825 3.3106 -13.7801 
v 2.65936 3.1969 -12.8506 
v 2.47687 3.33852 -13.9185 
v 0.290254 3.29023 -14.2629 
v 0.299525 3.2911 -14.2604 
v 0.275856 3.18178 -14.0525 
v 2.41373 3.29023 -14.2629 
v 2.42813 3.18178 -14.0525 
v 2.40446 3.2911 -14.2604 
v 0.256273 3.32453 -13.9187 
v 2.44771 3.32453 -13.9187 
v 2.07416 2.24343 -12.4789 
v 1.93024 2.24345 -12.4789 
v 0.954591 2.24046 -13.7177 
v 0.954529 2.23923 -13.525 
v 1.7495 2.23893 -13.3322 
v 0.2606 3.38479 -14.0465 
v 2.44338 3.38479 -14.0465 
v 1.93022 2.23956 -13.1395 
v 2.21775 2.25875 -13.525 
v 2.07417 2.23934 -13.525 
v 2.07418 2.24065 -13.7177 
v 0.486238 2.25875 -13.525 
v 0.6298 2.24065 -13.7177 
v 0.629829 2.24343 -12.4429 
v 0.629829 2.24343 -12.7198 
v 0.486238 2.25891 -13.1395 
v 0.285368 3.18302 -14.0523 
v 0.275856 3.18178 -14.0525 
v 0.299525 3.2911 -14.2604 
v 0.269293 3.12855 -13.9203 
v 0.278853 3.12949 -13.9203 
v 0.269293 3.12855 -13.9203 
v 0.267076 3.1006 -13.7805 
v 0.276656 3.10143 -13.7804 
v 0.276665 3.01012 -13.0037 
v 2.42733 3.10144 -13.7804 
v 2.43691 3.1006 -13.7805 
v 2.42732 3.01012 -13.0037 
v 2.42513 3.12949 -13.9203 
v 2.43469 3.12855 -13.9203 
v 2.41862 3.18302 -14.0523 
v 2.42813 3.18178 -14.0525 
v 2.40446 3.2911 -14.2604 
v 2.43469 3.12855 -13.9203 
v 2.21775 2.25891 -13.1395 
v 1.93024 2.2411 -12.9468 
v 2.07416 2.24343 -12.7198 
v 0.268714 3.49232 -14.2176 
v 2.43527 3.49232 -14.2176 
v 0.225731 3.3106 -13.7801 
v 0.225731 3.18906 -12.8526 
v 0.0446247 3.1969 -12.8506 
v 0.0434586 3.16205 -12.7709 
v 0.226917 3.15748 -12.7725 
v 0.0434586 3.16205 -12.7709 
v 0.0410107 3.10759 -12.7032 
v 2.47825 3.18906 -12.8526 
v 2.47825 3.3106 -13.7801 
v 2.65936 3.1969 -12.8506 
v 2.66053 3.16205 -12.7709 
v 2.66053 3.16205 -12.7709 
v 2.47707 3.15748 -12.7725 
v 2.66297 3.10759 -12.7032 
v 0.267076 3.00939 -13.0044 
v 0.267076 3.1006 -13.7805 
v 0.276665 3.01012 -13.0037 
v 0.26776 2.98435 -12.9257 
v 0.27734 2.98507 -12.925 
v 0.26776 2.98435 -12.9257 
v 0.269746 2.93595 -12.8588 
v 0.279287 2.93666 -12.8581 
v 2.4247 2.93666 -12.8581 
v 2.43424 2.93595 -12.8588 
v 2.42664 2.98507 -12.925 
v 2.43622 2.98435 -12.9257 
v 2.42732 3.01012 -13.0037 
v 2.43691 3.1006 -13.7805 
v 2.43691 3.00939 -13.0044 
v 2.43622 2.98435 -12.9257 
v 0.954448 2.18773 -12.1955 
v 1.36404 2.18772 -12.1955 
v 1.55679 2.18772 -12.1955 
v 1.72493 2.35979 -14.2557 
v 0.403306 3.79022 -14.4997 
v 0.502704 3.89286 -14.5604 
v 0.408658 3.7915 -14.4918 
v 2.20128 3.89286 -14.5604 
v 2.30068 3.79022 -14.4997 
v 2.29533 3.7915 -14.4918 
v 0.502704 3.89286 -14.5604 
v 0.50626 3.89267 -14.5514 
v 0.408658 3.7915 -14.4918 
v 2.19772 3.89267 -14.5514 
v 2.20128 3.89286 -14.5604 
v 2.29533 3.7915 -14.4918 
v 1.10845 4.04138 -14.6902 
v 1.10917 4.04154 -14.6806 
v 1.00541 4.03583 -14.6664 
v 1.59481 4.04154 -14.6806 
v 1.59553 4.04138 -14.6902 
v 1.69858 4.03583 -14.6664 
v 1.39995 4.04565 -14.6891 
v 1.30404 4.04565 -14.6891 
v 1.3038 4.04526 -14.6987 
v 1.40018 4.04526 -14.6987 
v 0.81489 4.00295 -14.6442 
v 0.816695 4.00349 -14.6347 
v 0.682716 3.96919 -14.5987 
v 1.88729 4.00349 -14.6347 
v 1.88909 4.00295 -14.6442 
v 2.02127 3.96919 -14.5987 
v 0.680484 3.9685 -14.6081 
v 0.81489 4.00295 -14.6442 
v 0.682716 3.96919 -14.5987 
v 1.88909 4.00295 -14.6442 
v 2.0235 3.9685 -14.6081 
v 2.02127 3.96919 -14.5987 
v 1.00401 4.03523 -14.6759 
v 1.10845 4.04138 -14.6902 
v 1.00541 4.03583 -14.6664 
v 1.59553 4.04138 -14.6902 
v 1.69998 4.03523 -14.6759 
v 1.69858 4.03583 -14.6664 
v 1.61611 4.28731 -14.8211 
v 1.40583 4.29983 -14.8251 
v 1.29816 4.29983 -14.8251 
v 1.95371 4.23783 -14.7782 
v 1.73963 4.28234 -14.8059 
v 2.13394 4.19381 -14.7325 
v 0.750271 4.23783 -14.7782 
v 0.964355 4.28234 -14.8059 
v 0.963973 4.27608 -14.8133 
v 1.08787 4.28731 -14.8211 
v 2.13416 4.2 -14.7251 
v 0.379159 4.11541 -14.6528 
v 0.569819 4.2 -14.7251 
v 2.32486 4.12103 -14.645 
v 0.379121 4.12103 -14.645 
v 2.49547 4.01472 -14.5556 
v 0.0673883 3.81087 -14.3676 
v 0.208509 4.01472 -14.5556 
v 2.6624 3.04257 -12.6451 
v 2.66651 3.03735 -12.6522 
v 2.6709 2.95621 -12.6213 
v 0.0330888 2.95621 -12.6213 
v 0.0374738 3.03735 -12.6522 
v 0.0415792 3.04257 -12.6451 
v 2.63498 3.81504 -14.359 
v 2.64786 3.55697 -14.1812 
v 0.0561221 3.55697 -14.1812 
v 0.0690073 3.81504 -14.359 
v 2.65906 3.11295 -12.6961 
v 0.0449235 3.11295 -12.6961 
v 0.342422 2.00132 -12.0976 
v 0.34274 2.11894 -12.137 
v 0.331455 1.96678 -12.0977 
v 2.36124 2.11894 -12.137 
v 2.36156 2.00132 -12.0976 
v 2.37253 1.96678 -12.0977 
v 0.502704 3.89286 -14.5604 
v 0.680484 3.9685 -14.6081 
v 0.368221 3.883 -14.4873 
v 2.0235 3.9685 -14.6081 
v 0.366583 2.14543 -12.137 
v 0.34274 2.11894 -12.137 
v 0.342422 2.00132 -12.0976 
v 2.36124 2.11894 -12.137 
v 2.3374 2.14543 -12.137 
v 2.36156 2.00132 -12.0976 
v 0.00275016 2.35692 -12.4427 
v 0.00275064 0 -12.2379 
v 0.00275064 0 -12.2259 
v 2.70123 2.35692 -12.4427 
v 2.70123 2.38419e-07 -12.2379 
v 0.34274 2.11894 -12.137 
v 0.366583 2.14543 -12.137 
v 0.366689 2.20935 -12.1895 
v 2.64489 3.56317 -14.1744 
v 0.399255 2.1597 -12.1369 
v 0.366583 2.14543 -12.137 
v 0.36641 2.02847 -12.0976 
v 2.3374 2.14543 -12.137 
v 2.30473 2.1597 -12.1369 
v 2.33757 2.02847 -12.0976 
v 1.10592 4.10904 -14.6861 
v 1.3038 4.04526 -14.6987 
v 1.7035 4.10202 -14.6761 
v 1.40018 4.04526 -14.6987 
v 0.366583 2.14543 -12.137 
v 0.399255 2.1597 -12.1369 
v 0.399396 2.22413 -12.1896 
v 0.39934 2.0436 -12.0974 
v 0.36641 2.02847 -12.0976 
v 0.366583 2.14543 -12.137 
v 0.342422 2.00132 -12.0976 
v 2.30473 2.1597 -12.1369 
v 2.30464 2.0436 -12.0974 
v 2.33757 2.02847 -12.0976 
v 2.3374 2.14543 -12.137 
v 2.36156 2.00132 -12.0976 
v 2.3374 2.14543 -12.137 
v 2.30459 2.22413 -12.1896 
v 0.342904 2.18246 -12.1894 
v 2.36108 2.18246 -12.1894 
v 1.3038 4.11431 -14.6972 
v 0.403306 3.79022 -14.4997 
v 0.268734 3.72157 -14.3714 
v 2.30068 3.79022 -14.4997 
v 0.809735 4.06842 -14.6434 
v 1.00401 4.03523 -14.6759 
v 0.660704 4.03372 -14.6049 
v 1.89425 4.06842 -14.6434 
v 0.342904 2.18246 -12.1894 
v 0.34274 2.11894 -12.137 
v 0.366689 2.20935 -12.1895 
v 2.36124 2.11894 -12.137 
v 2.36108 2.18246 -12.1894 
v 2.3373 2.20935 -12.1895 
v 2.3374 2.14543 -12.137 
v 2.36124 2.11894 -12.137 
v 2.3373 2.20935 -12.1895 
v 0.797839 2.0041 -12.097 
v 0.797839 2.13156 -12.1371 
v 0.773823 2.0041 -12.097 
v 0.954448 2.0041 -12.097 
v 0.954448 2.13156 -12.1371 
v 0.797839 2.0041 -12.097 
v 0.978541 2.0041 -12.097 
v 0.978541 2.13156 -12.1371 
v 1.1472 2.0041 -12.097 
v 1.1472 2.13155 -12.1371 
v 1.17129 2.0041 -12.097 
v 1.17129 2.13155 -12.1371 
v 1.55679 2.13155 -12.1371 
v 1.55679 2.0041 -12.097 
v 1.72544 2.0041 -12.097 
v 1.53269 2.13155 -12.1371 
v 1.53269 2.0041 -12.097 
v 1.72544 2.13156 -12.1371 
v 1.74954 2.0041 -12.097 
v 1.74954 2.13156 -12.1371 
v 1.90615 2.0041 -12.097 
v 0.32199 3.52369 -14.3822 
v 2.38199 3.52369 -14.3822 
v 2.44351 3.48898 -14.2213 
v 1.90615 2.13156 -12.1371 
v 1.90615 2.0041 -12.097 
v 1.93016 2.0041 -12.097 
v 2.07452 2.01293 -12.0971 
v 2.07453 2.13173 -12.137 
v 0.629458 2.13173 -12.137 
v 0.629468 2.01293 -12.0971 
v 0.773823 2.0041 -12.097 
v 2.21856 2.14751 -12.1368 
v 2.07453 2.13173 -12.137 
v 2.07452 2.01293 -12.0971 
v 0.485127 2.03441 -12.0971 
v 0.485426 2.14751 -12.1368 
v 0.39934 2.0436 -12.0974 
v 2.21856 2.14751 -12.1368 
v 2.21886 2.03441 -12.0971 
v 2.30464 2.0436 -12.0974 
v 0.485426 2.14751 -12.1368 
v 0.485127 2.03441 -12.0971 
v 0.629468 2.01293 -12.0971 
v 2.21886 2.03441 -12.0971 
v 2.21856 2.14751 -12.1368 
v 2.07452 2.01293 -12.0971 
v 2.0748 2.0102 -12.1063 
v 2.29274 2.04041 -12.1063 
v 0.298861 2.35416 -12.4548 
v 2.40512 2.35416 -12.4548 
v 2.34202 3.43936 -14.3845 
v 0.361966 3.43936 -14.3845 
v 2.26614 3.26296 -14.3828 
v 0.437844 3.26296 -14.3828 
v 0.46642 3.63312 -14.4886 
v 0.630854 2.43243 -14.2537 
v 2.06516 2.42931 -14.2588 
v 2.07313 2.43243 -14.2537 
v 2.20355 3.08202 -14.3681 
v 0.500434 3.08202 -14.3681 
v 1.17129 2.13155 -12.1371 
v 1.33995 2.13154 -12.1371 
v 1.33995 2.19495 -12.1891 
v 1.17129 2.0041 -12.097 
v 1.33995 2.0041 -12.097 
v 1.36404 2.19495 -12.1891 
v 1.36404 2.13154 -12.1371 
v 1.36404 2.0041 -12.097 
v 1.53269 2.0041 -12.097 
v 1.53269 2.13155 -12.1371 
v 2.69943 4.76837e-07 -14.2885 
v 2.36546 2.29758 -13.901 
v 0.00275064 0 -12.2259 
v 0.135641 0 -12.2259 
v 0.00275016 2.35692 -12.4427 
v 0.332399 2.19559 -12.4429 
v 0.00275016 2.35692 -12.4427 
v 0.305173 2.35692 -12.4427 
v 0.343019 2.23005 -12.4429 
v 0.366756 2.2572 -12.4429 
v 0.399481 2.27234 -12.4427 
v 0.486238 2.26278 -12.4429 
v 0.00455272 0 -14.2885 
v 2.56834 2.38419e-07 -12.2259 
v 2.70123 2.38419e-07 -12.2259 
v 2.70123 2.35692 -12.4427 
v 2.37159 2.19559 -12.4429 
v 2.70123 2.35692 -12.4427 
v 2.39881 2.35692 -12.4427 
v 2.36096 2.23005 -12.4429 
v 2.33723 2.25721 -12.4429 
v 2.3045 2.27234 -12.4427 
v 2.21775 2.26279 -12.4429 
v 2.36097 2.23078 -12.2996 
v 0.0155684 0 -14.304 
v 2.56834 2.38419e-07 -12.0512 
v 0.135641 0 -12.0512 
v 0.797839 2.00153 -12.1063 
v 2.33424 2.28619 -13.9691 
v 0.369744 2.28618 -13.9691 
v 0.399255 2.1597 -12.1369 
v 0.485426 2.14751 -12.1368 
v 0.485823 2.21353 -12.1899 
v 0.485426 2.14751 -12.1368 
v 0.39934 2.0436 -12.0974 
v 2.21856 2.14751 -12.1368 
v 2.30473 2.1597 -12.1369 
v 2.21816 2.21353 -12.1899 
v 2.21856 2.14751 -12.1368 
v 2.30464 2.0436 -12.0974 
v 2.14407 3.71149 -14.5384 
v 2.03396 3.00212 -14.4036 
v 0.305173 2.35692 -12.4427 
v 0.247319 2.96191 -12.6145 
v 0.00275016 2.35692 -12.4427 
v 0.0374545 2.96135 -12.6144 
v 0.0415792 3.04257 -12.6451 
v 0.239966 3.04201 -12.6453 
v 0.0415792 3.04257 -12.6451 
v 0.0449235 3.11295 -12.6961 
v 0.559915 3.71149 -14.5384 
v 2.6624 3.04257 -12.6451 
v 2.65906 3.11295 -12.6961 
v 2.46402 3.04201 -12.6453 
v 2.45666 2.96191 -12.6145 
v 2.39881 2.35692 -12.4427 
v 2.70123 2.35692 -12.4427 
v 2.66653 2.96135 -12.6144 
v 2.6624 3.04257 -12.6451 
v 0.670025 3.00212 -14.4036 
v 0.589974 2.7615 -14.324 
v 1.9709 3.76758 -14.5799 
v 2.09092 3.52822 -14.5131 
v 0.613065 3.52822 -14.5131 
v 1.85336 3.79511 -14.6105 
v 0.71774 2.81891 -14.3696 
v 0.621567 2.57704 -14.2817 
v 1.98624 2.81891 -14.3696 
v 2.08242 2.57704 -14.2817 
v 0.773746 2.35223 -14.2373 
v 1.93024 2.42931 -14.2896 
v 1.93024 2.35223 -14.2373 
v 1.824 3.60762 -14.5774 
v 1.65202 3.6309 -14.6016 
v 1.59681 3.06101 -14.4721 
v 0.879981 3.60762 -14.5774 
v 0.903554 3.42035 -14.539 
v 1.10718 3.06101 -14.4721 
v 2.32554 2.02604 -12.1063 
v 2.34953 1.99946 -12.1063 
v 2.33757 2.02847 -12.0976 
v 0.354449 1.99946 -12.1063 
v 0.378447 2.02604 -12.1063 
v 0.36641 2.02847 -12.0976 
v 2.04666 3.34359 -14.4813 
v 1.88736 3.39702 -14.5165 
v 1.82061 3.04452 -14.4456 
v 1.94416 2.84197 -14.3829 
v 1.78929 2.8589 -14.405 
v 1.9201 2.65659 -14.3372 
v 0.778147 3.58255 -14.551 
v 0.657327 3.34359 -14.4813 
v 0.883371 3.04452 -14.4456 
v 0.759828 2.84197 -14.3829 
v 0.914694 2.8589 -14.405 
v 0.783889 2.65659 -14.3372 
v 2.34953 1.99946 -12.1063 
v 2.36156 2.00132 -12.0976 
v 2.33757 2.02847 -12.0976 
v 0.342422 2.00132 -12.0976 
v 0.354449 1.99946 -12.1063 
v 0.36641 2.02847 -12.0976 
v 0.954448 2.42931 -14.3107 
v 1.74954 2.42931 -14.3107 
v 1.7426 2.86735 -14.4146 
v 1.58061 2.87462 -14.4261 
v 1.73186 2.68163 -14.3647 
v 1.5674 2.68942 -14.3746 
v 1.12338 2.87462 -14.4261 
v 0.972126 2.68163 -14.3647 
v 1.13659 2.68942 -14.3746 
v 2.67251 4.76837e-07 -14.3143 
v 0.773746 2.30215 -14.1894 
v 0.638821 2.30105 -14.1532 
v 1.93024 2.30215 -14.1894 
v 2.06516 2.30105 -14.1532 
v 1.36404 2.35223 -14.2686 
v 1.36865 2.69226 -14.378 
v 1.37352 2.87729 -14.4316 
v 1.37811 3.06374 -14.48 
v 1.38729 3.45061 -14.5746 
v 1.3916 3.63831 -14.618 
v 1.58204 3.82415 -14.6496 
v 1.90615 2.30215 -14.1959 
v 2.30242 2.27871 -13.9896 
v 0.401562 2.27871 -13.9896 
v 1.1472 2.30215 -14.2194 
v 1.1472 2.35223 -14.2673 
v 0.978541 2.42931 -14.3143 
v 1.55679 2.35223 -14.2673 
v 1.55679 2.30215 -14.2194 
v 1.33995 2.30215 -14.2207 
v 1.32588 3.06374 -14.48 
v 1.14144 3.44774 -14.5694 
v 1.31669 3.45061 -14.5746 
v 1.13269 3.63548 -14.6119 
v 1.12195 3.82415 -14.6496 
v 0.954448 2.30215 -14.2105 
v 1.74954 2.30215 -14.2105 
v 1.74954 2.19495 -12.1891 
v 1.72544 2.19495 -12.1891 
v 1.90615 2.19495 -12.1891 
v 1.74954 2.13156 -12.1371 
v 1.72544 2.13156 -12.1371 
v 1.74954 2.0041 -12.097 
v 1.90615 2.13156 -12.1371 
v 1.90615 2.0041 -12.097 
v 1.93023 2.13157 -12.1371 
v 1.93016 2.0041 -12.097 
v 2.07453 2.13173 -12.137 
v 2.21856 2.14751 -12.1368 
v 2.21816 2.21353 -12.1899 
v 1.93024 2.19495 -12.1891 
v 2.07435 2.19495 -12.1891 
v 2.07453 2.13173 -12.137 
v 0.366689 2.20935 -12.1895 
v 0.399396 2.22413 -12.1896 
v 0.366583 2.14543 -12.137 
v 2.3374 2.14543 -12.137 
v 2.3373 2.20935 -12.1895 
v 2.30459 2.22413 -12.1896 
v 2.34953 1.99946 -12.1063 
v 2.36049 1.96537 -12.1063 
v 2.36156 2.00132 -12.0976 
v 0.343492 1.96537 -12.1063 
v 0.354449 1.99946 -12.1063 
v 0.342422 2.00132 -12.0976 
v 2.36049 1.96537 -12.1063 
v 2.37253 1.96678 -12.0977 
v 2.36156 2.00132 -12.0976 
v 0.331455 1.96678 -12.0977 
v 0.343492 1.96537 -12.1063 
v 0.342422 2.00132 -12.0976 
v 2.45955 3.75009 -14.3736 
v 2.06516 2.26867 -14.0919 
v 0.230704 3.16309 -12.7653 
v 0.23429 3.11079 -12.6969 
v 0.0449235 3.11295 -12.6961 
v 0.23429 3.11079 -12.6969 
v 0.239966 3.04201 -12.6453 
v 2.47328 3.16309 -12.7653 
v 2.46969 3.11079 -12.6969 
v 2.65906 3.11295 -12.6961 
v 2.46969 3.11079 -12.6969 
v 2.46402 3.04201 -12.6453 
v 2.55841 4.76837e-07 -14.3179 
v 0.145577 0 -14.3179 
v 0.630009 2.27603 -14.0955 
v 0.331455 1.96678 -12.0977 
v 0.135641 0 -12.0512 
v 0.147688 0 -12.0596 
v 2.56834 2.38419e-07 -12.0512 
v 2.37253 1.96678 -12.0977 
v 2.5563 2.38419e-07 -12.0596 
v 2.35289 3.90837 -14.494 
v 0.343492 1.96537 -12.1063 
v 0.331455 1.96678 -12.0977 
v 0.147688 0 -12.0596 
v 2.37253 1.96678 -12.0977 
v 2.36049 1.96537 -12.1063 
v 2.5563 2.38419e-07 -12.0596 
v 0.638821 2.23381 -13.9871 
v 2.06516 2.23381 -13.9871 
v 2.26523 2.27137 -13.9968 
v 2.30453 2.2728 -12.2996 
v 0.49426 2.25328 -13.9871 
v 2.20972 2.25328 -13.9871 
v 0.59231 2.76342 -14.3149 
v 2.11167 2.76342 -14.3149 
v 0.799111 2.43338 -14.2875 
v 1.90487 2.43338 -14.2875 
v 0.629458 2.13173 -12.137 
v 0.485426 2.14751 -12.1368 
v 0.629468 2.01293 -12.0971 
v 0.629632 2.19495 -12.1891 
v 0.773746 2.19495 -12.1891 
v 0.797839 2.19495 -12.1891 
v 0.773752 2.13157 -12.1371 
v 0.629458 2.13173 -12.137 
v 0.485426 2.14751 -12.1368 
v 0.485823 2.21353 -12.1899 
v 0.773823 2.0041 -12.097 
v 0.797839 2.13156 -12.1371 
v 0.954448 2.19495 -12.1891 
v 0.978541 2.19495 -12.1891 
v 0.954448 2.13156 -12.1371 
v 0.797839 2.0041 -12.097 
v 0.978541 2.13156 -12.1371 
v 0.954448 2.0041 -12.097 
v 1.1472 2.19495 -12.1891 
v 1.1472 2.13155 -12.1371 
v 0.978541 2.0041 -12.097 
v 1.17129 2.19495 -12.1891 
v 1.1472 2.0041 -12.097 
v 1.3038 4.14404 -14.7114 
v 0.629777 2.24327 -13.9968 
v 0.231148 3.39958 -14.0457 
v 0.629184 2.23381 -12.4548 
v 0.484622 2.25328 -12.3006 
v 0.650055 4.06176 -14.6188 
v 0.545207 2.94721 -14.3435 
v 2.15878 2.94721 -14.3435 
v 1.33995 2.27044 -14.1591 
v 1.36404 2.27044 -14.1591 
v 0.726675 3.02914 -14.4122 
v 0.978899 2.52321 -14.3096 
v 1.72509 2.52321 -14.3096 
v 0.399396 2.22413 -12.1896 
v 0.485823 2.21353 -12.1899 
v 0.399255 2.1597 -12.1369 
v 2.30459 2.22413 -12.1896 
v 2.21816 2.21353 -12.1899 
v 2.30473 2.1597 -12.1369 
v 1.72486 2.43343 -14.3056 
v 0.629458 2.13173 -12.137 
v 0.629632 2.19495 -12.1891 
v 0.485823 2.21353 -12.1899 
v 2.07435 2.19495 -12.1891 
v 2.07453 2.13173 -12.137 
v 2.21816 2.21353 -12.1899 
v 1.75921 3.05594 -14.4492 
v 0.94477 3.05594 -14.4492 
v 0.881286 3.60899 -14.568 
v 0.852096 3.79649 -14.6011 
v 1.53269 2.19495 -12.1891 
v 1.55679 2.13155 -12.1371 
v 1.55679 2.0041 -12.097 
v 1.55679 2.19495 -12.1891 
v 1.72544 2.0041 -12.097 
v 1.92843 2.43343 -14.2811 
v 0.955395 2.43344 -14.3021 
v 1.74859 2.43344 -14.3021 
v 1.14753 2.43346 -14.3109 
v 1.17144 2.43344 -14.3122 
v 1.55645 2.43346 -14.3109 
v 1.1713 2.5244 -14.3167 
v 1.53269 2.5244 -14.3167 
v 1.33995 2.43345 -14.3122 
v 1.36404 2.43345 -14.3122 
v 1.15754 3.06497 -14.4678 
v 1.14182 3.44897 -14.5599 
v 1.56217 3.44897 -14.5599 
v 2.29533 3.7915 -14.4918 
v 1.57083 3.63671 -14.6024 
v 0.486028 3.99101 -14.5516 
v 0.650114 4.06807 -14.6115 
v 0.569819 4.2 -14.7251 
v 0.750595 4.24417 -14.7709 
v 2.05387 4.06807 -14.6115 
v 2.21796 3.99101 -14.5516 
v 2.13416 4.2 -14.7251 
v 1.95339 4.24417 -14.7709 
v 0.650114 4.06807 -14.6115 
v 0.804579 4.1037 -14.6507 
v 0.750595 4.24417 -14.7709 
v 0.964355 4.28234 -14.8059 
v 1.8994 4.1037 -14.6507 
v 2.05387 4.06807 -14.6115 
v 1.95339 4.24417 -14.7709 
v 1.73963 4.28234 -14.8059 
v 0.50626 3.89267 -14.5514 
v 2.19772 3.89267 -14.5514 
v 1.10917 4.04154 -14.6806 
v 1.59481 4.04154 -14.6806 
v 1.70691 4.13761 -14.6836 
v 1.8994 4.1037 -14.6507 
v 1.73963 4.28234 -14.8059 
v 1.61568 4.29342 -14.8137 
v 0.804579 4.1037 -14.6507 
v 0.997069 4.13761 -14.6836 
v 0.964355 4.28234 -14.8059 
v 1.0883 4.29342 -14.8137 
v 0.470847 3.63517 -14.4804 
v 2.23314 3.63517 -14.4804 
v 1.40003 4.1501 -14.7039 
v 1.60032 4.14452 -14.6923 
v 1.40583 4.29983 -14.8251 
v 1.30395 4.1501 -14.7039 
v 1.40583 4.29983 -14.8251 
v 1.29816 4.29983 -14.8251 
v 1.30395 4.1501 -14.7039 
v 1.10366 4.14452 -14.6923 
v 1.30854 3.8284 -14.6473 
v 1.31258 3.63968 -14.6086 
v 1.31688 3.45198 -14.5651 
v 1.38711 3.45198 -14.5651 
v 1.3914 3.63968 -14.6086 
v 1.39545 3.8284 -14.6473 
v 1.3686 2.69427 -14.3686 
v 1.33995 2.5245 -14.3168 
v 0.351423 3.91415 -14.4863 
v 0.486028 3.99101 -14.5516 
v 0.379121 4.12103 -14.645 
v 0.569819 4.2 -14.7251 
v 2.21796 3.99101 -14.5516 
v 2.35256 3.91415 -14.4863 
v 2.32486 4.12103 -14.645 
v 2.13416 4.2 -14.7251 
v 1.60032 4.14452 -14.6923 
v 1.70691 4.13761 -14.6836 
v 1.61568 4.29342 -14.8137 
v 1.40583 4.29983 -14.8251 
v 1.59744 4.11086 -14.6767 
v 1.3999 4.11634 -14.6878 
v 1.70691 4.13761 -14.6836 
v 0.997069 4.13761 -14.6836 
v 1.10366 4.14452 -14.6923 
v 1.0883 4.29342 -14.8137 
v 1.29816 4.29983 -14.8251 
v 1.10655 4.11086 -14.6767 
v 1.30408 4.11634 -14.6878 
v 0.997069 4.13761 -14.6836 
v 1.69858 4.03583 -14.6664 
v 0.246433 3.75509 -14.3656 
v 0.351423 3.91415 -14.4863 
v 0.208509 4.01472 -14.5556 
v 0.379121 4.12103 -14.645 
v 2.35256 3.91415 -14.4863 
v 2.45755 3.7551 -14.3656 
v 2.49547 4.01472 -14.5556 
v 2.32486 4.12103 -14.645 
v 1.03153 3.82042 -14.6281 
v 1.67246 3.82042 -14.6281 
v 0.537374 3.4554 -14.4634 
v 2.16661 3.4554 -14.4634 
v 1.05306 3.63234 -14.5921 
v 1.65093 3.63234 -14.5921 
v 1.07196 3.44499 -14.5513 
v 1.9241 3.58398 -14.5417 
v 0.594801 3.27348 -14.438 
v 2.10918 3.27348 -14.438 
v 0.818222 3.39842 -14.5071 
v 0.0590905 3.56316 -14.1744 
v 0.241816 3.5172 -14.212 
v 0.0690073 3.81504 -14.359 
v 2.64489 3.56317 -14.1744 
v 2.46217 3.5172 -14.212 
v 2.63498 3.81504 -14.359 
v 0.328833 3.5251 -14.3756 
v 0.32199 3.52369 -14.3822 
v 0.36771 3.44173 -14.3775 
v 2.38199 3.52369 -14.3822 
v 2.37515 3.5251 -14.3756 
v 2.33627 3.44173 -14.3775 
v 1.78818 2.8608 -14.3956 
v 0.241816 3.5172 -14.212 
v 0.246433 3.75509 -14.3656 
v 0.0690073 3.81504 -14.359 
v 0.208509 4.01472 -14.5556 
v 2.45755 3.7551 -14.3656 
v 2.46217 3.5172 -14.212 
v 2.63498 3.81504 -14.359 
v 2.49547 4.01472 -14.5556 
v 0.939323 2.67553 -14.3487 
v 1.76466 2.67553 -14.3487 
v 0.650114 4.06807 -14.6115 
v 0.486028 3.99101 -14.5516 
v 0.662544 4.03623 -14.5958 
v 0.811242 4.07073 -14.6342 
v 2.04144 4.03623 -14.5958 
v 2.05387 4.06807 -14.6115 
v 1.89274 4.07073 -14.6342 
v 2.21796 3.99101 -14.5516 
v 0.997069 4.13761 -14.6836 
v 1.00145 4.10434 -14.6668 
v 1.10655 4.11086 -14.6767 
v 0.804579 4.1037 -14.6507 
v 0.804579 4.1037 -14.6507 
v 0.811242 4.07073 -14.6342 
v 1.00145 4.10434 -14.6668 
v 0.650114 4.06807 -14.6115 
v 1.8994 4.1037 -14.6507 
v 1.70691 4.13761 -14.6836 
v 1.70254 4.10434 -14.6668 
v 1.59744 4.11086 -14.6767 
v 1.89274 4.07073 -14.6342 
v 1.8994 4.1037 -14.6507 
v 1.70254 4.10434 -14.6668 
v 2.05387 4.06807 -14.6115 
v 0.756264 2.63711 -14.3172 
v 1.94772 2.63711 -14.3172 
v 2.65125 4.76837e-07 -14.306 
v 2.25989 2.2636 -13.9871 
v 2.20972 2.25328 -13.9871 
v 0.444097 2.2636 -13.9871 
v 0.05274 0 -14.306 
v 0.49426 2.25328 -13.9871 
v 2.62616 4.76837e-07 -14.306 
v 2.20972 2.25328 -13.9871 
v 2.06516 2.23381 -13.9871 
v 0.49426 2.25328 -13.9871 
v 0.0778263 0 -14.306 
v 0.638821 2.23381 -13.9871 
v 1.30395 4.1501 -14.7039 
v 1.10366 4.14452 -14.6923 
v 1.30408 4.11634 -14.6878 
v 1.40003 4.1501 -14.7039 
v 1.60032 4.14452 -14.6923 
v 1.40003 4.1501 -14.7039 
v 1.3999 4.11634 -14.6878 
v 1.30408 4.11634 -14.6878 
v 2.62616 4.76837e-07 -14.306 
v 2.65125 4.76837e-07 -14.306 
v 2.20972 2.25328 -13.9871 
v 2.55388 4.76837e-07 -14.306 
v 2.06516 2.23381 -13.9871 
v 0.0778263 0 -14.306 
v 0.150107 0 -14.306 
v 0.638821 2.23381 -13.9871 
v 0.05274 0 -14.306 
v 0.49426 2.25328 -13.9871 
v 1.34094 2.24315 -14.0424 
v 1.33995 2.23381 -14.0445 
v 1.36404 2.23381 -14.0445 
v 1.36305 2.24315 -14.0424 
v 1.34094 2.24315 -14.0424 
v 1.36404 2.23381 -14.0445 
v 1.17129 2.23381 -14.0445 
v 1.17135 2.2432 -14.0424 
v 1.14729 2.2432 -14.0411 
v 1.1472 2.23381 -14.0432 
v 1.53269 2.23381 -14.0445 
v 1.55679 2.23381 -14.0432 
v 1.55669 2.2432 -14.0411 
v 1.53264 2.2432 -14.0424 
v 0.978541 2.23381 -14.0379 
v 0.978735 2.2432 -14.0357 
v 0.954709 2.2432 -14.0321 
v 0.954448 2.23381 -14.0343 
v 1.72544 2.23381 -14.0379 
v 1.74954 2.23381 -14.0343 
v 1.74928 2.2432 -14.0321 
v 1.72525 2.2432 -14.0357 
v 0.797839 2.23381 -14.0198 
v 0.798234 2.24319 -14.0176 
v 0.774156 2.24319 -14.011 
v 0.773746 2.23381 -14.0132 
v 1.90615 2.23381 -14.0198 
v 1.93024 2.23381 -14.0132 
v 1.92983 2.24319 -14.011 
v 1.90575 2.24319 -14.0176 
v 0.285368 3.18302 -14.0523 
v 2.6698 4.76837e-07 -14.3024 
v 2.297 2.27182 -13.98 
v 2.25989 2.2636 -13.9871 
v 0.40698 2.27182 -13.98 
v 0.0341879 0 -14.3024 
v 0.444097 2.2636 -13.9871 
v 0.486028 3.99101 -14.5516 
v 0.351423 3.91415 -14.4863 
v 0.49758 3.95722 -14.5395 
v 0.662544 4.03623 -14.5958 
v 2.2064 3.95722 -14.5395 
v 2.21796 3.99101 -14.5516 
v 2.04144 4.03623 -14.5958 
v 2.35256 3.91415 -14.4863 
v 2.65125 4.76837e-07 -14.306 
v 2.6698 4.76837e-07 -14.3024 
v 2.25989 2.2636 -13.9871 
v 0.351423 3.91415 -14.4863 
v 0.246433 3.75509 -14.3656 
v 0.372134 3.88545 -14.4788 
v 0.49758 3.95722 -14.5395 
v 0.0341879 0 -14.3024 
v 0.05274 0 -14.306 
v 0.444097 2.2636 -13.9871 
v 2.33185 3.88545 -14.4788 
v 2.35256 3.91415 -14.4863 
v 2.2064 3.95722 -14.5395 
v 2.45755 3.7551 -14.3656 
v 0.268714 3.49232 -14.2176 
v 0.241816 3.5172 -14.212 
v 0.274776 3.72458 -14.3645 
v 2.43527 3.49232 -14.2176 
v 2.46217 3.5172 -14.212 
v 2.42921 3.72458 -14.3645 
v 0.246433 3.75509 -14.3656 
v 0.241816 3.5172 -14.212 
v 0.274776 3.72458 -14.3645 
v 0.372134 3.88545 -14.4788 
v 2.42921 3.72458 -14.3645 
v 2.45755 3.7551 -14.3656 
v 2.33185 3.88545 -14.4788 
v 2.46217 3.5172 -14.212 
v 1.14742 2.30973 -14.2132 
v 1.17142 2.30973 -14.2145 
v 1.14747 2.35979 -14.261 
v 1.17143 2.3598 -14.2623 
v 1.17144 2.43344 -14.3122 
v 1.14753 2.43346 -14.3109 
v 1.53256 2.30973 -14.2145 
v 1.55657 2.30973 -14.2132 
v 1.55651 2.35979 -14.261 
v 1.53255 2.3598 -14.2623 
v 1.53255 2.43344 -14.3122 
v 1.55645 2.43346 -14.3109 
v 0.979055 2.35979 -14.2557 
v 0.955211 2.35978 -14.2522 
v 0.978987 2.30973 -14.2078 
v 0.955065 2.30972 -14.2043 
v 0.979125 2.43343 -14.3056 
v 0.955395 2.43344 -14.3021 
v 1.74892 2.30972 -14.2043 
v 1.74877 2.35978 -14.2522 
v 1.725 2.30973 -14.2078 
v 1.72493 2.35979 -14.2557 
v 1.72486 2.43343 -14.3056 
v 1.74859 2.43344 -14.3021 
v 2.6857 4.76837e-07 -14.2922 
v 2.3288 2.28002 -13.9595 
v 2.297 2.27182 -13.98 
v 0.375189 2.28002 -13.9595 
v 0.0182861 0 -14.2922 
v 0.40698 2.27182 -13.98 
v 1.17143 2.3598 -14.2623 
v 1.17142 2.30973 -14.2145 
v 1.34023 2.30972 -14.2145 
v 1.34008 2.35979 -14.2623 
v 1.33995 2.43345 -14.3122 
v 1.17144 2.43344 -14.3122 
v 1.36391 2.35979 -14.2623 
v 1.36375 2.30972 -14.2145 
v 1.33995 2.5245 -14.3168 
v 1.1713 2.5244 -14.3167 
v 1.16839 2.69313 -14.3674 
v 1.33538 2.69427 -14.3686 
v 1.16409 2.87837 -14.4203 
v 1.33055 2.8793 -14.4222 
v 1.15754 3.06497 -14.4678 
v 1.326 3.06576 -14.4706 
v 1.14182 3.44897 -14.5599 
v 1.31688 3.45198 -14.5651 
v 1.13315 3.63671 -14.6024 
v 1.31258 3.63968 -14.6086 
v 1.12249 3.82537 -14.6402 
v 1.30854 3.8284 -14.6473 
v 1.10917 4.04154 -14.6806 
v 1.30404 4.04565 -14.6891 
v 1.14742 2.30973 -14.2132 
v 1.14747 2.35979 -14.261 
v 0.979055 2.35979 -14.2557 
v 0.978987 2.30973 -14.2078 
v 1.14753 2.43346 -14.3109 
v 0.979125 2.43343 -14.3056 
v 1.14755 2.52387 -14.316 
v 0.978899 2.52321 -14.3096 
v 0.979125 2.43343 -14.3056 
v 0.972581 2.68352 -14.3553 
v 1.13704 2.6914 -14.3652 
v 0.961976 2.86924 -14.4051 
v 1.12395 2.8766 -14.4167 
v 0.961976 2.86924 -14.4051 
v 0.94477 3.05594 -14.4492 
v 1.10787 3.06299 -14.4628 
v 0.904691 3.4217 -14.5295 
v 1.55651 2.35979 -14.261 
v 1.55657 2.30973 -14.2132 
v 1.72493 2.35979 -14.2557 
v 1.725 2.30973 -14.2078 
v 1.55645 2.43346 -14.3109 
v 1.72486 2.43343 -14.3056 
v 1.55643 2.52387 -14.316 
v 1.72486 2.43343 -14.3056 
v 1.72509 2.52321 -14.3096 
v 1.7314 2.68352 -14.3553 
v 1.56695 2.6914 -14.3652 
v 1.74201 2.86924 -14.4051 
v 1.74201 2.86924 -14.4051 
v 1.58003 2.8766 -14.4167 
v 1.75921 3.05594 -14.4492 
v 1.59612 3.06299 -14.4628 
v 1.79929 3.4217 -14.5295 
v 1.53256 2.30973 -14.2145 
v 1.53255 2.3598 -14.2623 
v 1.36404 2.43345 -14.3122 
v 1.53255 2.43344 -14.3122 
v 1.36403 2.5245 -14.3168 
v 1.53269 2.5244 -14.3167 
v 1.53559 2.69313 -14.3674 
v 1.3686 2.69427 -14.3686 
v 1.5399 2.87837 -14.4203 
v 1.37343 2.8793 -14.4222 
v 1.54644 3.06497 -14.4678 
v 1.37799 3.06576 -14.4706 
v 1.56217 3.44897 -14.5599 
v 1.38711 3.45198 -14.5651 
v 1.57083 3.63671 -14.6024 
v 1.3914 3.63968 -14.6086 
v 1.58149 3.82537 -14.6402 
v 1.39545 3.8284 -14.6473 
v 1.59481 4.04154 -14.6806 
v 1.39995 4.04565 -14.6891 
v 2.6698 4.76837e-07 -14.3024 
v 2.6857 4.76837e-07 -14.2922 
v 2.297 2.27182 -13.98 
v 0.0182861 0 -14.2922 
v 0.0341879 0 -14.3024 
v 0.40698 2.27182 -13.98 
v 0.79892 2.35976 -14.2376 
v 0.775186 2.35972 -14.2311 
v 0.798753 2.3097 -14.1898 
v 0.774891 2.30968 -14.1833 
v 0.799111 2.43338 -14.2875 
v 0.799111 2.43338 -14.2875 
v 0.775555 2.43343 -14.2811 
v 1.92909 2.30968 -14.1833 
v 1.9288 2.35972 -14.2311 
v 1.90523 2.3097 -14.1898 
v 1.90506 2.35976 -14.2376 
v 1.90487 2.43338 -14.2875 
v 1.92843 2.43343 -14.2811 
v 1.90487 2.43338 -14.2875 
v 0.955211 2.35978 -14.2522 
v 0.79892 2.35976 -14.2376 
v 0.955065 2.30972 -14.2043 
v 0.798753 2.3097 -14.1898 
v 0.955395 2.43344 -14.3021 
v 0.799111 2.43338 -14.2875 
v 0.955647 2.52196 -14.3072 
v 0.798795 2.52056 -14.2911 
v 0.799111 2.43338 -14.2875 
v 0.784893 2.65838 -14.3278 
v 0.939323 2.67553 -14.3487 
v 0.760983 2.84378 -14.3735 
v 0.915803 2.8608 -14.3956 
v 0.726675 3.02914 -14.4122 
v 0.884607 3.04642 -14.4362 
v 0.659442 3.34449 -14.472 
v 0.818222 3.39842 -14.5071 
v 0.615491 3.52918 -14.5039 
v 0.779884 3.58398 -14.5417 
v 0.562689 3.71255 -14.5295 
v 0.734954 3.76903 -14.5706 
v 0.50626 3.89267 -14.5514 
v 0.682716 3.96919 -14.5987 
v 1.90523 2.3097 -14.1898 
v 1.90506 2.35976 -14.2376 
v 1.74892 2.30972 -14.2043 
v 1.74877 2.35978 -14.2522 
v 1.74859 2.43344 -14.3021 
v 1.90487 2.43338 -14.2875 
v 1.74834 2.52196 -14.3072 
v 1.90487 2.43338 -14.2875 
v 1.90519 2.52056 -14.2911 
v 1.91909 2.65838 -14.3278 
v 1.76466 2.67553 -14.3487 
v 1.943 2.84378 -14.3735 
v 1.78818 2.8608 -14.3956 
v 1.97731 3.02914 -14.4122 
v 1.81938 3.04642 -14.4362 
v 2.04454 3.34449 -14.472 
v 1.88576 3.39842 -14.5071 
v 2.08849 3.52918 -14.5039 
v 1.9241 3.58398 -14.5417 
v 2.14129 3.71255 -14.5295 
v 1.96903 3.76903 -14.5706 
v 2.19772 3.89267 -14.5514 
v 2.02127 3.96919 -14.5987 
v 0.630479 2.35879 -14.2044 
v 0.775186 2.35972 -14.2311 
v 0.630854 2.43243 -14.2537 
v 0.630479 2.35879 -14.2044 
v 0.774891 2.30968 -14.1833 
v 0.630209 2.30834 -14.1568 
v 0.774891 2.30968 -14.1833 
v 0.775186 2.35972 -14.2311 
v 0.775555 2.43343 -14.2811 
v 0.775686 2.52106 -14.2871 
v 0.631133 2.51851 -14.2564 
v 0.630854 2.43243 -14.2537 
v 0.62354 2.5789 -14.2725 
v 0.756264 2.63711 -14.3172 
v 0.59231 2.76342 -14.3149 
v 0.719927 2.82097 -14.3605 
v 0.59231 2.76342 -14.3149 
v 2.07377 2.30834 -14.1568 
v 2.0735 2.35879 -14.2044 
v 1.92909 2.30968 -14.1833 
v 1.9288 2.35972 -14.2311 
v 1.92909 2.30968 -14.1833 
v 2.07313 2.43243 -14.2537 
v 1.92843 2.43343 -14.2811 
v 1.9288 2.35972 -14.2311 
v 1.9283 2.52106 -14.2871 
v 2.07313 2.43243 -14.2537 
v 2.07285 2.51851 -14.2564 
v 2.08044 2.5789 -14.2725 
v 1.94772 2.63711 -14.3172 
v 2.11167 2.76342 -14.3149 
v 2.11167 2.76342 -14.3149 
v 1.98406 2.82097 -14.3605 
v 1.07196 3.44499 -14.5513 
v 0.904691 3.4217 -14.5295 
v 1.10787 3.06299 -14.4628 
v 0.881286 3.60899 -14.568 
v 1.05306 3.63234 -14.5921 
v 0.852096 3.79649 -14.6011 
v 1.03153 3.82042 -14.6281 
v 0.816695 4.00349 -14.6347 
v 1.00541 4.03583 -14.6664 
v 0.816695 4.00349 -14.6347 
v 1.88729 4.00349 -14.6347 
v 1.69858 4.03583 -14.6664 
v 1.67246 3.82042 -14.6281 
v 1.85189 3.79649 -14.6011 
v 1.88729 4.00349 -14.6347 
v 1.65093 3.63234 -14.5921 
v 1.8227 3.60899 -14.568 
v 1.63203 3.44499 -14.5513 
v 1.79929 3.4217 -14.5295 
v 1.59612 3.06299 -14.4628 
v 2.11167 2.76342 -14.3149 
v 2.15878 2.94721 -14.3435 
v 1.98406 2.82097 -14.3605 
v 0.545207 2.94721 -14.3435 
v 0.59231 2.76342 -14.3149 
v 0.719927 2.82097 -14.3605 
v 2.19975 3.08364 -14.3597 
v 2.10918 3.27348 -14.438 
v 2.0314 3.00425 -14.3946 
v 2.15878 2.94721 -14.3435 
v 2.0314 3.00425 -14.3946 
v 1.98406 2.82097 -14.3605 
v 0.594801 3.27348 -14.438 
v 0.504231 3.08364 -14.3597 
v 0.67258 3.00425 -14.3946 
v 0.545207 2.94721 -14.3435 
v 0.67258 3.00425 -14.3946 
v 0.719927 2.82097 -14.3605 
v 0.147312 0 -12.2379 
v 2.16661 3.4554 -14.4634 
v 2.10918 3.27348 -14.438 
v 2.26144 3.26488 -14.375 
v 2.19975 3.08364 -14.3597 
v 0.594801 3.27348 -14.438 
v 0.537374 3.4554 -14.4634 
v 0.442541 3.26488 -14.375 
v 0.504231 3.08364 -14.3597 
v 2.37515 3.5251 -14.3756 
v 2.29533 3.7915 -14.4918 
v 2.23314 3.63517 -14.4804 
v 0.408658 3.7915 -14.4918 
v 0.328833 3.5251 -14.3756 
v 0.470847 3.63517 -14.4804 
v 2.23314 3.63517 -14.4804 
v 2.16661 3.4554 -14.4634 
v 2.33627 3.44173 -14.3775 
v 2.26144 3.26488 -14.375 
v 2.33627 3.44173 -14.3775 
v 0.537374 3.4554 -14.4634 
v 0.470847 3.63517 -14.4804 
v 0.36771 3.44173 -14.3775 
v 0.442541 3.26488 -14.375 
v 0.36771 3.44173 -14.3775 
v 2.33627 3.44173 -14.3775 
v 2.37515 3.5251 -14.3756 
v 2.23314 3.63517 -14.4804 
v 0.328833 3.5251 -14.3756 
v 0.36771 3.44173 -14.3775 
v 0.470847 3.63517 -14.4804 
v 0.328833 3.5251 -14.3756 
v 0.274776 3.72458 -14.3645 
v 0.408658 3.7915 -14.4918 
v 2.29533 3.7915 -14.4918 
v 2.37515 3.5251 -14.3756 
v 2.42921 3.72458 -14.3645 
v 0.662544 4.03623 -14.5958 
v 0.49758 3.95722 -14.5395 
v 0.682716 3.96919 -14.5987 
v 0.816695 4.00349 -14.6347 
v 1.00145 4.10434 -14.6668 
v 0.811242 4.07073 -14.6342 
v 1.00541 4.03583 -14.6664 
v 1.10917 4.04154 -14.6806 
v 1.59481 4.04154 -14.6806 
v 1.69858 4.03583 -14.6664 
v 1.70254 4.10434 -14.6668 
v 1.89274 4.07073 -14.6342 
v 2.2064 3.95722 -14.5395 
v 2.04144 4.03623 -14.5958 
v 2.02127 3.96919 -14.5987 
v 1.88729 4.00349 -14.6347 
v 0.816695 4.00349 -14.6347 
v 0.811242 4.07073 -14.6342 
v 0.662544 4.03623 -14.5958 
v 1.00541 4.03583 -14.6664 
v 1.88729 4.00349 -14.6347 
v 1.89274 4.07073 -14.6342 
v 1.69858 4.03583 -14.6664 
v 2.04144 4.03623 -14.5958 
v 0.408658 3.7915 -14.4918 
v 0.372134 3.88545 -14.4788 
v 0.274776 3.72458 -14.3645 
v 0.50626 3.89267 -14.5514 
v 1.30404 4.04565 -14.6891 
v 1.30408 4.11634 -14.6878 
v 1.10655 4.11086 -14.6767 
v 1.3999 4.11634 -14.6878 
v 1.39995 4.04565 -14.6891 
v 1.59744 4.11086 -14.6767 
v 2.29533 3.7915 -14.4918 
v 2.33185 3.88545 -14.4788 
v 2.19772 3.89267 -14.5514 
v 2.42921 3.72458 -14.3645 
v 1.10917 4.04154 -14.6806 
v 1.30404 4.04565 -14.6891 
v 1.10655 4.11086 -14.6767 
v 1.00145 4.10434 -14.6668 
v 1.39995 4.04565 -14.6891 
v 1.59481 4.04154 -14.6806 
v 1.59744 4.11086 -14.6767 
v 1.70254 4.10434 -14.6668 
v 0.49758 3.95722 -14.5395 
v 0.372134 3.88545 -14.4788 
v 0.50626 3.89267 -14.5514 
v 0.682716 3.96919 -14.5987 
v 2.33185 3.88545 -14.4788 
v 2.2064 3.95722 -14.5395 
v 2.19772 3.89267 -14.5514 
v 2.02127 3.96919 -14.5987 
v 0.208557 4.00948 -14.5637 
v 0.0673883 3.81087 -14.3676 
v 0.208509 4.01472 -14.5556 
v 0.0374545 2.96135 -12.6144 
v 0.0330888 2.95621 -12.6213 
v 0.00275016 2.35416 -12.4548 
v 0.0374738 3.03735 -12.6522 
v 0.0415792 3.04257 -12.6451 
v 0.0374738 3.03735 -12.6522 
v 0.0410107 3.10759 -12.7032 
v 0.0673883 3.81087 -14.3676 
v 0.0561221 3.55697 -14.1812 
v 0.0690073 3.81504 -14.359 
v 0.208509 4.01472 -14.5556 
v 0.0415792 3.04257 -12.6451 
v 0.0449235 3.11295 -12.6961 
v 0.0410107 3.10759 -12.7032 
v 0.0434586 3.16205 -12.7709 
v 0.0472462 3.16758 -12.7637 
v 0.0434586 3.16205 -12.7709 
v 0.0446247 3.1969 -12.8506 
v 0.342422 2.00132 -12.0976 
v 0.34274 2.11894 -12.137 
v 0.331455 1.96678 -12.0977 
v 2.36124 2.11894 -12.137 
v 2.36156 2.00132 -12.0976 
v 2.37253 1.96678 -12.0977 
v 0.0472462 3.16758 -12.7637 
v 0.0483834 3.20267 -12.8432 
v 0.0446247 3.1969 -12.8506 
v 0.046427 3.36944 -13.7809 
v 0.0499734 3.37797 -13.7809 
v 0.046427 3.36944 -13.7809 
v 0.0483834 3.20267 -12.8432 
v 0.0475738 3.40381 -13.9185 
v 0.0499734 3.37797 -13.7809 
v 0.0510336 3.41252 -13.9184 
v 0.0475738 3.40381 -13.9185 
v 0.0509758 3.46779 -14.0451 
v 0.502704 3.89286 -14.5604 
v 0.368221 3.883 -14.4873 
v 0.0510336 3.41252 -13.9184 
v 0.05432 3.47704 -14.0446 
v 0.0509758 3.46779 -14.0451 
v 0.0561221 3.55697 -14.1812 
v 0.00275016 2.35692 -12.4427 
v 0.00275016 2.35416 -12.4548 
v 0.00275064 0 -12.2379 
v 0.00275064 0 -12.2259 
v 0.34274 2.11894 -12.137 
v 0.366689 2.20935 -12.1895 
v 0.331965 2.08495 -12.137 
v 0.331455 1.96678 -12.0977 
v 0.00275016 2.35692 -12.4427 
v 0.0374545 2.96135 -12.6144 
v 0.00275016 2.35416 -12.4548 
v 0.0590905 3.56316 -14.1744 
v 0.0561221 3.55697 -14.1812 
v 0.05432 3.47704 -14.0446 
v 0.0690073 3.81504 -14.359 
v 0.331965 2.08495 -12.137 
v 0.135641 0 -12.0749 
v 0.331455 1.96678 -12.0977 
v 0.36641 2.02847 -12.0976 
v 2.33757 2.02847 -12.0976 
v 0.331965 2.08495 -12.137 
v 0.34274 2.11894 -12.137 
v 0.342904 2.18246 -12.1894 
v 2.36108 2.18246 -12.1894 
v 0.332216 2.14819 -12.1894 
v 0.331965 2.08495 -12.137 
v 0.342904 2.18246 -12.1894 
v 0.268734 3.72157 -14.3714 
v 2.30068 3.79022 -14.4997 
v 2.3373 2.20935 -12.1895 
v 0.268734 3.72157 -14.3714 
v 0.32199 3.52369 -14.3822 
v 0.260474 3.48898 -14.2213 
v 2.38199 3.52369 -14.3822 
v 2.44351 3.48898 -14.2213 
v 0.32199 3.52369 -14.3822 
v 0.290254 3.29023 -14.2629 
v 0.260474 3.48898 -14.2213 
v 0.275856 3.18178 -14.0525 
v 2.42813 3.18178 -14.0525 
v 2.41373 3.29023 -14.2629 
v 0.135641 0 -12.0749 
v 0.331965 2.08495 -12.137 
v 0.332216 2.14819 -12.1894 
v 0.298861 2.35392 -12.4789 
v 0.298861 2.35416 -12.4548 
v 0.243041 2.95669 -12.6214 
v 0.259048 2.94141 -12.6362 
v 0.298861 2.35178 -12.7198 
v 2.40512 2.35178 -12.7198 
v 2.40512 2.35416 -12.4548 
v 0.252071 3.38024 -14.0468 
v 0.275856 3.18178 -14.0525 
v 0.247666 3.32036 -13.9188 
v 0.260474 3.48898 -14.2213 
v 2.45191 3.38024 -14.0468 
v 2.45632 3.32036 -13.9188 
v 0.247666 3.32036 -13.9188 
v 0.269293 3.12855 -13.9203 
v 0.246182 3.29256 -13.7801 
v 0.275856 3.18178 -14.0525 
v 2.43469 3.12855 -13.9203 
v 2.23756 3.63312 -14.4886 
v 0.437844 3.26296 -14.3828 
v 0.630854 2.43243 -14.2537 
v 2.06516 2.42931 -14.2588 
v 2.07313 2.43243 -14.2537 
v 0.246182 3.29256 -13.7801 
v 0.267076 3.1006 -13.7805 
v 0.246298 3.17306 -12.8677 
v 0.269293 3.12855 -13.9203 
v 0.246298 3.17306 -12.8677 
v 0.267076 3.00939 -13.0044 
v 0.247194 3.1419 -12.7875 
v 0.267076 3.1006 -13.7805 
v 2.45679 3.1419 -12.7875 
v 0.253825 3.02147 -12.6672 
v 0.27283 2.86907 -12.8104 
v 0.259048 2.94141 -12.6362 
v 0.269746 2.93595 -12.8588 
v 0.249767 3.09005 -12.7189 
v 0.269746 2.93595 -12.8588 
v 0.253825 3.02147 -12.6672 
v 0.26776 2.98435 -12.9257 
v 0.247194 3.1419 -12.7875 
v 0.26776 2.98435 -12.9257 
v 0.249767 3.09005 -12.7189 
v 0.267076 3.00939 -13.0044 
v 0.135641 0 -12.1011 
v 0.332216 2.14819 -12.1894 
v 0.332399 2.19641 -12.2996 
v 0.259048 2.94141 -12.6362 
v 0.276694 2.79042 -12.7853 
v 0.298861 2.35178 -12.7198 
v 0.27283 2.86907 -12.8104 
v 2.36546 2.29758 -13.901 
v 2.70403 4.76837e-07 -14.27 
v 0.135641 0 -12.2259 
v 0.343019 2.23005 -12.4429 
v 0.366756 2.2572 -12.4429 
v 0.00455272 0 -14.2885 
v -4.43459e-05 0 -14.27 
v 0.338528 2.29758 -13.901 
v 0.347713 2.29279 -13.9381 
v 0.00455272 0 -14.2885 
v 0.338528 2.29758 -13.901 
v 2.56834 2.38419e-07 -12.2259 
v 2.36096 2.23005 -12.4429 
v 2.33723 2.25721 -12.4429 
v 0.342904 2.18246 -12.1894 
v 0.343019 2.23078 -12.2996 
v 0.332399 2.19641 -12.2996 
v 2.36097 2.23078 -12.2996 
v 0.332216 2.14819 -12.1894 
v 0.342904 2.18246 -12.1894 
v 0.332399 2.19641 -12.2996 
v 0.332399 2.19641 -12.2996 
v 0.332399 2.19559 -12.4429 
v 0.135641 0 -12.1562 
v 0.0155684 0 -14.304 
v 0.00455272 0 -14.2885 
v 0.347713 2.29279 -13.9381 
v 0.332399 2.19559 -12.4429 
v 0.135641 0 -12.2259 
v 0.135641 0 -12.1562 
v 0.135641 0 -12.1011 
v 0.332399 2.19641 -12.2996 
v 0.135641 0 -12.0749 
v 0.332216 2.14819 -12.1894 
v 0.135641 0 -12.0512 
v 0.331455 1.96678 -12.0977 
v 0.369744 2.28618 -13.9691 
v 0.0155684 0 -14.304 
v 0.347713 2.29279 -13.9381 
v 2.36023 2.29203 -13.8913 
v 0.338528 2.29758 -13.901 
v 0.343752 2.29202 -13.8913 
v 0.328101 2.31512 -13.7155 
v 2.55787 4.76837e-07 -14.4464 
v 0.146117 0 -14.4464 
v 0.247319 2.96191 -12.6145 
v 0.239966 3.04201 -12.6453 
v 2.46402 3.04201 -12.6453 
v 2.45666 2.96191 -12.6145 
v 0.589974 2.7615 -14.324 
v 0.621567 2.57704 -14.2817 
v 1.93024 2.42931 -14.2896 
v -4.43459e-05 0 -14.27 
v 0.00256753 0 -14.2581 
v 0.338528 2.29758 -13.901 
v 0.366689 2.20935 -12.1895 
v 0.366756 2.25781 -12.2996 
v 0.343019 2.23078 -12.2996 
v 0.332399 2.19641 -12.2996 
v 0.343019 2.23005 -12.4429 
v 0.332399 2.19559 -12.4429 
v 0.332399 2.19641 -12.2996 
v 0.343019 2.23005 -12.4429 
v 2.67251 4.76837e-07 -14.3143 
v 0.638821 2.30105 -14.1532 
v 2.06516 2.30105 -14.1532 
v 1.3916 3.63831 -14.618 
v 0.342904 2.18246 -12.1894 
v 0.366689 2.20935 -12.1895 
v 0.343019 2.23078 -12.2996 
v 2.30242 2.27871 -13.9896 
v 0.401562 2.27871 -13.9896 
v 2.45955 3.75009 -14.3736 
v 0.00256753 0 -14.2581 
v 0.343752 2.29202 -13.8913 
v 0.338528 2.29758 -13.901 
v 0.230704 3.16309 -12.7653 
v 0.23429 3.11079 -12.6969 
v 2.47328 3.16309 -12.7653 
v 2.46969 3.11079 -12.6969 
v 2.55841 4.76837e-07 -14.3179 
v 0.145693 0 -14.3672 
v 0.145577 0 -14.3179 
v 0.629774 2.24333 -13.9968 
v 0.145799 0 -14.3979 
v 0.630009 2.27603 -14.0955 
v 0.145934 0 -14.4217 
v 0.630209 2.30834 -14.1568 
v 0.146117 0 -14.4464 
v 0.630854 2.43243 -14.2537 
v 0.260474 3.48898 -14.2213 
v 0.252071 3.38024 -14.0468 
v 0.238848 3.51068 -14.2184 
v 0.147688 0 -12.0596 
v 2.5563 2.38419e-07 -12.0596 
v 0.630009 2.27603 -14.0955 
v 0.145693 0 -14.3672 
v 0.629774 2.24333 -13.9968 
v 2.35289 3.90837 -14.494 
v 0.630209 2.30834 -14.1568 
v 0.145799 0 -14.3979 
v 0.630009 2.27603 -14.0955 
v 0.638821 2.23381 -13.9871 
v 2.06516 2.23381 -13.9871 
v 0.797839 2.23381 -12.7198 
v 0.797839 2.23381 -12.4789 
v 0.797839 2.24345 -12.7198 
v 0.797839 2.23146 -12.9467 
v 0.797839 2.23381 -12.4789 
v 0.797839 2.24345 -12.4789 
v 0.797839 2.24345 -12.7198 
v 0.797839 2.2411 -12.9468 
v 0.797839 2.23146 -12.9467 
v 0.797839 2.22993 -13.1395 
v 0.797853 2.23956 -13.1395 
v 0.797839 2.22935 -13.3322 
v 0.797895 2.23895 -13.3322 
v 0.797839 2.22971 -13.525 
v 0.797964 2.23927 -13.525 
v 0.797839 2.23102 -13.7177 
v 0.798062 2.24052 -13.7177 
v 0.797839 2.23381 -14.0198 
v 0.798234 2.24319 -14.0176 
v 0.797839 2.23381 -14.0198 
v 0.798062 2.24052 -13.7177 
v 0.49426 2.25328 -13.9871 
v 0.630479 2.35879 -14.2044 
v 0.145934 0 -14.4217 
v 0.630209 2.30834 -14.1568 
v 0.5422 2.94514 -14.3522 
v 0.589974 2.7615 -14.324 
v 0.59231 2.76342 -14.3149 
v 0.62354 2.5789 -14.2725 
v 0.589974 2.7615 -14.324 
v 0.621567 2.57704 -14.2817 
v 0.631133 2.51851 -14.2564 
v 0.629184 2.51701 -14.2657 
v 0.629184 2.51701 -14.2657 
v 0.630854 2.43243 -14.2537 
v 0.343019 2.23078 -12.2996 
v 0.366756 2.25781 -12.2996 
v 0.366756 2.2572 -12.4429 
v 0.343019 2.23005 -12.4429 
v 0.343019 2.23078 -12.2996 
v 0.366756 2.2572 -12.4429 
v 0.797839 2.51904 -14.3006 
v 0.798795 2.52056 -14.2911 
v 0.783889 2.65659 -14.3372 
v 0.797839 2.42931 -14.2962 
v 0.145934 0 -14.4217 
v 0.630479 2.35879 -14.2044 
v 0.630854 2.43243 -14.2537 
v 0.759828 2.84197 -14.3829 
v 0.783889 2.65659 -14.3372 
v 0.784893 2.65838 -14.3278 
v 0.798795 2.52056 -14.2911 
v 0.760983 2.84378 -14.3735 
v 0.759828 2.84197 -14.3829 
v 0.784893 2.65838 -14.3278 
v 2.3252 2.24768 -12.4548 
v 2.34894 2.22106 -12.4548 
v 2.3252 2.24768 -12.3006 
v 2.34894 2.22106 -12.3006 
v 2.32527 2.20141 -12.1957 
v 2.34905 2.17492 -12.1955 
v 2.35957 2.18703 -12.4548 
v 2.34894 2.22106 -12.3006 
v 2.35957 2.18703 -12.3006 
v 2.34905 2.17492 -12.1955 
v 2.35975 2.14096 -12.1955 
v 2.35999 2.08021 -12.1453 
v 2.35999 2.08021 -12.1453 
v 2.34923 2.11386 -12.1453 
v 2.36049 1.96537 -12.1063 
v 2.34953 1.99946 -12.1063 
v 0.797839 2.42931 -14.2962 
v 0.799111 2.43338 -14.2875 
v 0.798795 2.52056 -14.2911 
v 0.629632 2.19495 -12.1891 
v 0.629777 2.24327 -13.9968 
v 0.725275 3.02729 -14.4215 
v 0.759828 2.84197 -14.3829 
v 0.760983 2.84378 -14.3735 
v 0.231148 3.39958 -14.0457 
v 2.47284 3.39958 -14.0457 
v 0.629184 2.23381 -12.4548 
v 0.484622 2.25328 -12.3006 
v 0.978541 2.23381 -12.7198 
v 0.978541 2.23381 -12.4789 
v 0.978541 2.24345 -12.7198 
v 0.978541 2.23146 -12.9467 
v 0.978541 2.23381 -12.4789 
v 0.978541 2.24345 -12.4789 
v 0.978541 2.24345 -12.7198 
v 0.978541 2.2411 -12.9468 
v 0.978541 2.23146 -12.9467 
v 0.978541 2.22992 -13.1395 
v 0.978548 2.23956 -13.1395 
v 0.978541 2.22932 -13.3322 
v 0.978568 2.23893 -13.3322 
v 0.978541 2.22966 -13.525 
v 0.978601 2.23922 -13.525 
v 0.978541 2.23093 -13.7177 
v 0.978647 2.24044 -13.7177 
v 0.978541 2.23381 -14.0379 
v 0.5422 2.94514 -14.3522 
v 0.545207 2.94721 -14.3435 
v 0.504231 3.08364 -14.3597 
v 0.59231 2.76342 -14.3149 
v 0.978735 2.2432 -14.0357 
v 0.978541 2.23381 -14.0379 
v 0.978647 2.24044 -13.7177 
v 0.657327 3.34359 -14.4813 
v 0.659442 3.34449 -14.472 
v 0.613065 3.52822 -14.5131 
v 0.725275 3.02729 -14.4215 
v 0.726675 3.02914 -14.4122 
v 0.760983 2.84378 -14.3735 
v 0.659442 3.34449 -14.472 
v 0.978541 2.52162 -14.3191 
v 0.978541 2.42931 -14.3143 
v 0.978899 2.52321 -14.3096 
v 0.972126 2.68163 -14.3647 
v 0.978541 2.42931 -14.3143 
v 0.979125 2.43343 -14.3056 
v 0.978899 2.52321 -14.3096 
v 0.972581 2.68352 -14.3553 
v 0.972126 2.68163 -14.3647 
v 0.978899 2.52321 -14.3096 
v 0.961385 2.86735 -14.4146 
v 0.961976 2.86924 -14.4051 
v 0.944022 3.05404 -14.4586 
v 0.94477 3.05594 -14.4492 
v 0.904691 3.4217 -14.5295 
v 0.903554 3.42035 -14.539 
v 0.904691 3.4217 -14.5295 
v 0.903554 3.42035 -14.539 
v 0.879981 3.60762 -14.5774 
v 0.881286 3.60899 -14.568 
v 0.879981 3.60762 -14.5774 
v 0.850625 3.79511 -14.6105 
v 0.852096 3.79649 -14.6011 
v 0.81489 4.00295 -14.6442 
v 0.500434 3.08202 -14.3681 
v 0.504231 3.08364 -14.3597 
v 0.437844 3.26296 -14.3828 
v 0.5422 2.94514 -14.3522 
v 0.613065 3.52822 -14.5131 
v 0.615491 3.52918 -14.5039 
v 0.559915 3.71149 -14.5384 
v 0.659442 3.34449 -14.472 
v 1.17129 2.52274 -14.3262 
v 1.1713 2.5244 -14.3167 
v 1.16834 2.69115 -14.3768 
v 1.17129 2.42931 -14.3209 
v 1.17129 2.23381 -12.4789 
v 1.17129 2.24345 -12.4789 
v 1.17129 2.24345 -12.7198 
v 1.17129 2.2411 -12.9468 
v 1.17129 2.23146 -12.9467 
v 1.17129 2.22992 -13.1395 
v 1.17129 2.23955 -13.1395 
v 1.17129 2.22931 -13.3322 
v 1.1713 2.23892 -13.3322 
v 1.17129 2.22964 -13.525 
v 1.17131 2.23921 -13.525 
v 1.17129 2.23089 -13.7177 
v 1.17132 2.24041 -13.7177 
v 1.17129 2.23381 -14.0445 
v 1.17129 2.23381 -12.7198 
v 1.17129 2.23381 -12.4789 
v 1.17129 2.24345 -12.7198 
v 1.17129 2.23146 -12.9467 
v 1.17135 2.2432 -14.0424 
v 1.17129 2.23381 -14.0445 
v 1.17132 2.24041 -13.7177 
v 1.16398 2.87638 -14.4297 
v 1.16834 2.69115 -14.3768 
v 1.16839 2.69313 -14.3674 
v 1.1713 2.5244 -14.3167 
v 1.16409 2.87837 -14.4203 
v 1.16398 2.87638 -14.4297 
v 1.16839 2.69313 -14.3674 
v 0.615491 3.52918 -14.5039 
v 0.562689 3.71255 -14.5295 
v 0.559915 3.71149 -14.5384 
v 1.17129 2.42931 -14.3209 
v 1.17144 2.43344 -14.3122 
v 1.1713 2.5244 -14.3167 
v 1.15736 3.06299 -14.4772 
v 1.16398 2.87638 -14.4297 
v 1.16409 2.87837 -14.4203 
v 1.15736 3.06299 -14.4772 
v 1.15754 3.06497 -14.4678 
v 1.14182 3.44897 -14.5599 
v 1.16409 2.87837 -14.4203 
v 2.29533 3.7915 -14.4918 
v 2.30068 3.79022 -14.4997 
v 2.23756 3.63312 -14.4886 
v 1.14144 3.44774 -14.5694 
v 1.14182 3.44897 -14.5599 
v 1.13269 3.63548 -14.6119 
v 1.15736 3.06299 -14.4772 
v 0.502704 3.89286 -14.5604 
v 0.559915 3.71149 -14.5384 
v 0.562689 3.71255 -14.5295 
v 1.13269 3.63548 -14.6119 
v 1.13315 3.63671 -14.6024 
v 1.12195 3.82415 -14.6496 
v 1.14182 3.44897 -14.5599 
v 0.816695 4.00349 -14.6347 
v 0.81489 4.00295 -14.6442 
v 0.852096 3.79649 -14.6011 
v 0.504231 3.08364 -14.3597 
v 0.442541 3.26488 -14.375 
v 0.437844 3.26296 -14.3828 
v 1.10845 4.04138 -14.6902 
v 1.12195 3.82415 -14.6496 
v 1.12249 3.82537 -14.6402 
v 1.13315 3.63671 -14.6024 
v 1.12249 3.82537 -14.6402 
v 0.50626 3.89267 -14.5514 
v 0.502704 3.89286 -14.5604 
v 0.562689 3.71255 -14.5295 
v 1.10917 4.04154 -14.6806 
v 1.10845 4.04138 -14.6902 
v 1.12249 3.82537 -14.6402 
v 2.23756 3.63312 -14.4886 
v 2.17047 3.45355 -14.4718 
v 2.23314 3.63517 -14.4804 
v 2.29533 3.7915 -14.4918 
v 1.36404 2.23381 -14.0445 
v 1.36404 2.23089 -13.7177 
v 1.36305 2.24315 -14.0424 
v 0.437844 3.26296 -14.3828 
v 0.442541 3.26488 -14.375 
v 0.361966 3.43936 -14.3845 
v 1.38711 3.45198 -14.5651 
v 1.38729 3.45061 -14.5746 
v 1.37799 3.06576 -14.4706 
v 1.3914 3.63968 -14.6086 
v 1.3916 3.63831 -14.618 
v 1.38729 3.45061 -14.5746 
v 1.3914 3.63968 -14.6086 
v 1.39545 3.8284 -14.6473 
v 1.39566 3.82704 -14.6568 
v 1.3916 3.63831 -14.618 
v 1.39545 3.8284 -14.6473 
v 1.39995 4.04565 -14.6891 
v 1.39995 4.04565 -14.6891 
v 1.40018 4.04526 -14.6987 
v 1.39566 3.82704 -14.6568 
v 1.37799 3.06576 -14.4706 
v 1.37811 3.06374 -14.48 
v 1.37352 2.87729 -14.4316 
v 1.38729 3.45061 -14.5746 
v 1.37343 2.8793 -14.4222 
v 1.37352 2.87729 -14.4316 
v 1.36865 2.69226 -14.378 
v 1.37799 3.06576 -14.4706 
v 1.36404 2.23089 -13.7177 
v 1.3635 2.24039 -13.7177 
v 1.36305 2.24315 -14.0424 
v 1.36404 2.22964 -13.525 
v 1.36374 2.23919 -13.525 
v 1.36404 2.22931 -13.3322 
v 1.3639 2.23891 -13.3322 
v 1.36404 2.22992 -13.1395 
v 1.36401 2.23955 -13.1395 
v 1.36404 2.23146 -12.9467 
v 1.36404 2.2411 -12.9468 
v 1.36404 2.23381 -12.7198 
v 1.36404 2.23381 -12.4789 
v 1.36404 2.24345 -12.4789 
v 1.36865 2.69226 -14.378 
v 1.36404 2.5228 -14.3263 
v 1.3686 2.69427 -14.3686 
v 1.37343 2.8793 -14.4222 
v 1.36404 2.5228 -14.3263 
v 1.36404 2.42931 -14.3209 
v 1.36404 2.43345 -14.3122 
v 1.36403 2.5245 -14.3168 
v 1.36404 2.5228 -14.3263 
v 1.36404 2.43345 -14.3122 
v 1.3686 2.69427 -14.3686 
v 1.36404 2.23381 -12.7198 
v 1.36404 2.24345 -12.7198 
v 1.36404 2.2411 -12.9468 
v 1.36404 2.24345 -12.4789 
v 1.69858 4.03583 -14.6664 
v 1.69998 4.03523 -14.6759 
v 1.67365 3.81897 -14.6375 
v 1.67365 3.81897 -14.6375 
v 1.65202 3.6309 -14.6016 
v 1.67246 3.82042 -14.6281 
v 1.69858 4.03583 -14.6664 
v 2.17047 3.45355 -14.4718 
v 2.11255 3.27176 -14.4467 
v 2.16661 3.4554 -14.4634 
v 2.23314 3.63517 -14.4804 
v 0.259048 2.94141 -12.6362 
v 0.298861 2.35392 -12.4789 
v 0.243041 2.95669 -12.6214 
v 0.253825 3.02147 -12.6672 
v 0.235909 3.03673 -12.6524 
v 0.243041 2.95669 -12.6214 
v 0.249767 3.09005 -12.7189 
v 0.247194 3.1419 -12.7875 
v 0.230396 3.10539 -12.7041 
v 0.235909 3.03673 -12.6524 
v 0.226917 3.15748 -12.7725 
v 0.247194 3.1419 -12.7875 
v 0.246298 3.17306 -12.8677 
v 0.225731 3.18906 -12.8526 
v 0.246298 3.17306 -12.8677 
v 1.65202 3.6309 -14.6016 
v 1.63301 3.44355 -14.5607 
v 1.65093 3.63234 -14.5921 
v 1.67246 3.82042 -14.6281 
v 2.02127 3.96919 -14.5987 
v 2.0235 3.9685 -14.6081 
v 1.9709 3.76758 -14.5799 
v 1.63203 3.44499 -14.5513 
v 1.63301 3.44355 -14.5607 
v 1.59612 3.06299 -14.4628 
v 1.65093 3.63234 -14.5921 
v 1.9709 3.76758 -14.5799 
v 1.92584 3.58255 -14.551 
v 1.96903 3.76903 -14.5706 
v 2.02127 3.96919 -14.5987 
v 0.442541 3.26488 -14.375 
v 0.36771 3.44173 -14.3775 
v 0.361966 3.43936 -14.3845 
v 1.59681 3.06101 -14.4721 
v 1.58061 2.87462 -14.4261 
v 1.59612 3.06299 -14.4628 
v 1.63301 3.44355 -14.5607 
v 1.58061 2.87462 -14.4261 
v 1.5674 2.68942 -14.3746 
v 1.58003 2.8766 -14.4167 
v 1.59612 3.06299 -14.4628 
v 1.56695 2.6914 -14.3652 
v 1.5674 2.68942 -14.3746 
v 1.55679 2.5222 -14.3255 
v 1.58003 2.8766 -14.4167 
v 1.92584 3.58255 -14.551 
v 1.88736 3.39702 -14.5165 
v 1.9241 3.58398 -14.5417 
v 1.96903 3.76903 -14.5706 
v 1.55679 2.5222 -14.3255 
v 1.55679 2.42931 -14.3196 
v 1.55645 2.43346 -14.3109 
v 1.55643 2.52387 -14.316 
v 1.55679 2.5222 -14.3255 
v 1.55645 2.43346 -14.3109 
v 1.56695 2.6914 -14.3652 
v 2.10918 3.27348 -14.438 
v 2.11255 3.27176 -14.4467 
v 2.0314 3.00425 -14.3946 
v 2.16661 3.4554 -14.4634 
v 0.32199 3.52369 -14.3822 
v 0.361966 3.43936 -14.3845 
v 0.36771 3.44173 -14.3775 
v 1.55679 2.23381 -14.0432 
v 1.55679 2.2309 -13.7177 
v 1.55669 2.2432 -14.0411 
v 1.55679 2.2309 -13.7177 
v 1.55674 2.24042 -13.7177 
v 1.55669 2.2432 -14.0411 
v 1.55674 2.24042 -13.7177 
v 1.55679 2.2309 -13.7177 
v 1.55679 2.22964 -13.525 
v 1.55676 2.23921 -13.525 
v 1.55679 2.22931 -13.3322 
v 1.55678 2.23892 -13.3322 
v 1.55679 2.22992 -13.1395 
v 1.55678 2.23955 -13.1395 
v 1.55679 2.23146 -12.9467 
v 1.55679 2.2411 -12.9468 
v 1.55679 2.23381 -12.7198 
v 1.55679 2.23381 -12.4789 
v 1.55679 2.24345 -12.4789 
v 1.55679 2.23381 -12.7198 
v 1.55679 2.24345 -12.7198 
v 1.55679 2.2411 -12.9468 
v 1.55679 2.24345 -12.4789 
v 0.255935 3.14448 -12.7842 
v 2.47328 3.16309 -12.7653 
v 2.47448 3.19492 -12.8453 
v 2.44805 3.14448 -12.7842 
v 2.44546 3.0925 -12.7158 
v 1.88576 3.39842 -14.5071 
v 1.88736 3.39702 -14.5165 
v 1.81938 3.04642 -14.4362 
v 1.9241 3.58398 -14.5417 
v 0.255039 3.17576 -12.8643 
v 0.254827 3.29656 -13.7801 
v 2.44916 3.29656 -13.7801 
v 2.44895 3.17576 -12.8643 
v 2.47448 3.19492 -12.8453 
v 2.44805 3.14448 -12.7842 
v 0.299525 3.2911 -14.2604 
v 2.40446 3.2911 -14.2604 
v 2.55787 4.76837e-07 -14.4464 
v 2.55388 4.76837e-07 -14.439 
v 2.06516 2.42931 -14.2588 
v 2.46969 3.11079 -12.6969 
v 2.47328 3.16309 -12.7653 
v 2.44546 3.0925 -12.7158 
v 2.44136 3.02382 -12.6643 
v 2.46402 3.04201 -12.6453 
v 2.46969 3.11079 -12.6969 
v 2.43609 2.94369 -12.6336 
v 2.45666 2.96191 -12.6145 
v 2.46402 3.04201 -12.6453 
v 2.39881 2.35692 -12.4427 
v 0.256273 3.32453 -13.9187 
v 2.44771 3.32453 -13.9187 
v 1.81938 3.04642 -14.4362 
v 1.82061 3.04452 -14.4456 
v 1.78929 2.8589 -14.405 
v 1.88736 3.39702 -14.5165 
v 0.328833 3.5251 -14.3756 
v 2.37515 3.5251 -14.3756 
v 2.0314 3.00425 -14.3946 
v 2.03396 3.00212 -14.4036 
v 1.98624 2.81891 -14.3696 
v 2.11255 3.27176 -14.4467 
v 1.78818 2.8608 -14.3956 
v 1.78929 2.8589 -14.405 
v 1.76567 2.67365 -14.3581 
v 1.81938 3.04642 -14.4362 
v 1.76567 2.67365 -14.3581 
v 1.74929 2.52034 -14.3167 
v 1.76466 2.67553 -14.3487 
v 1.78818 2.8608 -14.3956 
v 1.74929 2.52034 -14.3167 
v 1.74954 2.42931 -14.3107 
v 1.74859 2.43344 -14.3021 
v 1.74834 2.52196 -14.3072 
v 1.74929 2.52034 -14.3167 
v 1.74859 2.43344 -14.3021 
v 1.76466 2.67553 -14.3487 
v 1.98406 2.82097 -14.3605 
v 1.98624 2.81891 -14.3696 
v 1.94969 2.63509 -14.3264 
v 2.0314 3.00425 -14.3946 
v 1.94969 2.63509 -14.3264 
v 1.93024 2.51936 -14.2964 
v 1.94772 2.63711 -14.3172 
v 1.98406 2.82097 -14.3605 
v 1.74954 2.23381 -14.0343 
v 1.74954 2.23095 -13.7177 
v 1.74928 2.2432 -14.0321 
v 0.2606 3.38479 -14.0465 
v 2.44338 3.38479 -14.0465 
v 1.74954 2.23095 -13.7177 
v 1.74939 2.24046 -13.7177 
v 1.74928 2.2432 -14.0321 
v 1.74954 2.22967 -13.525 
v 1.74946 2.23923 -13.525 
v 1.74954 2.22933 -13.3322 
v 1.7495 2.23893 -13.3322 
v 1.74954 2.22992 -13.1395 
v 1.74953 2.23956 -13.1395 
v 1.74954 2.23146 -12.9467 
v 1.74954 2.2411 -12.9468 
v 1.74954 2.23381 -12.7198 
v 1.74954 2.23381 -12.4789 
v 1.74954 2.24345 -12.4789 
v 1.74954 2.23381 -12.7198 
v 1.74954 2.24345 -12.7198 
v 1.74954 2.2411 -12.9468 
v 1.74954 2.24345 -12.4789 
v 1.9283 2.52106 -14.2871 
v 1.93024 2.51936 -14.2964 
v 1.92843 2.43343 -14.2811 
v 1.94772 2.63711 -14.3172 
v 1.93024 2.51936 -14.2964 
v 1.93024 2.42931 -14.2896 
v 1.92843 2.43343 -14.2811 
v 2.06516 2.42931 -14.2588 
v 2.55388 4.76837e-07 -14.439 
v 2.06516 2.35149 -14.2008 
v 0.318955 2.33073 -13.5238 
v 0.328101 2.31512 -13.7155 
v 0.322578 2.3095 -13.7153 
v 0.343752 2.29202 -13.8913 
v 2.55388 4.76837e-07 -14.389 
v 2.06516 2.30105 -14.1532 
v 2.06516 2.35149 -14.2008 
v 2.37515 3.5251 -14.3756 
v 2.38199 3.52369 -14.3822 
v 2.40446 3.2911 -14.2604 
v 0.285368 3.18302 -14.0523 
v 0.276656 3.10143 -13.7804 
v 2.42733 3.10144 -13.7804 
v 2.42732 3.01012 -13.0037 
v 1.93024 2.23381 -14.0132 
v 1.93024 2.23106 -13.7177 
v 1.92983 2.24319 -14.011 
v 2.55388 4.76837e-07 -14.3584 
v 2.06516 2.26867 -14.0919 
v 2.06516 2.30105 -14.1532 
v 1.93024 2.23106 -13.7177 
v 1.93001 2.24056 -13.7177 
v 1.92983 2.24319 -14.011 
v 1.93024 2.22973 -13.525 
v 1.93011 2.23929 -13.525 
v 1.93024 2.22935 -13.3322 
v 1.93018 2.23896 -13.3322 
v 1.93024 2.22993 -13.1395 
v 1.93022 2.23956 -13.1395 
v 1.93024 2.23146 -12.9467 
v 1.93024 2.2411 -12.9468 
v 1.93024 2.23381 -12.7198 
v 1.93024 2.23381 -12.4789 
v 1.93024 2.24345 -12.4789 
v 1.93024 2.23381 -12.7198 
v 1.93024 2.24345 -12.7198 
v 1.93024 2.2411 -12.9468 
v 1.93024 2.24345 -12.4789 
v 2.55388 4.76837e-07 -14.306 
v 2.06516 2.23381 -13.9871 
v 2.06516 2.26867 -14.0919 
v 0.268714 3.49232 -14.2176 
v 0.274776 3.72458 -14.3645 
v 2.43527 3.49232 -14.2176 
v 2.46217 3.5172 -14.212 
v 2.42921 3.72458 -14.3645 
v 2.44338 3.38479 -14.0465 
v 2.55388 4.76837e-07 -14.3584 
v 2.55388 4.76837e-07 -14.306 
v 2.06516 2.26867 -14.0919 
v 2.55388 4.76837e-07 -14.389 
v 2.06516 2.30105 -14.1532 
v 2.55388 4.76837e-07 -14.4128 
v 2.06516 2.35149 -14.2008 
v 2.55388 4.76837e-07 -14.439 
v 0.279287 2.93666 -12.8581 
v 0.282323 2.86976 -12.8097 
v 2.42166 2.86976 -12.8097 
v 2.4247 2.93666 -12.8581 
v 2.69674 4.76837e-07 -14.2767 
v 2.35088 2.28708 -13.9285 
v 2.3288 2.28002 -13.9595 
v 2.6857 4.76837e-07 -14.2922 
v 2.69674 4.76837e-07 -14.2767 
v 2.3288 2.28002 -13.9595 
v 2.55667 2.38419e-07 -12.1042 
v 2.55667 2.38419e-07 -12.0791 
v 2.35975 2.14096 -12.1955 
v 2.55667 2.38419e-07 -12.1567 
v 2.35957 2.18703 -12.3006 
v 2.55667 2.38419e-07 -12.2379 
v 2.35957 2.18703 -12.4548 
v 0.147312 0 -12.2379 
v 2.55667 2.38419e-07 -12.0791 
v 2.5563 2.38419e-07 -12.0596 
v 2.36049 1.96537 -12.1063 
v 2.55667 2.38419e-07 -12.1567 
v 2.35957 2.18703 -12.3006 
v 2.35957 2.18703 -12.4548 
v 2.39592 2.3568 -12.4789 
v 2.39881 2.35692 -12.4427 
v 2.43609 2.94369 -12.6336 
v 2.69674 4.76837e-07 -14.2767 
v 2.70142 4.76837e-07 -14.2581 
v 2.36023 2.29203 -13.8913 
v 2.35088 2.28708 -13.9285 
v 2.69674 4.76837e-07 -14.2767 
v 2.36023 2.29203 -13.8913 
v 2.55667 2.38419e-07 -12.1042 
v 2.35975 2.14096 -12.1955 
v 2.35957 2.18703 -12.3006 
v 2.44136 3.02382 -12.6643 
v 2.42166 2.86976 -12.8097 
v 2.41785 2.7911 -12.7847 
v 2.44546 3.0925 -12.7158 
v 2.44546 3.0925 -12.7158 
v 2.4247 2.93666 -12.8581 
v 2.42166 2.86976 -12.8097 
v 2.44805 3.14448 -12.7842 
v 2.41785 2.7911 -12.7847 
v 2.39617 2.35535 -12.7198 
v 2.43609 2.94369 -12.6336 
v 2.44136 3.02382 -12.6643 
v 2.44805 3.14448 -12.7842 
v 2.44895 3.17576 -12.8643 
v 2.42664 2.98507 -12.925 
v 2.4247 2.93666 -12.8581 
v 2.42733 3.10144 -13.7804 
v 2.42732 3.01012 -13.0037 
v 2.44895 3.17576 -12.8643 
v 2.42664 2.98507 -12.925 
v 2.44916 3.29656 -13.7801 
v 2.44771 3.32453 -13.9187 
v 2.42733 3.10144 -13.7804 
v 2.44895 3.17576 -12.8643 
v 2.44771 3.32453 -13.9187 
v 2.44338 3.38479 -14.0465 
v 2.42513 3.12949 -13.9203 
v 2.42733 3.10144 -13.7804 
v 2.44338 3.38479 -14.0465 
v 2.43527 3.49232 -14.2176 
v 2.41862 3.18302 -14.0523 
v 2.42513 3.12949 -13.9203 
v 2.39617 2.35535 -12.7198 
v 2.39592 2.3568 -12.4789 
v 2.43609 2.94369 -12.6336 
v 2.55667 2.38419e-07 -12.0791 
v 2.35999 2.08021 -12.1453 
v 2.35975 2.14096 -12.1955 
v 2.37515 3.5251 -14.3756 
v 2.40446 3.2911 -14.2604 
v 2.43527 3.49232 -14.2176 
v 2.41862 3.18302 -14.0523 
v 2.37515 3.5251 -14.3756 
v 2.42921 3.72458 -14.3645 
v 2.43527 3.49232 -14.2176 
v 2.35999 2.08021 -12.1453 
v 2.55667 2.38419e-07 -12.0791 
v 2.36049 1.96537 -12.1063 
v 1.61611 4.28731 -14.8211 
v 1.40615 4.29377 -14.8326 
v 1.40583 4.29983 -14.8251 
v 1.29816 4.29983 -14.8251 
v 1.61568 4.29342 -14.8137 
v 1.61611 4.28731 -14.8211 
v 1.40583 4.29983 -14.8251 
v 1.74001 4.27608 -14.8133 
v 1.95371 4.23783 -14.7782 
v 1.73963 4.28234 -14.8059 
v 1.61568 4.29342 -14.8137 
v 1.95339 4.24417 -14.7709 
v 1.95371 4.23783 -14.7782 
v 2.13394 4.19381 -14.7325 
v 0.750271 4.23783 -14.7782 
v 0.57004 4.19381 -14.7325 
v 0.750595 4.24417 -14.7709 
v 0.964355 4.28234 -14.8059 
v 0.963973 4.27608 -14.8133 
v 1.0883 4.29342 -14.8137 
v 0.750271 4.23783 -14.7782 
v 1.08787 4.28731 -14.8211 
v 1.0883 4.29342 -14.8137 
v 1.29816 4.29983 -14.8251 
v 1.29784 4.29377 -14.8326 
v 1.29816 4.29983 -14.8251 
v 1.40615 4.29377 -14.8326 
v 1.08787 4.28731 -14.8211 
v 2.13416 4.2 -14.7251 
v 2.13394 4.19381 -14.7325 
v 1.95339 4.24417 -14.7709 
v 2.32482 4.11541 -14.6528 
v 0.57004 4.19381 -14.7325 
v 0.379159 4.11541 -14.6528 
v 0.569819 4.2 -14.7251 
v 0.750595 4.24417 -14.7709 
v 2.32486 4.12103 -14.645 
v 2.32482 4.11541 -14.6528 
v 2.13416 4.2 -14.7251 
v 2.49543 4.00948 -14.5637 
v 0.379159 4.11541 -14.6528 
v 0.208557 4.00948 -14.5637 
v 0.379121 4.12103 -14.645 
v 0.569819 4.2 -14.7251 
v 2.49547 4.01472 -14.5556 
v 2.49543 4.00948 -14.5637 
v 2.32486 4.12103 -14.645 
v 0.208557 4.00948 -14.5637 
v 0.208509 4.01472 -14.5556 
v 0.379121 4.12103 -14.645 
v 2.64786 3.55697 -14.1812 
v 0.0561221 3.55697 -14.1812 
v 2.65906 3.11295 -12.6961 
v 0.0449235 3.11295 -12.6961 
v 2.65756 3.36944 -13.7809 
v 2.6556 3.20267 -12.8432 
v 0.0483834 3.20267 -12.8432 
v 0.046427 3.36944 -13.7809 
v 2.65641 3.40381 -13.9185 
v 0.0475738 3.40381 -13.9185 
v 2.65295 3.41252 -13.9184 
v 0.0510336 3.41252 -13.9184 
v 2.64966 3.47704 -14.0446 
v 0.05432 3.47704 -14.0446 
v 0.366689 2.20935 -12.1895 
v 2.64489 3.56317 -14.1744 
v 0.342904 2.18246 -12.1894 
v 2.36108 2.18246 -12.1894 
v 2.3373 2.20935 -12.1895 
v 2.44351 3.48898 -14.2213 
v 0.298861 2.35416 -12.4548 
v 0.298861 2.35178 -12.7198 
v 2.40512 2.35178 -12.7198 
v 2.40512 2.35416 -12.4548 
v 2.45191 3.38024 -14.0468 
v 2.45632 3.32036 -13.9188 
v 0.630854 2.43243 -14.2537 
v 2.06516 2.42931 -14.2588 
v 2.45679 3.1419 -12.7875 
v 1.33995 2.19495 -12.1891 
v 1.36404 2.2434 -12.2996 
v 1.33995 2.2434 -12.2996 
v 1.33995 2.24345 -12.4429 
v 1.36404 2.19495 -12.1891 
v 2.36546 2.29758 -13.901 
v 0.343019 2.23005 -12.4429 
v 0.366756 2.2572 -12.4429 
v 0.399481 2.27234 -12.4427 
v 0.486238 2.26278 -12.4429 
v 0.338528 2.29758 -13.901 
v 2.33723 2.25721 -12.4429 
v 2.21775 2.26279 -12.4429 
v 0.343019 2.23078 -12.2996 
v 2.36097 2.23078 -12.2996 
v 2.33424 2.28619 -13.9691 
v 0.369744 2.28618 -13.9691 
v 2.36023 2.29203 -13.8913 
v 2.37588 2.31512 -13.7155 
v 0.328101 2.31512 -13.7155 
v 0.485823 2.21353 -12.1899 
v 2.21816 2.21353 -12.1899 
v 0.773746 2.35223 -14.2373 
v 1.93024 2.42931 -14.2896 
v 1.93024 2.35223 -14.2373 
v 0.954448 2.42931 -14.3107 
v 1.74954 2.42931 -14.3107 
v 0.773746 2.30215 -14.1894 
v 0.638821 2.30105 -14.1532 
v 1.93024 2.30215 -14.1894 
v 2.06516 2.30105 -14.1532 
v 1.90615 2.30215 -14.1959 
v 2.30242 2.27871 -13.9896 
v 0.401562 2.27871 -13.9896 
v 1.1472 2.30215 -14.2194 
v 1.1472 2.35223 -14.2673 
v 0.978541 2.42931 -14.3143 
v 1.55679 2.35223 -14.2673 
v 1.55679 2.30215 -14.2194 
v 1.33995 2.30215 -14.2207 
v 0.954448 2.30215 -14.2105 
v 1.74954 2.30215 -14.2105 
v 1.74954 2.19495 -12.1891 
v 1.74954 2.2434 -12.2996 
v 1.72544 2.19495 -12.1891 
v 1.90615 2.19495 -12.1891 
v 1.93024 2.19495 -12.1891 
v 1.93024 2.2434 -12.2996 
v 2.07435 2.19495 -12.1891 
v 2.07416 2.24339 -12.2996 
v 0.366689 2.20935 -12.1895 
v 0.399396 2.22413 -12.1896 
v 0.366756 2.25781 -12.2996 
v 2.3373 2.20935 -12.1895 
v 2.30459 2.22413 -12.1896 
v 2.33723 2.25781 -12.2996 
v 2.06516 2.26867 -14.0919 
v 0.2295 3.19492 -12.8453 
v 0.229278 3.31914 -13.7801 
v 0.0483834 3.20267 -12.8432 
v 0.230704 3.16309 -12.7653 
v 0.0472462 3.16758 -12.7637 
v 0.230704 3.16309 -12.7653 
v 0.23429 3.11079 -12.6969 
v 0.0449235 3.11295 -12.6961 
v 0.23429 3.11079 -12.6969 
v 2.47471 3.31915 -13.7801 
v 2.47448 3.19492 -12.8453 
v 2.6556 3.20267 -12.8432 
v 2.47328 3.16309 -12.7653 
v 2.65674 3.16758 -12.7637 
v 2.47328 3.16309 -12.7653 
v 2.46969 3.11079 -12.6969 
v 2.65906 3.11295 -12.6961 
v 2.46969 3.11079 -12.6969 
v 0.630009 2.27603 -14.0955 
v 0.978541 2.27044 -14.1524 
v 0.954448 2.27044 -14.1489 
v 1.72544 2.27044 -14.1524 
v 0.954448 2.23381 -14.0343 
v 1.74954 2.23381 -14.0343 
v 0.638821 2.23381 -13.9871 
v 2.06516 2.23381 -13.9871 
v 1.93024 2.23381 -14.0132 
v 2.26523 2.27137 -13.9968 
v 0.797839 2.23381 -12.7198 
v 0.797839 2.24345 -12.7198 
v 0.797839 2.23146 -12.9467 
v 1.90615 2.23381 -12.7198 
v 1.90615 2.23146 -12.9467 
v 0.797839 2.24345 -12.4789 
v 0.797839 2.22993 -13.1395 
v 0.797839 2.22935 -13.3322 
v 0.797839 2.22971 -13.525 
v 0.798062 2.24052 -13.7177 
v 1.90592 2.24052 -13.7177 
v 1.90602 2.23927 -13.525 
v 1.90609 2.23895 -13.3322 
v 1.90615 2.22935 -13.3322 
v 1.90613 2.23956 -13.1395 
v 1.90615 2.22993 -13.1395 
v 1.90615 2.24345 -12.4789 
v 0.798234 2.24319 -14.0176 
v 1.90575 2.24319 -14.0176 
v 0.399396 2.22413 -12.1896 
v 0.399456 2.2728 -12.2996 
v 0.366756 2.25781 -12.2996 
v 2.30453 2.2728 -12.2996 
v 2.30459 2.22413 -12.1896 
v 2.33723 2.25781 -12.2996 
v 0.629184 2.22978 -13.525 
v 0.629184 2.22938 -13.3322 
v 0.629184 2.22994 -13.1395 
v 0.484622 2.24885 -13.3322 
v 0.484622 2.25093 -12.9467 
v 0.300345 2.34543 -13.1393 
v 0.312208 2.32546 -13.5237 
v 0.484622 2.24924 -13.525 
v 0.484622 2.25061 -13.7177 
v 0.49426 2.25328 -13.9871 
v 1.93024 2.22935 -13.3322 
v 1.93024 2.22973 -13.525 
v 2.0748 2.22938 -13.3322 
v 2.0748 2.22994 -13.1395 
v 1.93024 2.23106 -13.7177 
v 2.40364 2.34543 -13.1393 
v 2.21936 2.24885 -13.3322 
v 2.39919 2.33744 -13.3316 
v 2.39178 2.32546 -13.5237 
v 2.38141 2.3095 -13.7153 
v 2.0748 2.23146 -12.9467 
v 2.40512 2.34943 -12.9467 
v 2.29259 2.26211 -12.3006 
v 0.486238 2.26278 -13.9968 
v 0.629632 2.19495 -12.1891 
v 0.773746 2.19495 -12.1891 
v 0.629825 2.24338 -12.2996 
v 0.797839 2.19495 -12.1891 
v 0.773746 2.2434 -12.2996 
v 0.954448 2.19495 -12.1891 
v 0.954448 2.2434 -12.2996 
v 0.978541 2.19495 -12.1891 
v 1.1472 2.19495 -12.1891 
v 0.978541 2.2434 -12.2996 
v 1.1472 2.2434 -12.2996 
v 1.1472 2.24345 -12.4429 
v 1.17129 2.19495 -12.1891 
v 1.17129 2.2434 -12.2996 
v 1.17129 2.24345 -12.4429 
v 1.17129 2.24345 -12.4789 
v 1.90615 2.23381 -12.4548 
v 1.93024 2.23381 -12.7198 
v 1.93024 2.23146 -12.9467 
v 0.629777 2.24327 -13.9968 
v 0.629184 2.23381 -12.4548 
v 0.629184 2.23146 -12.9467 
v 0.773746 2.22993 -13.1395 
v 0.484622 2.25328 -12.7198 
v 0.484622 2.25328 -12.3006 
v 0.411394 2.26211 -12.3006 
v 1.72544 2.23146 -12.9467 
v 1.72544 2.24345 -12.7198 
v 0.978541 2.23381 -12.7198 
v 0.978541 2.23146 -12.9467 
v 1.72534 2.24044 -13.7177 
v 1.72538 2.23922 -13.525 
v 1.72544 2.22932 -13.3322 
v 1.72544 2.23956 -13.1395 
v 1.72544 2.24345 -12.4789 
v 0.978541 2.24345 -12.4789 
v 0.978548 2.23956 -13.1395 
v 0.978541 2.22932 -13.3322 
v 0.978601 2.23922 -13.525 
v 0.978541 2.23093 -13.7177 
v 0.978647 2.24044 -13.7177 
v 0.954448 2.23381 -12.3006 
v 0.797839 2.23381 -12.3006 
v 0.954448 2.23146 -12.9467 
v 0.954448 2.22933 -13.3322 
v 1.53269 2.23381 -12.3006 
v 1.55679 2.23146 -12.9467 
v 1.55679 2.22931 -13.3322 
v 1.36404 2.23381 -14.0445 
v 1.53269 2.23089 -13.7177 
v 1.36404 2.23089 -13.7177 
v 1.53269 2.22964 -13.525 
v 1.53269 2.22992 -13.1395 
v 1.53269 2.23381 -12.7198 
v 1.17129 2.23146 -12.9467 
v 1.17129 2.22931 -13.3322 
v 1.33995 2.22964 -13.525 
v 1.17129 2.27044 -14.1591 
v 1.33995 2.27044 -14.1591 
v 1.36404 2.27044 -14.1591 
v 1.17129 2.23381 -12.3006 
v 0.978541 2.23381 -12.3006 
v 2.38503 2.33073 -13.5238 
v 2.39178 2.32546 -13.5237 
v 2.38141 2.3095 -13.7153 
v 2.3915 2.34233 -13.3317 
v 2.3915 2.34233 -13.3317 
v 2.39919 2.33744 -13.3316 
v 2.3953 2.34993 -13.1393 
v 0.312488 2.34233 -13.3317 
v 0.318955 2.33073 -13.5238 
v 0.312208 2.32546 -13.5237 
v 0.322578 2.3095 -13.7153 
v 0.304797 2.33744 -13.3316 
v 0.308681 2.34993 -13.1393 
v 0.399456 2.2728 -12.2996 
v 0.399396 2.22413 -12.1896 
v 0.485823 2.21353 -12.1899 
v 2.30459 2.22413 -12.1896 
v 2.30453 2.2728 -12.2996 
v 2.21816 2.21353 -12.1899 
v 0.629632 2.19495 -12.1891 
v 0.485823 2.21353 -12.1899 
v 0.629825 2.24338 -12.2996 
v 2.07435 2.19495 -12.1891 
v 2.21816 2.21353 -12.1899 
v 2.07416 2.24339 -12.2996 
v 1.72544 2.23381 -12.3006 
v 1.74954 2.23381 -12.3006 
v 1.93024 2.23381 -12.3006 
v 1.90615 2.23381 -12.3006 
v 0.225731 3.18906 -12.8526 
v 2.47825 3.18906 -12.8526 
v 2.3953 2.34993 -13.1393 
v 2.40364 2.34543 -13.1393 
v 2.39919 2.33744 -13.3316 
v 2.39642 2.3535 -12.9467 
v 0.307563 2.3535 -12.9467 
v 0.308681 2.34993 -13.1393 
v 0.300345 2.34543 -13.1393 
v 0.304797 2.33744 -13.3316 
v 0.229278 3.31914 -13.7801 
v 0.230579 3.34725 -13.9184 
v 0.0510336 3.41252 -13.9184 
v 0.05432 3.47704 -14.0446 
v 0.0499734 3.37797 -13.7809 
v 0.0510336 3.41252 -13.9184 
v 0.0483834 3.20267 -12.8432 
v 0.234511 3.40877 -14.0453 
v 0.05432 3.47704 -14.0446 
v 0.241816 3.5172 -14.212 
v 2.65401 3.37797 -13.7809 
v 2.47471 3.31915 -13.7801 
v 2.6556 3.20267 -12.8432 
v 2.65295 3.41252 -13.9184 
v 2.4734 3.34725 -13.9184 
v 2.65295 3.41252 -13.9184 
v 2.64966 3.47704 -14.0446 
v 2.46947 3.40877 -14.0453 
v 2.64966 3.47704 -14.0446 
v 2.46217 3.5172 -14.212 
v 1.53269 2.19495 -12.1891 
v 1.55679 2.19495 -12.1891 
v 1.53269 2.2434 -12.2996 
v 1.55679 2.2434 -12.2996 
v 1.36404 2.24345 -12.4429 
v 1.53269 2.24345 -12.4429 
v 0.773746 2.42931 -14.2896 
v 0.775555 2.43343 -14.2811 
v 0.799111 2.43338 -14.2875 
v 1.92843 2.43343 -14.2811 
v 1.93024 2.42931 -14.2896 
v 1.90487 2.43338 -14.2875 
v 0.797839 2.42931 -14.2962 
v 0.773746 2.42931 -14.2896 
v 0.799111 2.43338 -14.2875 
v 1.93024 2.42931 -14.2896 
v 1.90615 2.42931 -14.2962 
v 1.90487 2.43338 -14.2875 
v 0.954448 2.42931 -14.3107 
v 0.955395 2.43344 -14.3021 
v 0.979125 2.43343 -14.3056 
v 2.39642 2.3535 -12.9467 
v 2.40512 2.34943 -12.9467 
v 2.40364 2.34543 -13.1393 
v 2.39617 2.35535 -12.7198 
v 0.307563 2.3535 -12.9467 
v 0.298861 2.34943 -12.9467 
v 0.307814 2.35535 -12.7198 
v 0.300345 2.34543 -13.1393 
v 1.74859 2.43344 -14.3021 
v 1.74954 2.42931 -14.3107 
v 1.72486 2.43343 -14.3056 
v 0.978541 2.42931 -14.3143 
v 0.954448 2.42931 -14.3107 
v 0.979125 2.43343 -14.3056 
v 1.74954 2.42931 -14.3107 
v 1.72544 2.42931 -14.3143 
v 1.72486 2.43343 -14.3056 
v 1.1472 2.42931 -14.3196 
v 1.14753 2.43346 -14.3109 
v 1.17144 2.43344 -14.3122 
v 1.17129 2.42931 -14.3209 
v 1.1472 2.42931 -14.3196 
v 1.17144 2.43344 -14.3122 
v 1.55679 2.42931 -14.3196 
v 1.53269 2.42931 -14.3209 
v 1.53255 2.43344 -14.3122 
v 1.55645 2.43346 -14.3109 
v 1.55679 2.42931 -14.3196 
v 1.53255 2.43344 -14.3122 
v 1.53266 2.24041 -13.7177 
v 1.53268 2.23921 -13.525 
v 1.53269 2.23955 -13.1395 
v 1.53269 2.2411 -12.9468 
v 1.53269 2.24345 -12.7198 
v 1.53269 2.24345 -12.4789 
v 1.17129 2.24345 -12.7198 
v 1.17129 2.23955 -13.1395 
v 1.17131 2.23921 -13.525 
v 1.17132 2.24041 -13.7177 
v 1.53264 2.2432 -14.0424 
v 1.17135 2.2432 -14.0424 
v 1.33995 2.42931 -14.3209 
v 1.33995 2.43345 -14.3122 
v 1.36404 2.43345 -14.3122 
v 1.36404 2.42931 -14.3209 
v 2.40512 2.35178 -12.7198 
v 2.40512 2.34943 -12.9467 
v 2.39617 2.35535 -12.7198 
v 0.298861 2.34943 -12.9467 
v 0.298861 2.35178 -12.7198 
v 0.307814 2.35535 -12.7198 
v 0.366756 2.2572 -12.4429 
v 0.366756 2.25781 -12.2996 
v 0.399481 2.27234 -12.4427 
v 2.33723 2.25781 -12.2996 
v 2.33723 2.25721 -12.4429 
v 2.3045 2.27234 -12.4427 
v 0.366756 2.25781 -12.2996 
v 0.399456 2.2728 -12.2996 
v 0.399481 2.27234 -12.4427 
v 2.30453 2.2728 -12.2996 
v 2.33723 2.25781 -12.2996 
v 2.3045 2.27234 -12.4427 
v 1.34025 2.23919 -13.525 
v 1.34008 2.23891 -13.3322 
v 1.36401 2.23955 -13.1395 
v 1.36404 2.2411 -12.9468 
v 1.36404 2.24345 -12.4789 
v 1.33995 2.24345 -12.4789 
v 1.33995 2.24345 -12.7198 
v 0.255935 3.14448 -12.7842 
v 0.255039 3.17576 -12.8643 
v 0.254827 3.29656 -13.7801 
v 0.2295 3.19492 -12.8453 
v 2.44916 3.29656 -13.7801 
v 2.44895 3.17576 -12.8643 
v 2.47448 3.19492 -12.8453 
v 0.399481 2.27234 -12.4427 
v 0.399456 2.2728 -12.2996 
v 0.486229 2.26274 -12.2996 
v 0.485823 2.21353 -12.1899 
v 2.30453 2.2728 -12.2996 
v 2.21776 2.26274 -12.2996 
v 2.21816 2.21353 -12.1899 
v 2.3045 2.27234 -12.4427 
v 0.254827 3.29656 -13.7801 
v 0.229278 3.31914 -13.7801 
v 0.2295 3.19492 -12.8453 
v 0.230579 3.34725 -13.9184 
v 0.256273 3.32453 -13.9187 
v 0.234511 3.40877 -14.0453 
v 0.254827 3.29656 -13.7801 
v 0.0590905 3.56316 -14.1744 
v 0.05432 3.47704 -14.0446 
v 0.241816 3.5172 -14.212 
v 2.44771 3.32453 -13.9187 
v 2.44916 3.29656 -13.7801 
v 2.4734 3.34725 -13.9184 
v 2.46947 3.40877 -14.0453 
v 2.44916 3.29656 -13.7801 
v 2.47471 3.31915 -13.7801 
v 2.47448 3.19492 -12.8453 
v 2.64966 3.47704 -14.0446 
v 2.64489 3.56317 -14.1744 
v 2.46217 3.5172 -14.212 
v 2.07416 2.24343 -12.4429 
v 2.07416 2.24343 -12.4789 
v 1.93024 2.24345 -12.4429 
v 2.07416 2.24339 -12.2996 
v 2.21816 2.21353 -12.1899 
v 2.21776 2.26274 -12.2996 
v 2.21776 2.26274 -12.2996 
v 2.07416 2.24343 -12.4429 
v 1.90615 2.24345 -12.4429 
v 1.93024 2.2434 -12.2996 
v 1.93024 2.24345 -12.4789 
v 1.53269 2.24345 -12.4789 
v 1.53269 2.24345 -12.4429 
v 1.55679 2.24345 -12.4789 
v 1.72544 2.24345 -12.4789 
v 1.72544 2.24345 -12.7198 
v 1.55679 2.24345 -12.4429 
v 1.72544 2.24345 -12.4429 
v 1.72544 2.2434 -12.2996 
v 1.74954 2.2434 -12.2996 
v 1.74954 2.24345 -12.4429 
v 1.74954 2.24345 -12.4789 
v 1.90615 2.2434 -12.2996 
v 1.90615 2.19495 -12.1891 
v 1.93024 2.2434 -12.2996 
v 1.90615 2.24345 -12.4429 
v 1.90615 2.24345 -12.4789 
v 1.90615 2.24345 -12.7198 
v 1.74954 2.24345 -12.7198 
v 1.74954 2.2411 -12.9468 
v 1.93024 2.24345 -12.4429 
v 2.07416 2.24339 -12.2996 
v 1.93024 2.2434 -12.2996 
v 1.93024 2.19495 -12.1891 
v 0.773746 2.2434 -12.2996 
v 0.629825 2.24338 -12.2996 
v 0.773746 2.19495 -12.1891 
v 0.773746 2.24345 -12.4429 
v 0.797839 2.2434 -12.2996 
v 0.797839 2.24345 -12.4429 
v 0.797839 2.19495 -12.1891 
v 0.954448 2.2434 -12.2996 
v 0.954448 2.24345 -12.4429 
v 0.797839 2.24345 -12.4429 
v 0.954448 2.24345 -12.4429 
v 0.797839 2.24345 -12.4789 
v 0.978541 2.2434 -12.2996 
v 0.978541 2.24345 -12.4429 
v 1.1472 2.24345 -12.4429 
v 0.954448 2.24345 -12.4789 
v 0.797839 2.24345 -12.4789 
v 0.797839 2.24345 -12.7198 
v 0.954448 2.24345 -12.7198 
v 0.954448 2.2411 -12.9468 
v 0.797839 2.2411 -12.9468 
v 0.797853 2.23956 -13.1395 
v 0.978541 2.24345 -12.4789 
v 1.1472 2.24345 -12.4789 
v 0.978541 2.24345 -12.7198 
v 1.17129 2.24345 -12.4429 
v 1.17129 2.24345 -12.4789 
v 1.1472 2.2434 -12.2996 
v 1.72544 2.2434 -12.2996 
v 1.55679 2.24345 -12.4429 
v 1.55679 2.24345 -12.4789 
v 1.53269 2.24345 -12.4789 
v 1.36404 2.24345 -12.4789 
v 1.53269 2.24345 -12.7198 
v 1.33995 2.24345 -12.4789 
v 1.36404 2.24345 -12.7198 
v 1.36404 2.2411 -12.9468 
v 1.17129 2.24345 -12.7198 
v 1.53269 2.2411 -12.9468 
v 1.33995 2.24345 -12.7198 
v 1.53269 2.23955 -13.1395 
v 1.33995 2.2411 -12.9468 
v 1.36401 2.23955 -13.1395 
v 1.17129 2.2411 -12.9468 
v 1.53269 2.23892 -13.3322 
v 1.17129 2.23955 -13.1395 
v 1.3639 2.23891 -13.3322 
v 1.33998 2.23955 -13.1395 
v 1.53268 2.23921 -13.525 
v 1.1713 2.23892 -13.3322 
v 1.36374 2.23919 -13.525 
v 1.34008 2.23891 -13.3322 
v 1.53266 2.24041 -13.7177 
v 1.17131 2.23921 -13.525 
v 1.3635 2.24039 -13.7177 
v 1.34025 2.23919 -13.525 
v 1.17132 2.24041 -13.7177 
v 1.34048 2.24039 -13.7177 
v 1.34094 2.24315 -14.0424 
v 1.36305 2.24315 -14.0424 
v 1.53264 2.2432 -14.0424 
v 1.17135 2.2432 -14.0424 
v 1.34047 2.27813 -14.1529 
v 1.36351 2.27813 -14.1529 
v 1.53259 2.27816 -14.1529 
v 1.53256 2.30973 -14.2145 
v 1.36375 2.30972 -14.2145 
v 1.55657 2.30973 -14.2132 
v 1.34023 2.30972 -14.2145 
v 1.17142 2.30973 -14.2145 
v 1.1714 2.27816 -14.1529 
v 1.1714 2.27816 -14.1529 
v 1.14742 2.30973 -14.2132 
v 1.14737 2.27816 -14.1516 
v 0.978987 2.30973 -14.2078 
v 1.14737 2.27816 -14.1516 
v 1.14729 2.2432 -14.0411 
v 0.978735 2.2432 -14.0357 
v 0.978897 2.27815 -14.1462 
v 0.978987 2.30973 -14.2078 
v 1.14725 2.24042 -13.7177 
v 0.978647 2.24044 -13.7177 
v 0.978735 2.2432 -14.0357 
v 1.14723 2.23921 -13.525 
v 0.978601 2.23922 -13.525 
v 1.14721 2.23892 -13.3322 
v 0.978568 2.23893 -13.3322 
v 1.1472 2.23955 -13.1395 
v 0.978548 2.23956 -13.1395 
v 1.1472 2.2411 -12.9468 
v 0.978541 2.2411 -12.9468 
v 0.978541 2.24345 -12.7198 
v 1.1472 2.24345 -12.7198 
v 1.1472 2.24345 -12.4789 
v 0.954927 2.27815 -14.1427 
v 0.954709 2.2432 -14.0321 
v 0.954927 2.27815 -14.1427 
v 0.955065 2.30972 -14.2043 
v 0.798234 2.24319 -14.0176 
v 0.798062 2.24052 -13.7177 
v 0.954591 2.24046 -13.7177 
v 0.954529 2.23923 -13.525 
v 0.797964 2.23927 -13.525 
v 0.954483 2.23893 -13.3322 
v 0.797895 2.23895 -13.3322 
v 0.954456 2.23956 -13.1395 
v 0.797853 2.23956 -13.1395 
v 0.954448 2.2411 -12.9468 
v 0.798561 2.27814 -14.1282 
v 0.798753 2.3097 -14.1898 
v 0.955065 2.30972 -14.2043 
v 0.978987 2.30973 -14.2078 
v 0.978897 2.27815 -14.1462 
v 0.798753 2.3097 -14.1898 
v 0.774891 2.30968 -14.1833 
v 0.774606 2.27813 -14.1216 
v 0.798234 2.24319 -14.0176 
v 0.774606 2.27813 -14.1216 
v 0.774156 2.24319 -14.011 
v 0.629774 2.24333 -13.9968 
v 0.774606 2.27813 -14.1216 
v 0.630009 2.27603 -14.0955 
v 0.630209 2.30834 -14.1568 
v 0.774891 2.30968 -14.1833 
v 1.72544 2.24345 -12.4789 
v 1.72544 2.24345 -12.4429 
v 1.74954 2.24345 -12.4789 
v 0.978541 2.24345 -12.4429 
v 0.978541 2.24345 -12.4789 
v 0.954448 2.24345 -12.4789 
v 1.55669 2.2432 -14.0411 
v 1.55674 2.24042 -13.7177 
v 1.72534 2.24044 -13.7177 
v 1.74928 2.2432 -14.0321 
v 1.74906 2.27815 -14.1427 
v 1.72525 2.2432 -14.0357 
v 1.55676 2.23921 -13.525 
v 1.90575 2.24319 -14.0176 
v 1.72538 2.23922 -13.525 
v 1.55678 2.23892 -13.3322 
v 1.72542 2.23893 -13.3322 
v 1.55678 2.23955 -13.1395 
v 1.72544 2.23956 -13.1395 
v 1.55679 2.2411 -12.9468 
v 1.72544 2.2411 -12.9468 
v 1.72544 2.24345 -12.7198 
v 1.55679 2.24345 -12.7198 
v 1.74939 2.24046 -13.7177 
v 1.90592 2.24052 -13.7177 
v 1.74946 2.23923 -13.525 
v 1.90575 2.24319 -14.0176 
v 1.92983 2.24319 -14.011 
v 1.92938 2.27813 -14.1216 
v 1.90542 2.27814 -14.1282 
v 1.92938 2.27813 -14.1216 
v 1.90575 2.24319 -14.0176 
v 1.92909 2.30968 -14.1833 
v 1.92983 2.24319 -14.011 
v 2.07421 2.24333 -13.9968 
v 2.07398 2.27603 -14.0955 
v 2.07377 2.30834 -14.1568 
v 1.92909 2.30968 -14.1833 
v 1.90615 2.2411 -12.9468 
v 1.74954 2.2411 -12.9468 
v 1.90615 2.24345 -12.7198 
v 1.90613 2.23956 -13.1395 
v 1.74953 2.23956 -13.1395 
v 1.90609 2.23895 -13.3322 
v 1.7495 2.23893 -13.3322 
v 1.90602 2.23927 -13.525 
v 1.74946 2.23923 -13.525 
v 1.90592 2.24052 -13.7177 
v 0.256273 3.32453 -13.9187 
v 0.2606 3.38479 -14.0465 
v 0.234511 3.40877 -14.0453 
v 0.241816 3.5172 -14.212 
v 2.46947 3.40877 -14.0453 
v 2.46217 3.5172 -14.212 
v 2.44338 3.38479 -14.0465 
v 2.44771 3.32453 -13.9187 
v 2.07416 2.23955 -13.1395 
v 2.07416 2.23897 -13.3322 
v 1.93022 2.23956 -13.1395 
v 2.21775 2.25835 -13.3322 
v 1.93018 2.23896 -13.3322 
v 2.21775 2.25875 -13.525 
v 2.07417 2.23934 -13.525 
v 1.93011 2.23929 -13.525 
v 2.3045 2.27234 -12.4427 
v 2.21775 2.26279 -12.4429 
v 2.21776 2.26274 -12.2996 
v 0.486238 2.26278 -12.4429 
v 0.399481 2.27234 -12.4427 
v 0.486229 2.26274 -12.2996 
v 2.21775 2.26012 -13.7177 
v 2.07418 2.24065 -13.7177 
v 1.93001 2.24056 -13.7177 
v 1.92983 2.24319 -14.011 
v 2.07421 2.24327 -13.9968 
v 2.21775 2.26279 -13.9968 
v 2.36546 2.29758 -13.901 
v 2.35627 2.29279 -13.9381 
v 2.33424 2.28619 -13.9691 
v 2.21775 2.26012 -13.7177 
v 2.30242 2.27871 -13.9896 
v 2.26523 2.27137 -13.9968 
v 2.21775 2.26279 -13.9968 
v 2.37588 2.31512 -13.7155 
v 2.36546 2.29758 -13.901 
v 2.38503 2.33073 -13.5238 
v 1.55662 2.27816 -14.1516 
v 1.55657 2.30973 -14.2132 
v 1.53264 2.2432 -14.0424 
v 1.725 2.30973 -14.2078 
v 1.72509 2.27815 -14.1462 
v 1.74892 2.30972 -14.2043 
v 1.725 2.30973 -14.2078 
v 1.90523 2.3097 -14.1898 
v 1.74892 2.30972 -14.2043 
v 0.312488 2.34233 -13.3317 
v 0.308681 2.34993 -13.1393 
v 0.486238 2.25835 -13.3322 
v 0.486238 2.25875 -13.525 
v 0.318955 2.33073 -13.5238 
v 0.629821 2.23897 -13.3322 
v 0.486238 2.25875 -13.525 
v 0.486238 2.26012 -13.7177 
v 0.629812 2.23934 -13.525 
v 0.773804 2.23896 -13.3322 
v 0.773877 2.23929 -13.525 
v 0.6298 2.24065 -13.7177 
v 0.773979 2.24056 -13.7177 
v 0.774156 2.24319 -14.011 
v 0.629777 2.24327 -13.9968 
v 0.486238 2.26278 -13.9968 
v 0.328101 2.31512 -13.7155 
v 0.486238 2.26012 -13.7177 
v 0.338528 2.29758 -13.901 
v 0.347713 2.29279 -13.9381 
v 0.369744 2.28618 -13.9691 
v 0.401562 2.27871 -13.9896 
v 0.438757 2.27137 -13.9968 
v 0.486238 2.26278 -13.9968 
v 0.438757 2.27137 -13.9968 
v 0.486229 2.26274 -12.2996 
v 0.485823 2.21353 -12.1899 
v 0.629825 2.24338 -12.2996 
v 0.629829 2.24343 -12.4429 
v 0.773746 2.24345 -12.4429 
v 0.629829 2.24343 -12.4429 
v 0.629829 2.24343 -12.4789 
v 0.773746 2.24345 -12.4789 
v 0.797839 2.24345 -12.4429 
v 0.773746 2.2434 -12.2996 
v 0.629829 2.24343 -12.7198 
v 0.629829 2.24343 -12.4789 
v 0.773746 2.24345 -12.7198 
v 0.773746 2.24345 -12.4789 
v 0.797839 2.24345 -12.4789 
v 0.797839 2.24345 -12.4429 
v 0.773746 2.2411 -12.9468 
v 0.486238 2.26278 -12.7198 
v 0.629829 2.24107 -12.9468 
v 0.629827 2.23955 -13.1395 
v 0.77376 2.23956 -13.1395 
v 0.486238 2.26043 -12.9468 
v 0.486238 2.25891 -13.1395 
v 0.307563 2.3535 -12.9467 
v 0.307814 2.35535 -12.7198 
v 0.308064 2.3568 -12.4789 
v 0.285368 3.18302 -14.0523 
v 2.3915 2.34233 -13.3317 
v 2.21775 2.25875 -13.525 
v 2.3953 2.34993 -13.1393 
v 2.21775 2.25891 -13.1395 
v 2.39642 2.3535 -12.9467 
v 2.21775 2.26043 -12.9468 
v 2.21775 2.26279 -12.7198 
v 2.39617 2.35535 -12.7198 
v 2.07416 2.24107 -12.9468 
v 2.39592 2.3568 -12.4789 
v 1.93024 2.2411 -12.9468 
v 2.07416 2.24343 -12.7198 
v 1.93024 2.24345 -12.7198 
v 1.93024 2.24345 -12.4789 
v 1.90615 2.24345 -12.4789 
v 1.90615 2.24345 -12.4429 
v 2.07416 2.24343 -12.4789 
v 1.93024 2.24345 -12.4429 
v 2.21775 2.26279 -12.4789 
v 2.07416 2.24343 -12.4429 
v 2.21775 2.26279 -12.4429 
v 2.21775 2.26279 -12.4429 
v 2.39881 2.35692 -12.4427 
v 2.21776 2.26274 -12.2996 
v 2.07416 2.24343 -12.4429 
v 0.308064 2.3568 -12.4789 
v 0.305173 2.35692 -12.4427 
v 0.486238 2.26278 -12.4429 
v 0.486238 2.26278 -12.4789 
v 0.486238 2.26278 -12.4429 
v 0.629829 2.24343 -12.4429 
v 0.486229 2.26274 -12.2996 
v 0.268714 3.49232 -14.2176 
v 2.43527 3.49232 -14.2176 
v 1.92909 2.30968 -14.1833 
v 1.90523 2.3097 -14.1898 
v 1.90542 2.27814 -14.1282 

vn 0.0866142 0.771654 -0.629921 
vn 0.0314961 0.779528 -0.629921 
vn -0.0314961 0.779528 -0.629921 
vn 0.283465 0.732283 -0.622047 
vn 0.173228 0.755906 -0.629921 
vn 0.417323 0.700787 -0.574803 
vn -0.283465 0.732283 -0.622047 
vn -0.173228 0.755906 -0.629921 
vn -0.173228 0.755906 -0.629921 
vn -0.0866142 0.771654 -0.629921 
vn 0.417323 0.700787 -0.574803 
vn -0.566929 0.661417 -0.488189 
vn -0.417323 0.700787 -0.574803 
vn 0.566929 0.661417 -0.488189 
vn -0.566929 0.661417 -0.488189 
vn 0.771654 0.559055 -0.314961 
vn -0.944882 0.314961 0 
vn -0.771654 0.559055 -0.314961 
vn 0.905512 0.23622 0.354331 
vn 0.905512 0.23622 0.354331 
vn 0.944882 0.149606 0.291339 
vn -0.944882 0.149606 0.291339 
vn -0.905512 0.23622 0.354331 
vn -0.905512 0.23622 0.354331 
vn 0.944882 0.314961 0 
vn 0.952756 0.23622 0.173228 
vn -0.952756 0.23622 0.173228 
vn -0.944882 0.314961 0 
vn 0.913386 0.299213 0.275591 
vn -0.913386 0.299213 0.275591 
vn -0.535433 0.267717 0.795276 
vn -0.661417 0.346457 0.661417 
vn -0.88189 0.173228 0.440945 
vn 0.661417 0.346457 0.661417 
vn 0.535433 0.267717 0.795276 
vn 0.88189 0.173228 0.440945 
vn -0.929134 0.322835 0.15748 
vn -0.322835 -0.0472441 -0.944882 
vn -0.291339 -0.19685 -0.937008 
vn -0.244094 -0.0551181 -0.968504 
vn -0.433071 -0.23622 -0.866142 
vn 0.291339 -0.19685 -0.937008 
vn 0.433071 -0.23622 -0.866142 
vn 0.322835 -0.0472441 -0.944882 
vn 0.244094 -0.0551181 -0.968504 
vn -0.992126 0.0551181 0.0944882 
vn -1 0 0 
vn -1 0 0 
vn 0.992126 0.0551181 0.0944882 
vn 1 0 0 
vn -0.511811 0.677165 0.527559 
vn 0.952756 0.23622 0.173228 
vn -0.244094 0.307087 0.92126 
vn 0.244094 0.307087 0.92126 
vn -0.0629921 -0.204724 -0.976378 
vn -0.0708661 -0.0393701 -1 
vn -0.102362 -0.228346 -0.968504 
vn -0.0314961 -0.0393701 -1 
vn 0.0708661 -0.0393701 -1 
vn 0.0629921 -0.204724 -0.976378 
vn 0.102362 -0.228346 -0.968504 
vn 0.0314961 -0.0393701 -1 
vn -0.818898 0.448819 0.354331 
vn 0.818898 0.448819 0.354331 
vn 0.0314961 -0.0393701 -1 
vn 0.023622 -0.204724 -0.976378 
vn 0.0629921 -0.204724 -0.976378 
vn -0.0314961 -0.0393701 -1 
vn -0.023622 -0.204724 -0.976378 
vn -0.0629921 -0.204724 -0.976378 
vn -0.535433 -0.11811 -0.834646 
vn -0.433071 -0.23622 -0.866142 
vn -0.322835 -0.0472441 -0.944882 
vn -0.637795 -0.299213 -0.708661 
vn 0.535433 -0.11811 -0.834646 
vn 0.433071 -0.23622 -0.866142 
vn 0.637795 -0.299213 -0.708661 
vn 0.322835 -0.0472441 -0.944882 
vn -0.181102 -0.0708661 -0.984252 
vn -0.15748 -0.244094 -0.96063 
vn -0.133858 -0.0551181 -0.992126 
vn -0.204724 -0.220472 -0.952756 
vn 0.181102 -0.0708661 -0.984252 
vn 0.15748 -0.244094 -0.96063 
vn 0.204724 -0.220472 -0.952756 
vn 0.133858 -0.0551181 -0.992126 
vn 0.511811 0.677165 0.527559 
vn -0.0708661 -0.0393701 -1 
vn -0.133858 -0.0551181 -0.992126 
vn -0.102362 -0.228346 -0.968504 
vn -0.15748 -0.244094 -0.96063 
vn 0.102362 -0.228346 -0.968504 
vn 0.15748 -0.244094 -0.96063 
vn 0.133858 -0.0551181 -0.992126 
vn 0.0708661 -0.0393701 -1 
vn -0.181102 -0.0708661 -0.984252 
vn -0.244094 -0.0551181 -0.968504 
vn -0.204724 -0.220472 -0.952756 
vn -0.291339 -0.19685 -0.937008 
vn 0.204724 -0.220472 -0.952756 
vn 0.291339 -0.19685 -0.937008 
vn 0.244094 -0.0551181 -0.968504 
vn 0.181102 -0.0708661 -0.984252 
vn 0.00787402 0.307087 0.952756 
vn 0 0.299213 0.952756 
vn 0 0.299213 0.952756 
vn 0 0.299213 0.952756 
vn 0 0.299213 0.952756 
vn 0 0.299213 0.952756 
vn 0 0.299213 0.952756 
vn -0.637795 -0.299213 -0.708661 
vn -0.700787 -0.173228 -0.692913 
vn -0.535433 -0.11811 -0.834646 
vn 0.700787 -0.173228 -0.692913 
vn 0.637795 -0.299213 -0.708661 
vn 0.818898 -0.362205 -0.448819 
vn 0.535433 -0.11811 -0.834646 
vn -0.00787402 0.307087 0.952756 
vn -0.023622 0.314961 0.944882 
vn 0.023622 0.314961 0.944882 
vn 0.0393701 0.322835 0.944882 
vn 0.102362 -0.952756 0.283465 
vn -0.102362 -0.874016 0.472441 
vn -0.795276 -0.582677 -0.181102 
vn 0.795276 -0.582677 -0.181102 
vn 0.535433 -0.11811 -0.834646 
vn 0.700787 -0.173228 -0.692913 
vn 0.440945 -0.220472 -0.866142 
vn -0.700787 -0.173228 -0.692913 
vn -0.535433 -0.11811 -0.834646 
vn -0.440945 -0.220472 -0.866142 
vn 0.440945 -0.220472 -0.866142 
vn 0.393701 -0.220472 -0.889764 
vn 0.440945 -0.220472 -0.866142 
vn -0.393701 -0.220472 -0.889764 
vn -0.440945 -0.220472 -0.866142 
vn -0.440945 -0.220472 -0.866142 
vn -0.740157 -0.15748 -0.653543 
vn -0.511811 -0.275591 -0.811024 
vn -0.929134 -0.0708661 -0.370079 
vn 0.511811 -0.275591 -0.811024 
vn 0.740157 -0.15748 -0.653543 
vn 0.929134 -0.0708661 -0.370079 
vn 0.393701 -0.220472 -0.889764 
vn 0.330709 -0.220472 -0.913386 
vn 0.393701 -0.220472 -0.889764 
vn -0.330709 -0.220472 -0.913386 
vn -0.393701 -0.220472 -0.889764 
vn -0.393701 -0.220472 -0.889764 
vn 0 0.795276 0.606299 
vn 0 0.299213 0.952756 
vn 0 0.795276 0.606299 
vn 0.88189 0.19685 -0.425197 
vn 0.0314961 0.0866142 0.992126 
vn 0 0 1 
vn 0 0 1 
vn 0 0 1 
vn -0.88189 0.19685 -0.425197 
vn -0.0314961 0.0866142 0.992126 
vn 0 0 1 
vn 0 0 1 
vn 0 0 1 
vn 0.440945 -0.220472 -0.866142 
vn 0.535433 -0.11811 -0.834646 
vn 0.440945 -0.220472 -0.866142 
vn -0.535433 -0.11811 -0.834646 
vn -0.440945 -0.220472 -0.866142 
vn -0.440945 -0.220472 -0.866142 
vn 0.393701 -0.220472 -0.889764 
vn 0.393701 -0.220472 -0.889764 
vn 0.440945 -0.220472 -0.866142 
vn -0.393701 -0.220472 -0.889764 
vn -0.393701 -0.220472 -0.889764 
vn -0.440945 -0.220472 -0.866142 
vn -0.653543 0.204724 -0.724409 
vn 0 -0.96063 0.267717 
vn 0.653543 0.204724 -0.724409 
vn -0.653543 0.204724 -0.724409 
vn -0.204724 0.0314961 -0.976378 
vn -0.204724 0.0314961 -0.976378 
vn -0.204724 0.0314961 -0.976378 
vn 0.204724 0.0314961 -0.976378 
vn 0.204724 0.0314961 -0.976378 
vn 0.204724 0.0314961 -0.976378 
vn 0.102362 0.787402 0.606299 
vn -0.102362 0.787402 0.606299 
vn 0.244094 -0.0551181 -0.968504 
vn 0.322835 -0.0472441 -0.944882 
vn 0.173228 -0.181102 -0.968504 
vn 0.275591 -0.220472 -0.937008 
vn 0.275591 -0.220472 -0.937008 
vn 0.330709 -0.220472 -0.913386 
vn 0.23622 -0.244094 -0.944882 
vn 0.488189 0.314961 0.818898 
vn 0.417323 0.464567 0.779528 
vn -0.322835 -0.0472441 -0.944882 
vn -0.244094 -0.0551181 -0.968504 
vn -0.173228 -0.181102 -0.968504 
vn -0.417323 0.464567 0.779528 
vn -0.488189 0.314961 0.818898 
vn -0.275591 -0.220472 -0.937008 
vn -0.275591 -0.220472 -0.937008 
vn -0.23622 -0.244094 -0.944882 
vn -0.330709 -0.220472 -0.913386 
vn 0.330709 -0.220472 -0.913386 
vn 0.330709 -0.220472 -0.913386 
vn 0.393701 -0.220472 -0.889764 
vn 0.275591 -0.220472 -0.937008 
vn -0.330709 -0.220472 -0.913386 
vn -0.275591 -0.220472 -0.937008 
vn -0.330709 -0.220472 -0.913386 
vn -0.393701 -0.220472 -0.889764 
vn 0.173228 -0.181102 -0.968504 
vn 0.244094 -0.0551181 -0.968504 
vn 0.173228 -0.181102 -0.968504 
vn 0.15748 -0.19685 -0.968504 
vn -0.244094 -0.0551181 -0.968504 
vn -0.173228 -0.181102 -0.968504 
vn -0.173228 -0.181102 -0.968504 
vn -0.15748 -0.19685 -0.968504 
vn 0.133858 -0.0551181 -0.992126 
vn 0.181102 -0.0708661 -0.984252 
vn 0.11811 -0.188976 -0.976378 
vn -0.181102 -0.0708661 -0.984252 
vn -0.133858 -0.0551181 -0.992126 
vn -0.11811 -0.188976 -0.976378 
vn -0.23622 -0.244094 -0.944882 
vn -0.23622 -0.244094 -0.944882 
vn -0.204724 -0.267717 -0.944882 
vn -0.275591 -0.220472 -0.937008 
vn 0.23622 -0.244094 -0.944882 
vn 0.275591 -0.220472 -0.937008 
vn 0.23622 -0.244094 -0.944882 
vn 0.204724 -0.267717 -0.944882 
vn -0.511811 -0.275591 -0.811024 
vn -0.212598 -0.409449 -0.88189 
vn -0.19685 -0.622047 -0.755906 
vn -0.511811 -0.275591 -0.811024 
vn -0.204724 -0.181102 -0.96063 
vn 0.212598 -0.409449 -0.88189 
vn 0.511811 -0.275591 -0.811024 
vn 0.19685 -0.622047 -0.755906 
vn 0.511811 -0.275591 -0.811024 
vn 0.204724 -0.181102 -0.96063 
vn -0.511811 -0.275591 -0.811024 
vn -0.740157 -0.15748 -0.653543 
vn -0.204724 -0.181102 -0.96063 
vn -0.204724 -0.267717 -0.944882 
vn -0.204724 -0.267717 -0.944882 
vn -0.23622 -0.244094 -0.944882 
vn 0.204724 -0.267717 -0.944882 
vn 0.23622 -0.244094 -0.944882 
vn 0.204724 -0.267717 -0.944882 
vn 0.740157 -0.15748 -0.653543 
vn 0.204724 -0.181102 -0.96063 
vn 0.511811 -0.275591 -0.811024 
vn 0.11811 -0.188976 -0.976378 
vn 0.133858 -0.0551181 -0.992126 
vn 0.11811 -0.188976 -0.976378 
vn 0.110236 -0.204724 -0.976378 
vn 0.110236 -0.204724 -0.976378 
vn 0.110236 -0.204724 -0.976378 
vn 0.0944882 -0.220472 -0.968504 
vn 0.0944882 -0.220472 -0.968504 
vn 0.0944882 -0.220472 -0.968504 
vn 0.0708661 -0.23622 -0.968504 
vn -0.133858 -0.0551181 -0.992126 
vn -0.11811 -0.188976 -0.976378 
vn -0.11811 -0.188976 -0.976378 
vn -0.110236 -0.204724 -0.976378 
vn -0.110236 -0.204724 -0.976378 
vn -0.110236 -0.204724 -0.976378 
vn -0.0944882 -0.220472 -0.968504 
vn -0.0944882 -0.220472 -0.968504 
vn -0.0944882 -0.220472 -0.968504 
vn -0.0708661 -0.23622 -0.968504 
vn 0.15748 -0.19685 -0.968504 
vn 0.15748 -0.19685 -0.968504 
vn 0.173228 -0.181102 -0.968504 
vn 0.141732 -0.212598 -0.968504 
vn 0.141732 -0.212598 -0.968504 
vn 0.141732 -0.212598 -0.968504 
vn 0.125984 -0.220472 -0.968504 
vn 0.125984 -0.220472 -0.968504 
vn 0.125984 -0.220472 -0.968504 
vn 0.110236 -0.244094 -0.96063 
vn 0.110236 -0.244094 -0.96063 
vn 0.102362 -0.259843 -0.96063 
vn 0.125984 -0.220472 -0.968504 
vn -0.15748 -0.19685 -0.968504 
vn -0.15748 -0.19685 -0.968504 
vn -0.173228 -0.181102 -0.968504 
vn -0.141732 -0.212598 -0.968504 
vn -0.141732 -0.212598 -0.968504 
vn -0.141732 -0.212598 -0.968504 
vn -0.125984 -0.220472 -0.968504 
vn -0.125984 -0.220472 -0.968504 
vn -0.125984 -0.220472 -0.968504 
vn -0.110236 -0.244094 -0.96063 
vn -0.110236 -0.244094 -0.96063 
vn -0.102362 -0.259843 -0.96063 
vn -0.125984 -0.220472 -0.968504 
vn -0.212598 -0.409449 -0.88189 
vn -0.133858 -0.401575 -0.905512 
vn -0.141732 -0.622047 -0.771654 
vn 0.133858 -0.401575 -0.905512 
vn 0.212598 -0.409449 -0.88189 
vn 0.141732 -0.622047 -0.771654 
vn -0.19685 -0.622047 -0.755906 
vn -0.511811 -0.275591 -0.811024 
vn -0.19685 -0.622047 -0.755906 
vn 0.511811 -0.275591 -0.811024 
vn 0.19685 -0.622047 -0.755906 
vn 0.19685 -0.622047 -0.755906 
vn -0.141732 -0.622047 -0.771654 
vn -0.133858 -0.401575 -0.905512 
vn -0.102362 -0.401575 -0.905512 
vn -0.0944882 -0.165354 -0.984252 
vn -0.0944882 -0.165354 -0.984252 
vn -0.0944882 -0.165354 -0.984252 
vn -0.0944882 -0.165354 -0.984252 
vn -0.102362 -0.259843 -0.96063 
vn -0.102362 -0.259843 -0.96063 
vn -0.102362 -0.259843 -0.96063 
vn -0.110236 -0.244094 -0.96063 
vn 0.102362 -0.259843 -0.96063 
vn 0.110236 -0.244094 -0.96063 
vn 0.102362 -0.259843 -0.96063 
vn 0.0944882 -0.165354 -0.984252 
vn 0.133858 -0.401575 -0.905512 
vn 0.0944882 -0.165354 -0.984252 
vn 0.0944882 -0.165354 -0.984252 
vn 0.102362 -0.259843 -0.96063 
vn 0.141732 -0.622047 -0.771654 
vn 0.102362 -0.401575 -0.905512 
vn 0.0944882 -0.165354 -0.984252 
vn 0.0708661 -0.23622 -0.968504 
vn 0.0708661 -0.23622 -0.968504 
vn 0.0944882 -0.220472 -0.968504 
vn 0.0551181 -0.251969 -0.968504 
vn 0.0551181 -0.251969 -0.968504 
vn 0.0708661 -0.23622 -0.968504 
vn 0.0472441 -0.275591 -0.96063 
vn 0.0472441 -0.275591 -0.96063 
vn 0.0393701 -0.173228 -0.984252 
vn -0.0708661 -0.23622 -0.968504 
vn -0.0708661 -0.23622 -0.968504 
vn -0.0944882 -0.220472 -0.968504 
vn -0.0551181 -0.251969 -0.968504 
vn -0.0708661 -0.23622 -0.968504 
vn -0.0551181 -0.251969 -0.968504 
vn -0.0472441 -0.275591 -0.96063 
vn -0.0472441 -0.275591 -0.96063 
vn -0.0393701 -0.173228 -0.984252 
vn 0.653543 0.204724 -0.724409 
vn 0.338583 0.188976 -0.92126 
vn 0.653543 0.204724 -0.724409 
vn -0.338583 0.188976 -0.92126 
vn -0.653543 0.204724 -0.724409 
vn -0.653543 0.204724 -0.724409 
vn -0.19685 -0.622047 -0.755906 
vn -0.212598 -0.409449 -0.88189 
vn -0.141732 -0.622047 -0.771654 
vn -0.15748 -0.787402 -0.590551 
vn -0.149606 -0.787402 -0.590551 
vn -0.19685 -0.622047 -0.755906 
vn 0.141732 -0.622047 -0.771654 
vn 0.19685 -0.622047 -0.755906 
vn 0.15748 -0.787402 -0.590551 
vn 0.212598 -0.409449 -0.88189 
vn 0.19685 -0.622047 -0.755906 
vn 0.149606 -0.787402 -0.590551 
vn 0 -0.629921 -0.779528 
vn 0.023622 -0.629921 -0.779528 
vn 0.015748 -0.80315 -0.598425 
vn 0.015748 -0.409449 -0.913386 
vn 0 -0.409449 -0.913386 
vn 0.015748 -0.409449 -0.913386 
vn 0 -0.173228 -0.984252 
vn 0 -0.173228 -0.984252 
vn 0.00787402 -0.283465 -0.96063 
vn 0.00787402 -0.283465 -0.96063 
vn 0.00787402 -0.259843 -0.968504 
vn 0.00787402 -0.259843 -0.968504 
vn 0.015748 -0.244094 -0.968504 
vn 0.015748 -0.244094 -0.968504 
vn 0.023622 -0.228346 -0.976378 
vn 0.015748 -0.244094 -0.968504 
vn 0.023622 -0.228346 -0.976378 
vn 0.0314961 -0.212598 -0.976378 
vn 0.0314961 -0.212598 -0.976378 
vn 0.023622 -0.228346 -0.976378 
vn 0.0314961 -0.19685 -0.984252 
vn 0.0314961 -0.19685 -0.984252 
vn 0.0314961 -0.0393701 -1 
vn 0.0708661 -0.0393701 -1 
vn -0.141732 -0.622047 -0.771654 
vn -0.110236 -0.795276 -0.598425 
vn -0.15748 -0.787402 -0.590551 
vn 0.110236 -0.795276 -0.598425 
vn 0.141732 -0.622047 -0.771654 
vn 0.15748 -0.787402 -0.590551 
vn 0.338583 0.188976 -0.92126 
vn 0.338583 0.188976 -0.92126 
vn 0.653543 0.204724 -0.724409 
vn -0.338583 0.188976 -0.92126 
vn -0.338583 0.188976 -0.92126 
vn -0.653543 0.204724 -0.724409 
vn -0.15748 -0.787402 -0.590551 
vn -0.149606 -0.787402 -0.590551 
vn -0.19685 -0.622047 -0.755906 
vn 0.149606 -0.787402 -0.590551 
vn 0.15748 -0.787402 -0.590551 
vn 0.19685 -0.622047 -0.755906 
vn -0.023622 -0.80315 -0.598425 
vn -0.0551181 -0.80315 -0.598425 
vn -0.0314961 -0.629921 -0.779528 
vn -0.0708661 -0.629921 -0.779528 
vn -0.0314961 -0.629921 -0.779528 
vn -0.0629921 -0.409449 -0.913386 
vn -0.0393701 -0.173228 -0.984252 
vn -0.0393701 -0.173228 -0.984252 
vn -0.0472441 -0.275591 -0.96063 
vn -0.0551181 -0.251969 -0.968504 
vn -0.0472441 -0.275591 -0.96063 
vn -0.0393701 -0.409449 -0.913386 
vn -0.0629921 -0.409449 -0.913386 
vn -0.015748 -0.409449 -0.913386 
vn -0.023622 -0.629921 -0.779528 
vn -0.0393701 -0.409449 -0.913386 
vn -0.023622 -0.629921 -0.779528 
vn -0.023622 -0.80315 -0.598425 
vn 0.0708661 -0.629921 -0.779528 
vn 0.0551181 -0.80315 -0.598425 
vn 0.0314961 -0.629921 -0.779528 
vn 0.0629921 -0.409449 -0.913386 
vn 0.023622 -0.80315 -0.598425 
vn 0.0314961 -0.629921 -0.779528 
vn 0.0393701 -0.173228 -0.984252 
vn 0.0393701 -0.173228 -0.984252 
vn 0.0472441 -0.275591 -0.96063 
vn 0.0551181 -0.251969 -0.968504 
vn 0.0472441 -0.275591 -0.96063 
vn 0.0629921 -0.409449 -0.913386 
vn 0.0393701 -0.409449 -0.913386 
vn 0.015748 -0.409449 -0.913386 
vn 0.023622 -0.629921 -0.779528 
vn 0.0393701 -0.409449 -0.913386 
vn 0.023622 -0.629921 -0.779528 
vn 0.023622 -0.80315 -0.598425 
vn -0.023622 -0.629921 -0.779528 
vn -0.015748 -0.409449 -0.913386 
vn 0 -0.629921 -0.779528 
vn -0.015748 -0.80315 -0.598425 
vn 0 -0.80315 -0.598425 
vn -0.015748 -0.80315 -0.598425 
vn 0 -0.80315 -0.598425 
vn 0.015748 -0.80315 -0.598425 
vn 0 -0.409449 -0.913386 
vn -0.015748 -0.409449 -0.913386 
vn 0 -0.173228 -0.984252 
vn 0 -0.173228 -0.984252 
vn -0.00787402 -0.283465 -0.96063 
vn -0.00787402 -0.283465 -0.96063 
vn -0.00787402 -0.259843 -0.968504 
vn -0.00787402 -0.259843 -0.968504 
vn -0.015748 -0.244094 -0.968504 
vn -0.015748 -0.244094 -0.968504 
vn -0.023622 -0.228346 -0.976378 
vn -0.023622 -0.228346 -0.976378 
vn -0.015748 -0.244094 -0.968504 
vn -0.0314961 -0.212598 -0.976378 
vn -0.0314961 -0.212598 -0.976378 
vn -0.0314961 -0.19685 -0.984252 
vn -0.0314961 -0.19685 -0.984252 
vn -0.0314961 -0.0393701 -1 
vn -0.0708661 -0.0393701 -1 
vn -0.141732 -0.622047 -0.771654 
vn -0.0944882 -0.622047 -0.771654 
vn -0.110236 -0.795276 -0.598425 
vn -0.102362 -0.401575 -0.905512 
vn -0.0629921 -0.409449 -0.913386 
vn -0.0708661 -0.629921 -0.779528 
vn 0.0944882 -0.622047 -0.771654 
vn 0.141732 -0.622047 -0.771654 
vn 0.110236 -0.795276 -0.598425 
vn 0.102362 -0.401575 -0.905512 
vn 0.0629921 -0.409449 -0.913386 
vn 0.0708661 -0.629921 -0.779528 
vn -0.0708661 -0.629921 -0.779528 
vn -0.0551181 -0.80315 -0.598425 
vn -0.0708661 -0.795276 -0.598425 
vn 0.0551181 -0.80315 -0.598425 
vn 0.0708661 -0.629921 -0.779528 
vn 0.0708661 -0.795276 -0.598425 
vn -0.0944882 -0.622047 -0.771654 
vn -0.0708661 -0.629921 -0.779528 
vn -0.0708661 -0.795276 -0.598425 
vn -0.102362 -0.401575 -0.905512 
vn -0.0708661 -0.795276 -0.598425 
vn -0.110236 -0.795276 -0.598425 
vn 0.0708661 -0.795276 -0.598425 
vn 0.0944882 -0.622047 -0.771654 
vn 0.110236 -0.795276 -0.598425 
vn 0.102362 -0.401575 -0.905512 
vn 0.0708661 -0.629921 -0.779528 
vn 0.0708661 -0.795276 -0.598425 
vn 0.015748 -0.80315 -0.598425 
vn 0.023622 -0.629921 -0.779528 
vn 0.023622 -0.80315 -0.598425 
vn -0.023622 -0.629921 -0.779528 
vn -0.015748 -0.80315 -0.598425 
vn -0.023622 -0.80315 -0.598425 
vn 0 0.795276 0.606299 
vn 0 0.795276 0.606299 
vn 0 0.795276 0.606299 
vn -0.0472441 0.795276 0.606299 
vn -0.440945 -0.622047 -0.637795 
vn -0.322835 -0.503937 -0.80315 
vn -0.637795 -0.299213 -0.708661 
vn -0.433071 -0.23622 -0.866142 
vn 0.322835 -0.503937 -0.80315 
vn 0.637795 -0.299213 -0.708661 
vn 0.433071 -0.23622 -0.866142 
vn 0.440945 -0.622047 -0.637795 
vn 0.0866142 -0.92126 -0.385827 
vn 0.401575 0.795276 0.448819 
vn 0.409449 0.653543 0.637795 
vn -0.401575 0.795276 0.448819 
vn -0.409449 0.653543 0.637795 
vn 0.976378 0.204724 0.0393701 
vn -0.976378 0.204724 0.0393701 
vn -0.976378 0.204724 0.0551181 
vn -0.0314961 -0.92126 -0.385827 
vn -0.818898 -0.362205 -0.448819 
vn -0.440945 -0.622047 -0.637795 
vn -0.637795 -0.299213 -0.708661 
vn 0.818898 -0.362205 -0.448819 
vn 0.440945 -0.622047 -0.637795 
vn 0.637795 -0.299213 -0.708661 
vn -0.322835 -0.503937 -0.80315 
vn -0.188976 -0.503937 -0.84252 
vn -0.433071 -0.23622 -0.866142 
vn -0.291339 -0.19685 -0.937008 
vn 0.188976 -0.503937 -0.84252 
vn 0.322835 -0.503937 -0.80315 
vn 0.433071 -0.23622 -0.866142 
vn 0.291339 -0.19685 -0.937008 
vn 0.338583 0.188976 -0.92126 
vn 0.0708661 0.149606 -0.984252 
vn 0.338583 0.188976 -0.92126 
vn -0.0708661 0.149606 -0.984252 
vn -0.338583 0.188976 -0.92126 
vn -0.338583 0.188976 -0.92126 
vn -0.188976 -0.503937 -0.84252 
vn -0.102362 -0.519685 -0.850394 
vn -0.291339 -0.19685 -0.937008 
vn -0.204724 -0.220472 -0.952756 
vn 0.102362 -0.519685 -0.850394 
vn 0.188976 -0.503937 -0.84252 
vn 0.291339 -0.19685 -0.937008 
vn 0.204724 -0.220472 -0.952756 
vn -0.0708661 -0.992126 -0.110236 
vn 0.0708661 -0.992126 -0.110236 
vn 0.0708661 0.149606 -0.984252 
vn 0.0708661 0.149606 -0.984252 
vn 0.338583 0.188976 -0.92126 
vn -0.0708661 0.149606 -0.984252 
vn -0.0708661 0.149606 -0.984252 
vn -0.338583 0.188976 -0.92126 
vn -0.944882 -0.149606 0.283465 
vn 0.944882 -0.149606 0.283465 
vn 0.102362 -0.787402 -0.606299 
vn 0.0472441 -0.795276 -0.606299 
vn 0.0314961 -0.480315 -0.874016 
vn -0.110236 -0.787402 -0.606299 
vn -0.0708661 -0.480315 -0.874016 
vn -0.503937 -0.685039 -0.527559 
vn -0.811024 -0.456693 -0.362205 
vn -0.661417 -0.354331 -0.661417 
vn -0.338583 -0.456693 -0.826772 
vn -0.503937 -0.685039 -0.527559 
vn -0.535433 -0.275591 -0.795276 
vn -0.992126 0 0.11811 
vn 0.992126 0 0.11811 
vn -0.015748 0.141732 -0.992126 
vn -0.015748 0.141732 -0.992126 
vn -0.015748 0.141732 -0.992126 
vn 0.0708661 0.149606 -0.984252 
vn 0.0708661 0.149606 -0.984252 
vn 0.015748 0.141732 -0.992126 
vn -0.0708661 0.149606 -0.984252 
vn -0.0708661 0.149606 -0.984252 
vn 0.015748 0.141732 -0.992126 
vn 0.015748 0.141732 -0.992126 
vn 0.0472441 0.795276 0.606299 
vn 0 0.795276 0.606299 
vn 0 0.795276 0.606299 
vn 0 0.795276 0.606299 
vn 0 0.795276 0.606299 
vn -0.0314961 -0.535433 -0.84252 
vn -0.015748 -0.535433 -0.84252 
vn -0.023622 -0.204724 -0.976378 
vn 0.023622 -0.204724 -0.976378 
vn 0.015748 -0.535433 -0.84252 
vn 0.0314961 -0.535433 -0.84252 
vn -0.015748 0.141732 -0.992126 
vn -0.015748 0.141732 -0.992126 
vn -0.015748 0.141732 -0.992126 
vn 0.015748 0.141732 -0.992126 
vn 0.015748 0.141732 -0.992126 
vn 0.015748 0.141732 -0.992126 
vn -0.015748 0.141732 -0.992126 
vn -0.015748 0.141732 -0.992126 
vn 0.0708661 0.149606 -0.984252 
vn 0.015748 0.141732 -0.992126 
vn 0.015748 0.141732 -0.992126 
vn -0.0708661 0.149606 -0.984252 
vn -0.488189 -0.755906 -0.440945 
vn -0.0472441 -0.795276 -0.606299 
vn 0 -0.795276 -0.606299 
vn -0.0314961 -0.480315 -0.874016 
vn -0.0629921 -1 0 
vn -0.220472 -0.976378 0 
vn -0.125984 -0.968504 -0.204724 
vn -0.102362 -0.787402 -0.606299 
vn 0.110236 -0.787402 -0.606299 
vn 0.0708661 -0.480315 -0.874016 
vn -0.0472441 -0.795276 -0.606299 
vn -0.0314961 -0.480315 -0.874016 
vn 0.503937 -0.685039 -0.527559 
vn 0.811024 -0.456693 -0.362205 
vn 0.661417 -0.354331 -0.661417 
vn 0.338583 -0.456693 -0.826772 
vn 0.535433 -0.275591 -0.795276 
vn 0.503937 -0.685039 -0.527559 
vn -0.0708661 -0.551181 -0.834646 
vn -0.0551181 -0.566929 -0.826772 
vn -0.15748 -0.244094 -0.96063 
vn -0.102362 -0.228346 -0.968504 
vn -0.0551181 -0.566929 -0.826772 
vn -0.0314961 -0.551181 -0.834646 
vn -0.102362 -0.228346 -0.968504 
vn -0.0629921 -0.204724 -0.976378 
vn 0.0551181 -0.566929 -0.826772 
vn 0.0708661 -0.551181 -0.834646 
vn 0.15748 -0.244094 -0.96063 
vn 0.102362 -0.228346 -0.968504 
vn 0.0314961 -0.551181 -0.834646 
vn 0.0551181 -0.566929 -0.826772 
vn 0.102362 -0.228346 -0.968504 
vn 0.0629921 -0.204724 -0.976378 
vn -0.905512 -0.204724 0.362205 
vn 0.905512 -0.204724 0.362205 
vn -0.102362 -0.519685 -0.850394 
vn -0.0708661 -0.551181 -0.834646 
vn -0.204724 -0.220472 -0.952756 
vn -0.15748 -0.244094 -0.96063 
vn 0.0708661 -0.551181 -0.834646 
vn 0.102362 -0.519685 -0.850394 
vn 0.204724 -0.220472 -0.952756 
vn 0.15748 -0.244094 -0.96063 
vn 0 -0.480315 -0.88189 
vn 0 -0.795276 -0.606299 
vn -0.0314961 -0.480315 -0.874016 
vn 0 -0.480315 -0.88189 
vn -0.00787402 -0.307087 -0.952756 
vn 0 -0.92126 -0.385827 
vn 0 -0.92126 -0.385827 
vn 0 -0.795276 -0.606299 
vn 0 -0.795276 -0.606299 
vn 0 -0.795276 -0.606299 
vn 0 -0.795276 -0.606299 
vn 0 -0.472441 -0.88189 
vn 0 -0.795276 -0.606299 
vn 0 -0.472441 -0.88189 
vn 0 -0.472441 -0.88189 
vn 0 -0.299213 -0.952756 
vn 0 -0.299213 -0.952756 
vn 0 -0.299213 -0.952756 
vn 0 -0.299213 -0.952756 
vn 0 -0.472441 -0.88189 
vn 0 -0.299213 -0.952756 
vn 0 -0.299213 -0.952756 
vn 0 -0.472441 -0.88189 
vn -0.968504 -0.15748 0.188976 
vn -0.204724 -0.574803 -0.795276 
vn -0.322835 -0.503937 -0.80315 
vn -0.283465 -0.677165 -0.677165 
vn -0.188976 -0.503937 -0.84252 
vn 0.322835 -0.503937 -0.80315 
vn 0.188976 -0.503937 -0.84252 
vn 0.204724 -0.574803 -0.795276 
vn 0.283465 -0.677165 -0.677165 
vn 1 0 0.0551181 
vn 0 -0.299213 -0.952756 
vn 0 -0.472441 -0.88189 
vn 0 -0.299213 -0.952756 
vn 0 -0.795276 -0.606299 
vn 0 -0.795276 -0.606299 
vn 0 -0.472441 -0.88189 
vn 0.00787402 -0.307087 -0.952756 
vn 0 -0.480315 -0.88189 
vn 0 -0.795276 -0.606299 
vn 0 -0.795276 -0.606299 
vn 0.0314961 -0.480315 -0.874016 
vn 0 -0.480315 -0.88189 
vn 0.00787402 -0.307087 -0.952756 
vn 0.0472441 -0.795276 -0.606299 
vn 0.0314961 -0.480315 -0.874016 
vn 0.992126 -0.0787402 0.102362 
vn -0.992126 -0.0787402 0.102362 
vn -0.984252 -0.110236 0.149606 
vn -0.976378 -0.133858 0.173228 
vn -0.322835 -0.503937 -0.80315 
vn -0.440945 -0.622047 -0.637795 
vn -0.283465 -0.677165 -0.677165 
vn 0.440945 -0.622047 -0.637795 
vn 0.322835 -0.503937 -0.80315 
vn 0.283465 -0.677165 -0.677165 
vn 0 0.795276 0.606299 
vn 0.110236 0.905512 -0.409449 
vn -0.0629921 0.905512 -0.425197 
vn 0.0629921 0.905512 -0.425197 
vn -0.023622 0.905512 -0.433071 
vn -0.023622 0.905512 -0.433071 
vn 0.023622 0.905512 -0.433071 
vn -1 -0.00787402 0.00787402 
vn 1 -0.00787402 0.00787402 
vn 0 0.905512 -0.433071 
vn 0 0.905512 -0.433071 
vn -1 -0.0314961 0.0314961 
vn -1 -0.0314961 0.0393701 
vn 1 -0.0314961 0.0393701 
vn -0.795276 0.275591 -0.543307 
vn 1 -0.0393701 0.0551181 
vn 0.102362 0.519685 0.850394 
vn -0.102362 0.519685 0.850394 
vn -0.0551181 0.566929 0.826772 
vn -0.913386 -0.244094 0.330709 
vn 0.913386 -0.244094 0.330709 
vn -1 -0.0472441 0.0708661 
vn 1 -0.0472441 0.0708661 
vn -0.0314961 -0.622047 -0.787402 
vn -0.102362 -0.519685 -0.850394 
vn -0.0944882 -0.598425 -0.795276 
vn -0.0708661 -0.551181 -0.834646 
vn 0.102362 -0.519685 -0.850394 
vn 0.0708661 -0.551181 -0.834646 
vn 0.0314961 -0.622047 -0.787402 
vn 0.0944882 -0.598425 -0.795276 
vn -0.015748 -0.637795 -0.771654 
vn -0.0314961 -0.535433 -0.84252 
vn -0.00787402 -0.645669 -0.76378 
vn -0.015748 -0.535433 -0.84252 
vn -0.0629921 -0.204724 -0.976378 
vn -0.023622 -0.204724 -0.976378 
vn -0.0314961 -0.551181 -0.834646 
vn 0.0314961 -0.535433 -0.84252 
vn 0.0314961 -0.551181 -0.834646 
vn 0.0629921 -0.204724 -0.976378 
vn 0.023622 -0.204724 -0.976378 
vn 0.015748 -0.637795 -0.771654 
vn 0.00787402 -0.645669 -0.76378 
vn 0.015748 -0.535433 -0.84252 
vn 1 0.015748 -0.023622 
vn 1 0.015748 -0.023622 
vn -1 0.015748 -0.023622 
vn -1 0.015748 -0.023622 
vn -0.0944882 -0.598425 -0.795276 
vn -0.188976 -0.503937 -0.84252 
vn -0.204724 -0.574803 -0.795276 
vn -0.102362 -0.519685 -0.850394 
vn 0.188976 -0.503937 -0.84252 
vn 0.102362 -0.519685 -0.850394 
vn 0.0944882 -0.598425 -0.795276 
vn 0.204724 -0.574803 -0.795276 
vn -1 0.023622 -0.00787402 
vn 1 0.015748 -0.00787402 
vn -0.015748 -0.629921 -0.779528 
vn -0.015748 -0.535433 -0.84252 
vn -0.015748 -0.637795 -0.771654 
vn 0.015748 -0.629921 -0.779528 
vn 0.015748 -0.535433 -0.84252 
vn -0.015748 -0.535433 -0.84252 
vn 0.015748 -0.629921 -0.779528 
vn 0.015748 -0.637795 -0.771654 
vn 0.188976 0.503937 0.84252 
vn -0.188976 0.503937 0.84252 
vn -0.0629921 0.212598 0.976378 
vn -0.023622 0.204724 0.976378 
vn 0.0629921 0.212598 0.976378 
vn 0.023622 0.204724 0.976378 
vn -0.984252 0.0944882 -0.141732 
vn 0.322835 0.503937 0.80315 
vn -0.322835 0.503937 0.80315 
vn 0.984252 0.0866142 -0.141732 
vn -0.984252 0.0866142 -0.141732 
vn -0.00787402 -0.645669 -0.76378 
vn -0.0314961 -0.551181 -0.834646 
vn -0.023622 -0.653543 -0.755906 
vn -0.0314961 -0.535433 -0.84252 
vn 0.0314961 -0.551181 -0.834646 
vn 0.0314961 -0.535433 -0.84252 
vn 0.00787402 -0.645669 -0.76378 
vn 0.023622 -0.653543 -0.755906 
vn 0.858268 0.244094 -0.448819 
vn -0.858268 0.244094 -0.448819 
vn -0.417323 -0.653543 -0.637795 
vn 0 -0.480315 -0.874016 
vn -0.015748 -0.700787 -0.716535 
vn 0.417323 -0.653543 -0.637795 
vn 0.015748 -0.700787 -0.716535 
vn 0 -0.480315 -0.874016 
vn 0.992126 0.0787402 -0.125984 
vn -0.992126 0.0787402 -0.125984 
vn -0.023622 -0.653543 -0.755906 
vn -0.0551181 -0.566929 -0.826772 
vn -0.0314961 -0.645669 -0.76378 
vn -0.0314961 -0.551181 -0.834646 
vn 0.0551181 -0.566929 -0.826772 
vn 0.0314961 -0.551181 -0.834646 
vn 0.023622 -0.653543 -0.755906 
vn 0.0314961 -0.645669 -0.76378 
vn -0.0314961 -0.645669 -0.76378 
vn -0.0708661 -0.551181 -0.834646 
vn -0.0314961 -0.622047 -0.787402 
vn -0.0551181 -0.566929 -0.826772 
vn 0.0708661 -0.551181 -0.834646 
vn 0.0551181 -0.566929 -0.826772 
vn 0.0314961 -0.645669 -0.76378 
vn 0.0314961 -0.622047 -0.787402 
vn -0.96063 0.181102 -0.204724 
vn -0.897638 0.212598 -0.385827 
vn 0.968504 0.15748 -0.188976 
vn 0.346457 -0.692913 -0.629921 
vn 0.488189 -0.440945 -0.755906 
vn 0.346457 -0.692913 -0.629921 
vn -0.346457 -0.692913 -0.629921 
vn -0.346457 -0.692913 -0.629921 
vn -0.488189 -0.440945 -0.755906 
vn -0.653543 -0.322835 0.685039 
vn 0.653543 -0.322835 0.685039 
vn -0.984252 0.110236 -0.141732 
vn 0.204724 0.228346 0.952756 
vn -0.204724 0.228346 0.952756 
vn -0.15748 0.244094 0.952756 
vn 0.102362 0.228346 0.968504 
vn -0.102362 0.228346 0.968504 
vn 0.96063 0.11811 -0.23622 
vn -0.96063 0.11811 -0.23622 
vn 0.133858 -0.905512 -0.409449 
vn 0.433071 0.23622 0.866142 
vn -0.433071 0.23622 0.866142 
vn 0.818898 0.362205 0.448819 
vn 0.637795 0.299213 0.708661 
vn -0.818898 0.362205 0.448819 
vn 0.102362 -0.700787 -0.708661 
vn 0.102362 -0.700787 -0.708661 
vn 0.0944882 -0.448819 -0.889764 
vn 0.0944882 -0.440945 -0.889764 
vn 0.0708661 -0.220472 -0.968504 
vn 0.0708661 -0.220472 -0.968504 
vn 0.0629921 -0.141732 -0.984252 
vn -0.0708661 -0.220472 -0.968504 
vn -0.0708661 -0.220472 -0.968504 
vn -0.0629921 -0.141732 -0.984252 
vn -0.0944882 -0.448819 -0.889764 
vn -0.0944882 -0.448819 -0.889764 
vn -0.102362 -0.700787 -0.708661 
vn -0.102362 -0.700787 -0.708661 
vn 0 -0.795276 -0.606299 
vn 0 -0.472441 -0.88189 
vn 0 -0.299213 -0.952756 
vn -0.00787402 -0.307087 -0.952756 
vn 0 -0.472441 -0.88189 
vn 0 -0.299213 -0.952756 
vn 0 -0.795276 -0.606299 
vn 0 -0.472441 -0.88189 
vn 0 -0.299213 -0.952756 
vn 0 -0.472441 -0.88189 
vn 0 -0.299213 -0.952756 
vn 0 -0.795276 -0.606299 
vn 0 -0.472441 -0.88189 
vn 0.0708661 0.629921 0.779528 
vn -0.0708661 0.629921 0.779528 
vn 0.0629921 -0.141732 -0.984252 
vn 0.0708661 -0.220472 -0.968504 
vn 0.0629921 -0.141732 -0.984252 
vn -0.0708661 -0.220472 -0.968504 
vn -0.0629921 -0.141732 -0.984252 
vn -0.0629921 -0.141732 -0.984252 
vn -0.141732 0.622047 0.771654 
vn -0.417323 -0.464567 -0.779528 
vn 0 -0.480315 -0.874016 
vn -0.417323 -0.653543 -0.637795 
vn 0 -0.314961 -0.952756 
vn -0.496063 -0.314961 -0.811024 
vn -0.00787402 -0.0629921 -1 
vn -0.015748 -0.181102 -0.984252 
vn 0 -0.480315 -0.874016 
vn 0.417323 -0.464567 -0.779528 
vn 0.417323 -0.653543 -0.637795 
vn 0 -0.314961 -0.952756 
vn 0.496063 -0.314961 -0.811024 
vn 0.00787402 -0.0629921 -1 
vn 0.015748 -0.181102 -0.984252 
vn -0.0629921 -0.480315 -0.874016 
vn -0.0314961 -0.480315 -0.874016 
vn -0.023622 -0.314961 -0.944882 
vn -0.0314961 -0.480315 -0.874016 
vn -0.102362 -0.787402 -0.606299 
vn 0.0629921 -0.480315 -0.874016 
vn 0.0314961 -0.480315 -0.874016 
vn 0.102362 -0.787402 -0.606299 
vn 0.0314961 -0.480315 -0.874016 
vn 0.023622 -0.314961 -0.944882 
vn -0.992126 -0.0866142 0 
vn 0.992126 -0.0866142 0 
vn 0 0 -1 
vn -0.00787402 -0.0629921 -1 
vn 0 0 -1 
vn 0 0 -1 
vn 0 0 -1 
vn -0.015748 -0.0472441 -1 
vn -0.015748 -0.181102 -0.984252 
vn -0.0314961 -0.0866142 -0.992126 
vn -0.015748 -0.181102 -0.984252 
vn -0.0314961 -0.0866142 -0.992126 
vn 0.00787402 -0.0629921 -1 
vn 0 0 -1 
vn 0 0 -1 
vn 0 0 -1 
vn 0 0 -1 
vn 0.015748 -0.0472441 -1 
vn 0.015748 -0.181102 -0.984252 
vn 0.0314961 -0.0866142 -0.992126 
vn 0.0314961 -0.0866142 -0.992126 
vn 0.015748 -0.181102 -0.984252 
vn 0.0708661 -0.480315 -0.874016 
vn -0.0629921 -0.480315 -0.874016 
vn 0.0472441 -0.322835 -0.944882 
vn -0.102362 -0.787402 -0.606299 
vn -0.0393701 -0.322835 -0.944882 
vn -0.023622 -0.314961 -0.944882 
vn -0.0708661 -0.480315 -0.874016 
vn 0.0629921 -0.480315 -0.874016 
vn 0.102362 -0.787402 -0.606299 
vn -0.0472441 -0.322835 -0.944882 
vn 0.0393701 -0.322835 -0.944882 
vn 0.023622 -0.314961 -0.944882 
vn 0 0 -1 
vn 0 0 -1 
vn 0 0 -1 
vn 0 0 -1 
vn 0 0 -1 
vn 0 0 -1 
vn 0 0 -1 
vn 0 0 -1 
vn 0 0 -1 
vn 0 0 -1 
vn 0 0 -1 
vn 0 0 -1 
vn 0 0 -1 
vn 0 0 -1 
vn 0 0 -1 
vn 0 0 -1 
vn 0 0 -1 
vn 0 0 -1 
vn 0 0 -1 
vn 0 0 -1 
vn 0 0 -1 
vn 0 0 -1 
vn 0 0 -1 
vn 0 0 -1 
vn 0 0 -1 
vn 0 0 -1 
vn 0 0 -1 
vn 0 0 -1 
vn -0.0629921 -0.480315 -0.874016 
vn -0.0393701 -0.322835 -0.944882 
vn 0.0472441 -0.322835 -0.944882 
vn 0.0393701 -0.322835 -0.944882 
vn 0.0629921 -0.480315 -0.874016 
vn -0.0472441 -0.322835 -0.944882 
vn 0.338583 -0.456693 -0.826772 
vn 0.0708661 -0.480315 -0.874016 
vn 0.23622 -0.314961 -0.92126 
vn 0.110236 -0.787402 -0.606299 
vn 0.503937 -0.685039 -0.527559 
vn -0.338583 -0.456693 -0.826772 
vn -0.0708661 -0.480315 -0.874016 
vn -0.110236 -0.787402 -0.606299 
vn -0.23622 -0.314961 -0.92126 
vn -0.503937 -0.685039 -0.527559 
vn -0.023622 -0.314961 -0.944882 
vn -0.0314961 -0.480315 -0.874016 
vn -0.00787402 -0.307087 -0.952756 
vn 0.0314961 -0.480315 -0.874016 
vn 0.023622 -0.314961 -0.944882 
vn 0.00787402 -0.307087 -0.952756 
vn 0.0708661 -0.480315 -0.874016 
vn 0.0472441 -0.322835 -0.944882 
vn 0.23622 -0.314961 -0.92126 
vn -0.0472441 -0.322835 -0.944882 
vn -0.0708661 -0.480315 -0.874016 
vn -0.23622 -0.314961 -0.92126 
vn 0.338583 -0.456693 -0.826772 
vn 0.23622 -0.314961 -0.92126 
vn 0.535433 -0.275591 -0.795276 
vn -0.23622 -0.314961 -0.92126 
vn -0.338583 -0.456693 -0.826772 
vn -0.535433 -0.275591 -0.795276 
vn 0.771654 0.559055 -0.314961 
vn 0.771654 0.559055 -0.314961 
vn 0.944882 0.314961 0 
vn -0.944882 0.314961 0 
vn 0.905512 0.23622 0.354331 
vn 0.905512 0.23622 0.354331 
vn 0.913386 0.299213 0.275591 
vn 0.944882 0.149606 0.291339 
vn 0.944882 0.149606 0.291339 
vn 0.992126 0.0551181 0.0944882 
vn 0.905512 0.23622 0.354331 
vn 0.944882 0.314961 0 
vn 0.944882 0.314961 0 
vn 0.771654 0.559055 -0.314961 
vn 0.952756 0.23622 0.173228 
vn 0.913386 0.362205 0.19685 
vn 0.913386 0.362205 0.19685 
vn 0.905512 0.409449 0.11811 
vn 0.913386 0.299213 0.275591 
vn 0.905512 0.23622 0.354331 
vn 0.913386 0.299213 0.275591 
vn 0.913386 0.362205 0.19685 
vn -0.535433 0.267717 0.795276 
vn -0.661417 0.346457 0.661417 
vn -0.88189 0.173228 0.440945 
vn 0.661417 0.346457 0.661417 
vn 0.535433 0.267717 0.795276 
vn 0.88189 0.173228 0.440945 
vn 0.929134 0.181102 0.322835 
vn 0.661417 0.346457 0.661417 
vn 0.88189 0.173228 0.440945 
vn 0.905512 0.409449 0.11811 
vn 0.913386 0.401575 0.0787402 
vn 0.905512 0.409449 0.11811 
vn 0.913386 0.362205 0.19685 
vn -0.905512 0.409449 0.11811 
vn 0.913386 0.401575 0.0787402 
vn 0.913386 0.401575 0.0787402 
vn 0.929134 0.362205 0.11811 
vn 0.905512 0.409449 0.11811 
vn 0.929134 0.362205 0.11811 
vn 0.929134 0.362205 0.11811 
vn 0.929134 0.322835 0.15748 
vn 0.913386 0.401575 0.0787402 
vn -0.929134 0.322835 0.15748 
vn -0.322835 -0.0472441 -0.944882 
vn -0.433071 -0.23622 -0.866142 
vn 0.929134 0.322835 0.15748 
vn 0.952756 0.23622 0.173228 
vn 0.929134 0.322835 0.15748 
vn 0.929134 0.362205 0.11811 
vn 0.992126 0.0551181 0.0944882 
vn 1 0 0 
vn 1 0 0 
vn 0.992126 0.0551181 0.0944882 
vn -0.511811 0.677165 0.527559 
vn 0.944882 0.149606 0.291339 
vn 0.992126 0.0551181 0.0944882 
vn 0.992126 0.0551181 0.0944882 
vn 0.952756 0.23622 0.173228 
vn 0.952756 0.23622 0.173228 
vn 0.944882 0.314961 0 
vn 0.929134 0.322835 0.15748 
vn 0.984252 0.0944882 0.125984 
vn 0.929134 0.181102 0.322835 
vn 0.88189 0.173228 0.440945 
vn -0.244094 0.307087 0.92126 
vn 0.244094 0.307087 0.92126 
vn -0.818898 0.448819 0.354331 
vn 0.661417 0.346457 0.661417 
vn 0.929134 0.181102 0.322835 
vn 0.818898 0.448819 0.354331 
vn 0.929134 0.181102 0.322835 
vn 0.968504 0.19685 0.141732 
vn 0.818898 0.448819 0.354331 
vn -0.535433 -0.11811 -0.834646 
vn -0.637795 -0.299213 -0.708661 
vn 0.511811 0.677165 0.527559 
vn -0.700787 -0.173228 -0.692913 
vn 0.700787 -0.173228 -0.692913 
vn 0.637795 -0.299213 -0.708661 
vn 0.818898 -0.362205 -0.448819 
vn -0.96063 -0.133858 -0.251969 
vn -0.984252 -0.11811 -0.110236 
vn 0.984252 -0.11811 -0.110236 
vn 0.96063 -0.133858 -0.251969 
vn 0.818898 -0.362205 -0.448819 
vn 0.700787 -0.173228 -0.692913 
vn 0.929134 0.181102 0.322835 
vn 0.984252 0.0944882 0.125984 
vn 0.968504 0.19685 0.141732 
vn -0.795276 -0.582677 -0.181102 
vn -0.724409 -0.685039 0 
vn 0.952756 -0.149606 -0.251969 
vn 0.818898 -0.566929 -0.0944882 
vn 0.724409 -0.685039 0 
vn 0.795276 -0.582677 -0.181102 
vn 0.496063 -0.314961 -0.811024 
vn 0.984252 -0.11811 -0.110236 
vn 0.874016 -0.417323 -0.267717 
vn 0.88189 -0.440945 -0.173228 
vn 0.818898 -0.362205 -0.448819 
vn -0.992126 -0.110236 -0.0629921 
vn 0.992126 -0.110236 -0.0629921 
vn 0.88189 -0.440945 -0.173228 
vn 0.88189 -0.456693 -0.0787402 
vn 0.984252 -0.11811 -0.110236 
vn -0.393701 -0.220472 -0.889764 
vn -0.440945 -0.220472 -0.866142 
vn -0.929134 -0.0708661 -0.370079 
vn 0.511811 -0.275591 -0.811024 
vn 0.929134 -0.0708661 -0.370079 
vn 0.992126 -0.110236 -0.023622 
vn 0.88189 -0.456693 -0.0787402 
vn 0.897638 -0.433071 -0.102362 
vn 0.992126 -0.110236 -0.0629921 
vn -0.992126 -0.110236 -0.023622 
vn 0.992126 -0.110236 -0.023622 
vn 0.897638 -0.433071 -0.102362 
vn 0.905512 -0.377953 -0.188976 
vn 0.992126 -0.110236 -0.023622 
vn 0.992126 -0.0787402 -0.0472441 
vn 0.92126 -0.228346 -0.307087 
vn 0.952756 -0.149606 -0.251969 
vn 0.992126 -0.0866142 -0.0393701 
vn 0.992126 -0.0866142 -0.0393701 
vn 0.913386 -0.307087 -0.259843 
vn 0.92126 -0.228346 -0.307087 
vn 0.992126 -0.102362 -0.0314961 
vn 0.992126 -0.102362 -0.0314961 
vn 0.905512 -0.377953 -0.188976 
vn 0.913386 -0.307087 -0.259843 
vn 0.992126 -0.110236 -0.023622 
vn 0.968504 0.19685 0.141732 
vn 0.992126 0.0944882 0.0472441 
vn 0.976378 0.19685 0.0393701 
vn 1 -0.0708661 -0.0314961 
vn 0.992126 -0.0787402 -0.0472441 
vn 0.952756 -0.149606 -0.251969 
vn 0.724409 -0.685039 0 
vn 0.88189 0.19685 -0.425197 
vn 0.88189 0.19685 -0.425197 
vn 1 0.0708661 0.00787402 
vn 0.992126 0.133858 0.0551181 
vn 0.88189 0.19685 -0.425197 
vn 1 0.0708661 0.00787402 
vn 0.0314961 0.0866142 0.992126 
vn 0 0 1 
vn 0 0 1 
vn -1 0.0708661 0.00787402 
vn -0.0314961 0.0866142 0.992126 
vn 0 0 1 
vn 0 0 1 
vn 0 0 1 
vn -0.866142 0.488189 0.102362 
vn 0.866142 0.488189 0.102362 
vn 0.818898 0.448819 0.354331 
vn 0.976378 0.19685 0.0393701 
vn 0.818898 0.448819 0.354331 
vn 0.968504 0.19685 0.141732 
vn 0.976378 0.19685 0.0393701 
vn 0.984252 0.19685 0 
vn 0.976378 0.19685 0.0393701 
vn 0.992126 0.0866142 0.015748 
vn 0.88189 0.19685 -0.425197 
vn 0.653543 0.204724 -0.724409 
vn 0.88189 0.19685 -0.425197 
vn -0.653543 0.204724 -0.724409 
vn 0.976378 0.102362 0.181102 
vn 0.984252 0.0944882 0.125984 
vn 0.88189 0.173228 0.440945 
vn 0.992126 0.0944882 0.0472441 
vn 0.968504 0.19685 0.141732 
vn 0.992126 0.0866142 0.015748 
vn 0.976378 0.19685 0.0393701 
vn 0.992126 0.0866142 0 
vn 0.984252 0.19685 0 
vn 0.653543 0.204724 -0.724409 
vn 0.653543 0.204724 -0.724409 
vn 0.88189 0.19685 -0.425197 
vn -0.653543 0.204724 -0.724409 
vn 0.992126 0.015748 0.141732 
vn 1 0.0708661 0.00787402 
vn 0.92126 0.385827 -0.0944882 
vn -0.204724 0.0314961 -0.976378 
vn 0.204724 0.0314961 -0.976378 
vn 0.488189 0.314961 0.818898 
vn 0.417323 0.464567 0.779528 
vn -0.417323 0.464567 0.779528 
vn -0.488189 0.314961 0.818898 
vn -0.275591 -0.220472 -0.937008 
vn -0.330709 -0.220472 -0.913386 
vn 0.212598 -0.409449 -0.88189 
vn -0.0944882 -0.220472 -0.968504 
vn -0.0708661 -0.23622 -0.968504 
vn 0.929134 0.0787402 0.362205 
vn 0.992126 0.133858 0.0551181 
vn 1 0.0708661 0.00787402 
vn 0.866142 0.488189 0.102362 
vn 0.976378 0.19685 0.0393701 
vn 0.874016 0.488189 0 
vn 0.590551 0.787402 0.165354 
vn 0.511811 0.677165 0.527559 
vn 0.976378 0.19685 0.0393701 
vn 0.984252 0.19685 0 
vn 0.874016 0.488189 0 
vn 0.338583 0.188976 -0.92126 
vn -0.149606 -0.787402 -0.590551 
vn 0.149606 -0.787402 -0.590551 
vn 0.511811 0.677165 0.527559 
vn 0.818898 0.448819 0.354331 
vn 0.866142 0.488189 0.102362 
vn 0.338583 0.188976 -0.92126 
vn -0.338583 0.188976 -0.92126 
vn -0.0314961 -0.212598 -0.976378 
vn 0.322835 -0.503937 -0.80315 
vn 0.992126 0.015748 0.141732 
vn 0.929134 0.0787402 0.362205 
vn 1 0.0708661 0.00787402 
vn 0.401575 0.795276 0.448819 
vn 0.409449 0.653543 0.637795 
vn -0.401575 0.795276 0.448819 
vn -0.409449 0.653543 0.637795 
vn 0.968504 0.188976 0.149606 
vn 0.968504 0.181102 0.173228 
vn 0.968504 0.181102 0.173228 
vn 0.976378 0.19685 0.0944882 
vn 0.976378 0.19685 0.0944882 
vn 0.976378 0.204724 0.0551181 
vn 0.976378 0.204724 0.0551181 
vn 0.976378 0.204724 0.0393701 
vn 0.976378 0.204724 0.0393701 
vn -0.976378 0.204724 0.0393701 
vn 0.874016 -0.417323 -0.267717 
vn 0.818898 -0.362205 -0.448819 
vn 0.440945 -0.622047 -0.637795 
vn 0.574803 -0.0393701 0.818898 
vn -0.574803 -0.0393701 0.818898 
vn 0.976378 0.204724 0.0551181 
vn 0.976378 0.204724 0.0551181 
vn 0.976378 0.204724 0.0393701 
vn 0.188976 -0.503937 -0.84252 
vn 0.976378 0.19685 0.0944882 
vn 0.976378 0.19685 0.0944882 
vn 0.976378 0.204724 0.0551181 
vn -0.0708661 -0.992126 -0.110236 
vn 0.0708661 -0.992126 -0.110236 
vn 1 0 0 
vn 1 0 0 
vn 1 0 0 
vn 1 0 0 
vn 1 0.023622 0 
vn 1 0.0314961 0 
vn 1 0.023622 0 
vn 1 0.015748 0 
vn 1 0.015748 0 
vn 1 0.00787402 0 
vn 1 0.00787402 0 
vn 1 0 0 
vn 1 0 0 
vn 1 0 0 
vn 1 0 0 
vn 1 0 0 
vn 1 0 0 
vn 1 0 0 
vn 1 0.0314961 0 
vn 1 0.0314961 0 
vn 1 0.023622 0 
vn -0.212598 -0.976378 0 
vn 0.968504 0.188976 0.149606 
vn 0.968504 0.188976 0.149606 
vn 0.976378 0.19685 0.0944882 
vn 0.740157 -0.15748 -0.653543 
vn 0.992126 -0.0708661 -0.0787402 
vn 0.929134 -0.0708661 -0.370079 
vn 0.740157 -0.15748 -0.653543 
vn 0.968504 -0.0866142 0.23622 
vn 0.968504 -0.0866142 0.23622 
vn 0.944882 -0.149606 0.283465 
vn 0.944882 -0.149606 0.283465 
vn 0.944882 -0.149606 0.283465 
vn 0.905512 -0.204724 0.362205 
vn 0.590551 0.787402 0.165354 
vn 0.866142 0.488189 0.102362 
vn 0.598425 0.80315 0 
vn 0.866142 0.488189 0.102362 
vn 0.874016 0.488189 0 
vn 0.598425 0.80315 0 
vn 0.992126 -0.0314961 0.11811 
vn 0.992126 -0.0314961 0.11811 
vn 0.992126 -0.0787402 0.125984 
vn 0.992126 0 0.11811 
vn 0.968504 0.188976 0.149606 
vn 0.968504 0.188976 0.149606 
vn 0.968504 0.181102 0.173228 
vn 0.992126 -0.0787402 0.125984 
vn 0.984252 -0.11811 0.149606 
vn 0.992126 -0.0787402 0.125984 
vn 0.992126 -0.0314961 0.11811 
vn 0.984252 -0.11811 0.149606 
vn 0.984252 -0.11811 0.149606 
vn 0.992126 -0.0787402 0.125984 
vn 0.220472 -0.976378 0 
vn 0.125984 -0.968504 -0.204724 
vn 0.992126 0 0.11811 
vn 0.992126 0 0.11811 
vn 0.992126 -0.0314961 0.11811 
vn 0.015748 0.141732 -0.992126 
vn 0.984252 -0.11811 0.149606 
vn 0.968504 -0.15748 0.188976 
vn 0.984252 -0.11811 0.149606 
vn -0.488189 -0.755906 -0.440945 
vn 0.488189 -0.755906 -0.440945 
vn -0.0629921 -1 0 
vn 0.590551 -0.811024 0 
vn 0.866142 -0.496063 0 
vn 0.582677 -0.795276 -0.173228 
vn 0.866142 -0.488189 -0.102362 
vn 0.503937 -0.685039 -0.527559 
vn 0.811024 -0.456693 -0.362205 
vn 0.984252 -0.19685 0 
vn 0.866142 -0.488189 -0.102362 
vn 0.976378 -0.19685 -0.0393701 
vn 0.811024 -0.456693 -0.362205 
vn 0.968504 -0.19685 -0.141732 
vn 0.929134 -0.181102 -0.330709 
vn 0.661417 -0.354331 -0.661417 
vn 0.929134 -0.181102 -0.330709 
vn 0.88189 -0.173228 -0.448819 
vn 0.535433 -0.275591 -0.795276 
vn 1 0 0 
vn 1 0 0 
vn 1 0 0 
vn 1 0 0 
vn 1 0.015748 0 
vn 1 0.015748 0 
vn 1 0.015748 0 
vn 1 0.00787402 0 
vn 1 0.00787402 0 
vn 1 0 0 
vn 1 0 0 
vn 1 0 0 
vn 1 0 0 
vn 1 0 0 
vn 1 0 0 
vn 1 0 0 
vn 1 0 0 
vn 1 0 0 
vn 0.905512 -0.204724 0.362205 
vn 0.905512 -0.204724 0.362205 
vn 0.944882 -0.149606 0.283465 
vn 0.866142 -0.23622 0.448819 
vn 1 0.015748 0 
vn 1 0.015748 0 
vn 1 0.015748 0 
vn 0.96063 -0.173228 0.228346 
vn 0.96063 -0.173228 0.228346 
vn 0.937008 -0.204724 0.275591 
vn 0.968504 -0.15748 0.188976 
vn 0.968504 -0.15748 0.188976 
vn 0.984252 -0.11811 0.149606 
vn 0.96063 -0.173228 0.228346 
vn 1 0 0.0551181 
vn 1 -0.015748 0.0472441 
vn 1 -0.015748 0.0472441 
vn 1 -0.0314961 0.0551181 
vn 1 0 0.0551181 
vn 1 0 0.0551181 
vn 1 -0.015748 0.0472441 
vn 1 -0.0314961 0.0551181 
vn 1 -0.0314961 0.0551181 
vn 1 -0.015748 0.0472441 
vn 0.992126 -0.0551181 0.0708661 
vn 0.992126 -0.0551181 0.0708661 
vn 0.992126 -0.0787402 0.102362 
vn 0.992126 -0.0787402 0.102362 
vn 0.984252 -0.0866142 0.125984 
vn 0.984252 -0.0866142 0.125984 
vn 0.984252 -0.0866142 0.125984 
vn 0.984252 -0.110236 0.149606 
vn 0.984252 -0.110236 0.149606 
vn 0.984252 -0.110236 0.149606 
vn 0.976378 -0.133858 0.173228 
vn 0.976378 -0.133858 0.173228 
vn 0.905512 -0.204724 0.362205 
vn 0.866142 -0.23622 0.448819 
vn 0.866142 -0.23622 0.448819 
vn 0.787402 -0.275591 0.551181 
vn 0.937008 -0.204724 0.275591 
vn 0.937008 -0.204724 0.275591 
vn 0.92126 -0.23622 0.314961 
vn 0.96063 -0.173228 0.228346 
vn 1 0 0 
vn 1 0.00787402 0 
vn 1 0 0 
vn 1 0 0 
vn 1 0 0 
vn 1 0 0 
vn 1 0 0 
vn 1 0 0 
vn 1 0 0 
vn 1 0 0 
vn 1 0 0 
vn 1 0 0 
vn 1 0 0 
vn 1 0 0 
vn 1 0 0 
vn 1 0 0 
vn 1 0 0 
vn 1 0 0 
vn 1 0 0.00787402 
vn 1 -0.00787402 0.00787402 
vn 1 -0.00787402 0.00787402 
vn 1 -0.015748 0.00787402 
vn 1 0.00787402 0 
vn 1 0.00787402 0 
vn 1 0 0 
vn 1 -0.015748 0.00787402 
vn 1 -0.00787402 0.00787402 
vn 1 -0.015748 0.00787402 
vn 1 -0.023622 0.015748 
vn 1 -0.023622 0.015748 
vn 1 -0.023622 0.015748 
vn 1 -0.015748 0.00787402 
vn 1 0 0.00787402 
vn 1 0 0.00787402 
vn 1 -0.00787402 0.00787402 
vn 0.92126 -0.23622 0.314961 
vn 0.937008 -0.204724 0.275591 
vn 0.92126 -0.23622 0.314961 
vn 1 -0.023622 0.015748 
vn 1 -0.0314961 0.0314961 
vn 1 -0.023622 0.015748 
vn 1 -0.0314961 0.0314961 
vn 1 -0.0314961 0.0314961 
vn 1 -0.023622 0.015748 
vn 1 -0.0314961 0.0393701 
vn 0.795276 0.275591 -0.543307 
vn 0.795276 0.275591 -0.543307 
vn 0.818898 0.275591 -0.511811 
vn -0.795276 0.275591 -0.543307 
vn 1 -0.0314961 0.0314961 
vn 1 -0.0314961 0.0393701 
vn 1 -0.0314961 0.0393701 
vn 1 -0.0393701 0.0551181 
vn 0.976378 -0.133858 0.173228 
vn 0.976378 -0.133858 0.181102 
vn 0.976378 -0.133858 0.173228 
vn 0.92126 -0.23622 0.314961 
vn 0.913386 -0.244094 0.330709 
vn 0.92126 -0.23622 0.314961 
vn 1 -0.0393701 0.0551181 
vn 1 -0.0314961 0.0393701 
vn 1 -0.0393701 0.0551181 
vn 1 -0.0472441 0.0629921 
vn 0.976378 -0.133858 0.181102 
vn 0.976378 -0.133858 0.181102 
vn 0.976378 -0.133858 0.173228 
vn 0.787402 -0.275591 0.551181 
vn 0.866142 -0.23622 0.448819 
vn 0.787402 -0.275591 0.551181 
vn 1 -0.0472441 0.0629921 
vn 1 -0.0393701 0.0551181 
vn 1 -0.0472441 0.0629921 
vn 1 -0.0472441 0.0708661 
vn 0.913386 -0.244094 0.330709 
vn 0.913386 -0.244094 0.330709 
vn 0.92126 -0.23622 0.314961 
vn 1 -0.0472441 0.0708661 
vn 1 -0.0472441 0.0708661 
vn 1 -0.0472441 0.0629921 
vn 0.795276 0.275591 -0.543307 
vn 0.818898 0.275591 -0.511811 
vn 0.818898 0.275591 -0.511811 
vn 0.858268 0.244094 -0.448819 
vn 1 -0.0629921 0 
vn 1 -0.0787402 0 
vn 1 -0.0787402 0 
vn 0.787402 -0.275591 0.551181 
vn 0.787402 -0.275591 0.551181 
vn 0.692913 -0.314961 0.645669 
vn 1 -0.0629921 0 
vn 1 -0.0629921 0 
vn 1 -0.0787402 0 
vn 1 -0.0314961 0 
vn 1 -0.0314961 0 
vn 1 -0.015748 0 
vn 1 -0.015748 0 
vn 1 -0.00787402 0 
vn 1 0.015748 -0.023622 
vn 1 0.015748 -0.023622 
vn 1 0.015748 -0.023622 
vn 1 0.015748 -0.023622 
vn 1 0.015748 -0.023622 
vn 1 0.015748 -0.023622 
vn 1 0.015748 -0.023622 
vn 1 0.015748 -0.023622 
vn 1 0.015748 -0.023622 
vn 1 0.015748 -0.023622 
vn 1 0.015748 -0.023622 
vn 1 0.015748 -0.023622 
vn 1 0.015748 -0.023622 
vn 1 0.015748 -0.023622 
vn 1 0.023622 -0.015748 
vn 1 0.023622 -0.015748 
vn 1 0.015748 -0.023622 
vn 1 0.023622 -0.015748 
vn 1 0.023622 -0.015748 
vn 1 0.023622 -0.015748 
vn 1 0.023622 -0.015748 
vn 1 0.023622 -0.015748 
vn 1 0.023622 -0.00787402 
vn 1 0.023622 -0.015748 
vn 1 0.023622 -0.00787402 
vn 1 0.023622 -0.00787402 
vn 1 0.015748 -0.00787402 
vn 1 -0.015748 0 
vn 1 -0.00787402 0 
vn 1 -0.00787402 0 
vn 1 0 0 
vn 1 -0.00787402 0 
vn 1 0 0 
vn 1 0 0 
vn 1 0 0 
vn 1 0 0 
vn 1 0 0 
vn 1 0 0 
vn 1 0 0 
vn 1 0 0 
vn 1 0 0 
vn 1 0.015748 -0.00787402 
vn 1 0.015748 -0.00787402 
vn 1 0.023622 -0.00787402 
vn 1 0 0 
vn 1 0 0 
vn 1 0.015748 -0.00787402 
vn 1 0 0 
vn 0.984252 0.0944882 -0.141732 
vn 0.984252 0.0944882 -0.141732 
vn 0.984252 0.0944882 -0.141732 
vn -0.322835 0.503937 0.80315 
vn 0.984252 0.0944882 -0.141732 
vn 0.984252 0.0866142 -0.141732 
vn 0.984252 0.0944882 -0.141732 
vn 0.992126 0.0787402 -0.125984 
vn 0.858268 0.244094 -0.448819 
vn 0.858268 0.244094 -0.448819 
vn 0.818898 0.275591 -0.511811 
vn 0.897638 0.212598 -0.385827 
vn 0.897638 -0.433071 -0.102362 
vn 0.417323 -0.874016 -0.23622 
vn 0.401575 -0.795276 -0.448819 
vn 0.905512 -0.377953 -0.188976 
vn 0.897638 -0.433071 -0.102362 
vn 0.417323 -0.653543 -0.637795 
vn 0.913386 -0.307087 -0.259843 
vn 0.417323 -0.464567 -0.779528 
vn 0.905512 -0.377953 -0.188976 
vn 0.92126 -0.228346 -0.307087 
vn 0.417323 -0.464567 -0.779528 
vn 0.496063 -0.314961 -0.811024 
vn 0.952756 -0.149606 -0.251969 
vn 0.496063 -0.314961 -0.811024 
vn 0.818898 -0.566929 -0.0944882 
vn 0.992126 0.0787402 -0.125984 
vn 0.992126 0.0787402 -0.125984 
vn 0.984252 0.0866142 -0.141732 
vn 0.992126 0.0708661 -0.110236 
vn 0.944882 0.212598 -0.23622 
vn 0.944882 0.212598 -0.23622 
vn 0.952756 0.204724 -0.228346 
vn 0.992126 0.0708661 -0.110236 
vn 0.992126 0.0708661 -0.110236 
vn 0.992126 0.0787402 -0.125984 
vn 0.992126 0.0708661 -0.0944882 
vn 0.944882 0.212598 -0.23622 
vn 0.952756 0.204724 -0.228346 
vn 0.952756 0.204724 -0.228346 
vn 0.96063 0.181102 -0.204724 
vn 0.692913 -0.314961 0.645669 
vn 0.787402 -0.275591 0.551181 
vn 0.692913 -0.314961 0.645669 
vn 0.992126 0.0708661 -0.0944882 
vn 0.992126 0.0708661 -0.110236 
vn 0.992126 0.0708661 -0.0944882 
vn 0.992126 0.0629921 -0.0708661 
vn 0.992126 0.0629921 -0.0708661 
vn 0.992126 0.0629921 -0.0708661 
vn 0.992126 0.0708661 -0.0944882 
vn 1 0.0472441 -0.0629921 
vn 1 0.0472441 -0.0551181 
vn 1 0.0472441 -0.0629921 
vn 0.992126 0.0629921 -0.0708661 
vn 1 0.023622 -0.0472441 
vn 0.96063 0.181102 -0.204724 
vn 0.96063 0.181102 -0.204724 
vn 0.952756 0.204724 -0.228346 
vn 0.968504 0.15748 -0.188976 
vn 1 0.0472441 -0.0551181 
vn 1 0.023622 -0.0472441 
vn 1 0.023622 -0.0472441 
vn 1 0 -0.0393701 
vn 1 0 -0.0393701 
vn 1 0.023622 -0.0472441 
vn 1 0 -0.0393701 
vn 0.897638 0.212598 -0.385827 
vn 0.897638 0.212598 -0.385827 
vn 0.858268 0.244094 -0.448819 
vn 0.929134 0.19685 -0.322835 
vn 0.692913 -0.314961 0.645669 
vn 0.653543 -0.322835 0.685039 
vn 0.692913 -0.314961 0.645669 
vn 1 -0.00787402 0 
vn 1 -0.00787402 0 
vn 1 -0.00787402 0 
vn 1 -0.00787402 0 
vn 1 -0.00787402 0 
vn 1 -0.00787402 0 
vn 1 0 0 
vn 1 0 0 
vn 1 0 0 
vn 1 0 0 
vn 1 0 0 
vn 1 0 0 
vn 1 0 0 
vn 1 0 0 
vn 1 0 0 
vn 1 0 0 
vn 1 0 0 
vn 1 0 0 
vn 1 0 0 
vn 1 0 0 
vn 1 0 0 
vn 0.905512 0.385827 0.188976 
vn 0.401575 0.795276 0.448819 
vn 0.913386 0.314961 0.259843 
vn 0.409449 0.88189 0.23622 
vn -0.913386 0.314961 0.259843 
vn 0.968504 0.15748 -0.188976 
vn 0.968504 0.15748 -0.188976 
vn 0.96063 0.181102 -0.204724 
vn 0.976378 0.141732 -0.165354 
vn 0.889764 0.440945 0.110236 
vn 0.88189 0.464567 0.0787402 
vn 0.409449 0.88189 0.23622 
vn 0.905512 0.385827 0.188976 
vn -0.88189 0.464567 0.0787402 
vn -0.889764 0.440945 0.110236 
vn 0.346457 -0.692913 -0.629921 
vn -0.346457 -0.692913 -0.629921 
vn 0.417323 0.464567 0.779528 
vn 0.488189 0.314961 0.818898 
vn 0.952756 0.15748 0.259843 
vn 0.779528 0.590551 0.19685 
vn 0.92126 0.228346 0.314961 
vn 0.417323 0.464567 0.779528 
vn 0.409449 0.653543 0.637795 
vn 0.913386 0.314961 0.259843 
vn 0.409449 0.653543 0.637795 
vn 0.401575 0.795276 0.448819 
vn 0.204724 0.0314961 -0.976378 
vn 0.204724 0.0314961 -0.976378 
vn 0.204724 0.0314961 -0.976378 
vn 0.88189 0.448819 0.173228 
vn -0.88189 0.448819 0.173228 
vn 0.976378 0.141732 -0.165354 
vn 0.968504 0.15748 -0.188976 
vn 0.976378 0.141732 -0.165354 
vn 0.984252 0.110236 -0.141732 
vn -0.653543 -0.322835 0.685039 
vn 0.653543 -0.322835 0.685039 
vn 0.929134 0.19685 -0.322835 
vn 0.897638 0.212598 -0.385827 
vn 0.929134 0.19685 -0.322835 
vn 0.952756 0.15748 -0.267717 
vn 0.976378 0.141732 -0.165354 
vn 0.984252 0.110236 -0.141732 
vn 0.984252 0.110236 -0.141732 
vn 0.992126 0.0866142 -0.125984 
vn 0.984252 0.110236 -0.141732 
vn 0.992126 0.0866142 -0.125984 
vn 0.992126 0.0866142 -0.125984 
vn 0.992126 0.0314961 -0.110236 
vn 0.992126 -0.00787402 -0.102362 
vn 0.992126 0.0314961 -0.110236 
vn 0.992126 -0.00787402 -0.102362 
vn 0.992126 0.0314961 -0.110236 
vn 0.992126 0.0314961 -0.110236 
vn 0.992126 0.0866142 -0.125984 
vn 0.992126 -0.00787402 -0.102362 
vn 0.929134 0.19685 -0.322835 
vn 0.952756 0.15748 -0.267717 
vn 0.952756 0.15748 -0.267717 
vn 0.96063 0.11811 -0.23622 
vn 0.952756 0.15748 -0.267717 
vn 0.96063 0.11811 -0.23622 
vn 0.96063 0.11811 -0.23622 
vn 0.976378 0.0472441 -0.212598 
vn 1 -0.015748 0 
vn 1 -0.023622 0 
vn 1 -0.023622 0 
vn 0.866142 0.417323 0.267717 
vn -0.866142 0.417323 0.267717 
vn 1 -0.015748 0 
vn 1 -0.015748 0 
vn 1 -0.023622 0 
vn 1 -0.00787402 0 
vn 1 -0.00787402 0 
vn 1 0 0 
vn 1 0 0 
vn 1 0 0 
vn 1 0 0 
vn 1 0 0 
vn 1 0 0 
vn 1 0 0 
vn 1 0 0 
vn 1 0 0 
vn 1 0 0 
vn 1 0 0 
vn 1 0 0 
vn 1 0 0 
vn 0.976378 0.0472441 -0.212598 
vn 0.976378 0.0472441 -0.212598 
vn 0.96063 0.11811 -0.23622 
vn 0.976378 -0.015748 -0.204724 
vn 0.976378 -0.015748 -0.204724 
vn 0.976378 0.0472441 -0.212598 
vn 0.976378 -0.015748 -0.204724 
vn 0.133858 0.992126 -0.0629921 
vn 0.968504 -0.181102 -0.173228 
vn 0.968504 -0.181102 -0.173228 
vn 0.968504 -0.188976 -0.149606 
vn 0.976378 -0.19685 -0.102362 
vn 0.976378 -0.19685 -0.102362 
vn 0.968504 -0.188976 -0.149606 
vn 0.488189 -0.440945 -0.755906 
vn 0.488189 -0.440945 -0.755906 
vn 0.346457 -0.692913 -0.629921 
vn 0.133858 -0.905512 -0.409449 
vn 0.0866142 -0.984252 -0.15748 
vn 1 -0.023622 0 
vn 1 -0.0314961 0 
vn 1 -0.0314961 0 
vn 0.92126 0.385827 -0.0944882 
vn 0.992126 0.015748 0.141732 
vn 0.92126 0.385827 -0.0944882 
vn 0.976378 -0.204724 -0.0551181 
vn 0.976378 -0.204724 -0.0551181 
vn 0.976378 -0.19685 -0.102362 
vn 1 -0.023622 0 
vn 1 -0.023622 0 
vn 1 -0.0314961 0 
vn 1 -0.015748 0 
vn 1 -0.015748 0 
vn 1 -0.00787402 0 
vn 1 -0.00787402 0 
vn 1 0 0 
vn 1 0 0 
vn 1 0 0 
vn 1 0 0 
vn 1 0 0 
vn 1 0 0 
vn 1 0 0 
vn 1 0 0 
vn 1 0 0 
vn 1 0 0 
vn 1 0 0 
vn 0.976378 -0.204724 -0.0472441 
vn 0.976378 -0.204724 -0.0472441 
vn 0.976378 -0.204724 -0.0551181 
vn 0.818898 0.362205 0.448819 
vn 0.440945 0.622047 0.645669 
vn 0.866142 0.417323 0.267717 
vn 0.637795 0.299213 0.708661 
vn -0.818898 0.362205 0.448819 
vn 0.968504 -0.188976 -0.149606 
vn 0.968504 -0.181102 -0.173228 
vn 0.968504 -0.188976 -0.149606 
vn 0.976378 -0.19685 -0.102362 
vn 0.976378 -0.204724 -0.0551181 
vn 0.976378 -0.19685 -0.102362 
vn 0.976378 -0.204724 -0.0472441 
vn 0.976378 -0.204724 -0.0551181 
vn 0.102362 -0.700787 -0.708661 
vn 0.0944882 -0.440945 -0.889764 
vn -0.0944882 -0.448819 -0.889764 
vn -0.102362 -0.700787 -0.708661 
vn 0.88189 -0.19685 0.433071 
vn 0.88189 -0.19685 0.433071 
vn 0.653543 -0.212598 0.724409 
vn 0.88189 -0.19685 0.433071 
vn 0.653543 -0.212598 0.724409 
vn 0.653543 -0.212598 0.724409 
vn 0.992126 -0.0944882 -0.015748 
vn 0.992126 -0.0866142 0 
vn 0.984252 -0.19685 0 
vn 0.992126 -0.0944882 -0.0472441 
vn 0.976378 -0.19685 -0.0393701 
vn 0.984252 -0.0944882 -0.133858 
vn 0.968504 -0.19685 -0.141732 
vn 0.976378 -0.19685 -0.0393701 
vn 0.992126 -0.0944882 -0.015748 
vn 0.984252 -0.19685 0 
vn 0.976378 -0.102362 -0.19685 
vn 0.984252 -0.0944882 -0.133858 
vn 0.88189 -0.173228 -0.448819 
vn 0.779528 0.590551 0.19685 
vn 0.811024 0.574803 0.102362 
vn 0.952756 0.15748 0.259843 
vn 0.88189 -0.19685 0.433071 
vn 0.88189 -0.19685 0.433071 
vn 0.952756 -0.181102 0.251969 
vn 0.952756 -0.181102 0.251969 
vn 0.88189 -0.19685 0.433071 
vn 0.952756 -0.181102 0.251969 
vn 0.992126 0.0787402 0.0472441 
vn 0.92126 0.228346 0.314961 
vn 1 0.0708661 0.0393701 
vn 0.913386 0.314961 0.259843 
vn 0.992126 0.0944882 0.0393701 
vn 0.913386 0.314961 0.259843 
vn 0.992126 0.0787402 0.0472441 
vn 0.905512 0.385827 0.188976 
vn 0.968504 -0.19685 -0.141732 
vn 0.992126 -0.0944882 -0.0472441 
vn 0.976378 -0.19685 -0.0393701 
vn 0.480315 0.874016 0 
vn 1 0.0708661 0.0393701 
vn 0.952756 0.15748 0.259843 
vn 0.92126 0.228346 0.314961 
vn 0.992126 0.102362 0.0314961 
vn 0.905512 0.385827 0.188976 
vn 0.992126 0.0944882 0.0393701 
vn 0.889764 0.440945 0.110236 
vn 0.992126 0.110236 0.023622 
vn 0.889764 0.440945 0.110236 
vn 0.992126 0.102362 0.0314961 
vn 0.992126 0.110236 0.023622 
vn 0.992126 0.110236 0.023622 
vn 0.88189 0.464567 0.0787402 
vn 0.889764 0.440945 0.110236 
vn 0.88189 0.448819 0.173228 
vn 0.992126 0.11811 0.0629921 
vn 0.88189 0.448819 0.173228 
vn 0.992126 0.110236 0.023622 
vn 0.866142 0.417323 0.267717 
vn 0.818898 0.362205 0.448819 
vn 0.866142 0.417323 0.267717 
vn 0.984252 0.11811 0.110236 
vn 0.992126 0.11811 0.0629921 
vn 0.811024 0.574803 0.102362 
vn 0.480315 0.874016 0 
vn 0.952756 0.15748 0.259843 
vn 0.929134 -0.181102 -0.330709 
vn 0.984252 -0.0944882 -0.133858 
vn 0.968504 -0.19685 -0.141732 
vn 0.96063 0.133858 0.251969 
vn 0.818898 0.362205 0.448819 
vn 0.984252 0.11811 0.110236 
vn 0.700787 0.173228 0.692913 
vn 0.700787 0.173228 0.692913 
vn 0.637795 0.299213 0.708661 
vn 0.818898 0.362205 0.448819 
vn 0.984252 -0.0944882 -0.133858 
vn 0.929134 -0.181102 -0.330709 
vn 0.88189 -0.173228 -0.448819 
vn 0.952756 0.23622 0.173228 
vn -0.952756 0.23622 0.173228 
vn 0.913386 0.299213 0.275591 
vn -0.913386 0.299213 0.275591 
vn 0.913386 0.401575 0.0787402 
vn 0.905512 0.409449 0.11811 
vn -0.905512 0.409449 0.11811 
vn -0.913386 0.401575 0.0787402 
vn 0.929134 0.362205 0.11811 
vn -0.929134 0.362205 0.11811 
vn 0.929134 0.362205 0.11811 
vn -0.929134 0.362205 0.11811 
vn 0.929134 0.322835 0.15748 
vn -0.929134 0.322835 0.15748 
vn -0.511811 0.677165 0.527559 
vn 0.952756 0.23622 0.173228 
vn -0.818898 0.448819 0.354331 
vn 0.818898 0.448819 0.354331 
vn 0.511811 0.677165 0.527559 
vn 0.818898 -0.362205 -0.448819 
vn -0.023622 0.314961 0.944882 
vn 0.102362 -0.952756 0.283465 
vn 0.102362 -0.952756 0.283465 
vn 0.125984 -0.952756 0.275591 
vn 0.102362 -0.952756 0.283465 
vn 0.125984 -0.952756 0.275591 
vn -0.125984 -0.952756 0.275591 
vn -0.102362 -0.952756 0.283465 
vn -0.125984 -0.952756 0.275591 
vn -0.102362 -0.952756 0.283465 
vn -0.102362 -0.952756 0.283465 
vn 0.125984 -0.952756 0.275591 
vn -0.102362 -0.874016 0.472441 
vn 0.125984 -0.952756 0.275591 
vn 0.102362 -0.874016 0.472441 
vn -0.125984 -0.952756 0.275591 
vn -0.125984 -0.952756 0.275591 
vn -0.795276 -0.582677 -0.181102 
vn -0.724409 -0.685039 0 
vn 0.724409 -0.685039 0 
vn 0.795276 -0.582677 -0.181102 
vn 0.874016 -0.417323 -0.267717 
vn 0.88189 -0.440945 -0.173228 
vn 0.992126 -0.110236 -0.0629921 
vn -0.102362 -0.874016 0.472441 
vn -0.401575 -0.574803 0.716535 
vn -0.102362 -0.874016 0.472441 
vn 0.401575 -0.574803 0.716535 
vn 0.102362 -0.874016 0.472441 
vn 0.102362 -0.874016 0.472441 
vn -0.929134 -0.0708661 -0.370079 
vn 0.511811 -0.275591 -0.811024 
vn 0.992126 -0.110236 -0.023622 
vn 0.992126 -0.110236 -0.023622 
vn 0.905512 -0.377953 -0.188976 
vn 0.0314961 -0.96063 0.267717 
vn 0.0314961 -0.96063 0.267717 
vn 0.102362 -0.952756 0.283465 
vn 0.102362 -0.952756 0.283465 
vn 0.102362 -0.952756 0.283465 
vn -0.102362 -0.952756 0.283465 
vn -0.0314961 -0.96063 0.267717 
vn -0.102362 -0.952756 0.283465 
vn -0.0314961 -0.96063 0.267717 
vn -0.102362 -0.952756 0.283465 
vn 0 0.795276 0.606299 
vn 0 0.976378 0.204724 
vn 0 0.795276 0.606299 
vn 1 0.0708661 0.00787402 
vn 0 0 1 
vn 0 0 1 
vn 0 0 1 
vn -1 0.0708661 0.00787402 
vn 0 0 1 
vn 0 0 1 
vn 0 0 1 
vn -0.401575 -0.574803 0.716535 
vn -0.401575 -0.574803 0.716535 
vn -0.102362 -0.874016 0.472441 
vn 0.401575 -0.574803 0.716535 
vn 0.401575 -0.574803 0.716535 
vn 0.102362 -0.874016 0.472441 
vn -0.866142 0.488189 0.102362 
vn 0.866142 0.488189 0.102362 
vn 0 -0.96063 0.267717 
vn 0 -0.96063 0.267717 
vn 0.0314961 -0.96063 0.267717 
vn 0.0314961 -0.96063 0.267717 
vn 0 -0.96063 0.267717 
vn 0 -0.96063 0.267717 
vn 0 -0.96063 0.267717 
vn 0 -0.96063 0.267717 
vn 0 -0.96063 0.267717 
vn 0 -0.96063 0.267717 
vn 0 -0.96063 0.267717 
vn 0 -0.96063 0.267717 
vn 0 -0.96063 0.267717 
vn 0 -0.96063 0.267717 
vn 0 -0.96063 0.267717 
vn 0 -0.96063 0.267717 
vn 0 -0.96063 0.267717 
vn 0 -0.96063 0.267717 
vn 0 -0.96063 0.267717 
vn 0 -0.96063 0.267717 
vn 0 -0.96063 0.267717 
vn 0 -0.96063 0.267717 
vn 0 -0.96063 0.267717 
vn 0 -0.96063 0.267717 
vn 0 -0.96063 0.267717 
vn 0 -0.96063 0.267717 
vn -0.0314961 -0.96063 0.267717 
vn -0.0314961 -0.96063 0.267717 
vn 0.653543 0.204724 -0.724409 
vn -0.653543 0.204724 -0.724409 
vn 0.992126 0.015748 0.141732 
vn 0.92126 0.385827 -0.0944882 
vn -0.92126 0.385827 -0.0944882 
vn -0.102362 -0.874016 0.472441 
vn -0.102362 -0.874016 0.472441 
vn 0.125984 -0.952756 0.275591 
vn 0.102362 -0.874016 0.472441 
vn 0.102362 -0.874016 0.472441 
vn -0.125984 -0.952756 0.275591 
vn 0.102362 0.787402 0.606299 
vn -0.102362 0.787402 0.606299 
vn -0.19685 -0.622047 -0.755906 
vn 0.212598 -0.409449 -0.88189 
vn 0.19685 -0.622047 -0.755906 
vn -0.102362 -0.401575 -0.905512 
vn 0.102362 -0.401575 -0.905512 
vn -0.15748 -0.787402 -0.590551 
vn -0.149606 -0.787402 -0.590551 
vn 0.15748 -0.787402 -0.590551 
vn 0.149606 -0.787402 -0.590551 
vn 0.110236 -0.795276 -0.598425 
vn 0.338583 0.188976 -0.92126 
vn -0.338583 0.188976 -0.92126 
vn -0.023622 -0.80315 -0.598425 
vn -0.0314961 -0.629921 -0.779528 
vn -0.0629921 -0.409449 -0.913386 
vn 0.0314961 -0.629921 -0.779528 
vn 0.023622 -0.80315 -0.598425 
vn 0 -0.80315 -0.598425 
vn -0.0708661 -0.795276 -0.598425 
vn 0.0708661 -0.795276 -0.598425 
vn 0 0.795276 0.606299 
vn 0 0.795276 0.606299 
vn 0 0.795276 0.606299 
vn -0.0472441 0.795276 0.606299 
vn -0.0629921 0.976378 0.204724 
vn -0.0866142 -0.92126 -0.385827 
vn -0.149606 -0.787402 -0.590551 
vn -0.15748 -0.787402 -0.590551 
vn 0.149606 -0.787402 -0.590551 
vn 0.0866142 -0.92126 -0.385827 
vn 0.15748 -0.787402 -0.590551 
vn -0.110236 -0.795276 -0.598425 
vn -0.0708661 -0.92126 -0.377953 
vn -0.0944882 -0.92126 -0.385827 
vn -0.15748 -0.787402 -0.590551 
vn 0.110236 -0.795276 -0.598425 
vn 0.15748 -0.787402 -0.590551 
vn 0.0944882 -0.92126 -0.385827 
vn 0.0708661 -0.92126 -0.377953 
vn 0.401575 0.795276 0.448819 
vn 0.409449 0.653543 0.637795 
vn -0.401575 0.795276 0.448819 
vn -0.409449 0.653543 0.637795 
vn -0.0944882 -0.92126 -0.385827 
vn -0.0866142 -0.92126 -0.385827 
vn -0.15748 -0.787402 -0.590551 
vn 0.0866142 -0.92126 -0.385827 
vn 0.0944882 -0.92126 -0.385827 
vn 0.15748 -0.787402 -0.590551 
vn -0.976378 0.204724 0.0551181 
vn -0.0551181 -0.80315 -0.598425 
vn -0.0314961 -0.92126 -0.385827 
vn -0.0472441 -0.92126 -0.377953 
vn -0.0708661 -0.795276 -0.598425 
vn 0.0314961 -0.92126 -0.385827 
vn 0.0551181 -0.80315 -0.598425 
vn 0.0472441 -0.92126 -0.377953 
vn 0.0708661 -0.795276 -0.598425 
vn -0.0472441 -0.92126 -0.377953 
vn -0.0314961 -0.92126 -0.385827 
vn -0.023622 -0.976378 -0.204724 
vn -0.015748 -0.976378 -0.204724 
vn -0.0708661 -0.795276 -0.598425 
vn -0.0708661 -0.92126 -0.377953 
vn -0.110236 -0.795276 -0.598425 
vn 0.0314961 -0.92126 -0.385827 
vn 0.0472441 -0.92126 -0.377953 
vn 0.023622 -0.976378 -0.204724 
vn 0.015748 -0.976378 -0.204724 
vn 0.0708661 -0.795276 -0.598425 
vn 0.0708661 -0.92126 -0.377953 
vn 0.110236 -0.795276 -0.598425 
vn -0.0944882 -0.92126 -0.385827 
vn -0.0472441 -0.976378 -0.212598 
vn -0.0708661 -0.992126 -0.110236 
vn -0.0866142 -0.92126 -0.385827 
vn -0.0944882 -0.92126 -0.385827 
vn -0.0708661 -0.92126 -0.377953 
vn -0.0393701 -0.976378 -0.204724 
vn -0.0472441 -0.976378 -0.212598 
vn 0.0944882 -0.92126 -0.385827 
vn 0.0866142 -0.92126 -0.385827 
vn 0.0708661 -0.992126 -0.110236 
vn 0.0472441 -0.976378 -0.212598 
vn 0.0944882 -0.92126 -0.385827 
vn 0.0472441 -0.976378 -0.212598 
vn 0.0393701 -0.976378 -0.204724 
vn 0.0708661 -0.92126 -0.377953 
vn 0.0708661 0.149606 -0.984252 
vn -1 0 0 
vn -1 0 0 
vn -1 0 0 
vn 1 0 0 
vn 1 0 0 
vn -1 0 0 
vn -1 0 0 
vn -1 0.00787402 0 
vn -1 0.015748 0 
vn -1 0.023622 0 
vn 1 0.023622 0 
vn 1 0.015748 0 
vn 1 0.00787402 0 
vn 1 0.00787402 0 
vn 1 0 0 
vn 1 0 0 
vn 1 0 0 
vn -0.0472441 -0.92126 -0.377953 
vn -0.023622 -0.976378 -0.204724 
vn -0.0708661 -0.92126 -0.377953 
vn -0.0393701 -0.976378 -0.204724 
vn 0.023622 -0.976378 -0.204724 
vn 0.0472441 -0.92126 -0.377953 
vn 0.0708661 -0.92126 -0.377953 
vn 0.0393701 -0.976378 -0.204724 
vn -1 0.0314961 0 
vn 1 0.0314961 0 
vn -0.0708661 -1 -0.00787402 
vn -0.0708661 -0.992126 -0.110236 
vn -0.0472441 -0.976378 -0.212598 
vn 0 -1 -0.00787402 
vn -0.0629921 -1 -0.00787402 
vn 0 -1 -0.00787402 
vn -0.0629921 -1 0 
vn 0 -1 0 
vn -0.0629921 -1 0.00787402 
vn -0.291339 -0.96063 0.00787402 
vn -0.299213 -0.952756 0.00787402 
vn -0.307087 -0.952756 0.00787402 
vn -0.456693 -0.889764 0.015748 
vn -0.440945 -0.897638 0.015748 
vn -0.401575 -0.913386 0.023622 
vn -0.267717 -0.96063 0.00787402 
vn -0.23622 -0.976378 0.00787402 
vn -0.330709 -0.944882 0.023622 
vn -0.0708661 -0.992126 -0.110236 
vn -0.283465 -0.96063 0.023622 
vn -0.212598 -0.976378 0 
vn -0.283465 -0.96063 0.023622 
vn -0.283465 -0.96063 0.023622 
vn -0.283465 -0.96063 0.023622 
vn -0.283465 -0.96063 0.023622 
vn 0 -1 0 
vn 0 -1 -0.00787402 
vn 0.0629921 -1 0 
vn 0.0629921 -1 0.00787402 
vn 0.0629921 -1 -0.00787402 
vn 0 -1 -0.00787402 
vn 0.299213 -0.952756 0.00787402 
vn 0.307087 -0.952756 0.00787402 
vn 0.456693 -0.889764 0.015748 
vn 0.291339 -0.96063 0.00787402 
vn 0.440945 -0.897638 0.015748 
vn 0.401575 -0.913386 0.023622 
vn 0.267717 -0.96063 0.00787402 
vn 0.0708661 -1 -0.00787402 
vn 0.0472441 -0.976378 -0.212598 
vn 0.0708661 -0.992126 -0.110236 
vn 0.23622 -0.976378 0.00787402 
vn 0.0708661 -0.992126 -0.110236 
vn 0.330709 -0.944882 0.023622 
vn 0.212598 -0.976378 0 
vn 0.283465 -0.96063 0.023622 
vn 0.283465 -0.96063 0.023622 
vn 0.283465 -0.96063 0.023622 
vn 0.283465 -0.96063 0.023622 
vn 0.283465 -0.96063 0.023622 
vn 0.0629921 -1 0 
vn 0.0629921 -1 0 
vn 0.307087 -0.952756 0 
vn 0.307087 -0.952756 0.00787402 
vn 0 -1 0.00787402 
vn 0.0629921 -1 0.00787402 
vn 0.724409 -0.685039 0 
vn 0.818898 -0.566929 -0.0944882 
vn 0.795276 -0.582677 -0.181102 
vn 0.464567 -0.88189 0.00787402 
vn 0.220472 -0.976378 0 
vn 0.125984 -0.968504 -0.204724 
vn 0.0629921 -0.976378 -0.204724 
vn -0.149606 -0.992126 0 
vn -0.141732 -0.968504 -0.204724 
vn -0.110236 -0.787402 -0.606299 
vn 0.102362 -0.787402 -0.606299 
vn 0.0472441 -0.795276 -0.606299 
vn -0.110236 -0.787402 -0.606299 
vn -0.590551 -0.811024 0 
vn -0.141732 -0.968504 -0.204724 
vn -0.582677 -0.795276 -0.173228 
vn -0.110236 -0.787402 -0.606299 
vn -0.503937 -0.685039 -0.527559 
vn -0.110236 -0.787402 -0.606299 
vn 0.0472441 0.795276 0.606299 
vn 0 0.795276 0.606299 
vn 0.0629921 0.976378 0.204724 
vn 0 0.795276 0.606299 
vn 0 0.795276 0.606299 
vn 0 0.795276 0.606299 
vn 0 0.976378 0.204724 
vn 0 1 0 
vn 0 1 0 
vn 0 -1 0 
vn 0 -1 0 
vn 0 -1 0 
vn 0 -1 0 
vn 0.0629921 -1 0.00787402 
vn 0 -1 0.00787402 
vn 0 -1 0.00787402 
vn 0.015748 0.141732 -0.992126 
vn -0.874016 -0.417323 -0.267717 
vn -0.488189 -0.755906 -0.440945 
vn -0.440945 -0.622047 -0.637795 
vn -0.496063 -0.818898 -0.291339 
vn 0.488189 -0.755906 -0.440945 
vn 0.874016 -0.417323 -0.267717 
vn 0.440945 -0.622047 -0.637795 
vn 0.496063 -0.818898 -0.291339 
vn 0 -1 -0.00787402 
vn -0.0393701 -0.976378 -0.204724 
vn -0.023622 -0.976378 -0.204724 
vn 0 -1 0 
vn 0 -1 0 
vn 0 -1 0 
vn 0 -1 0 
vn 0 -0.976378 -0.204724 
vn -0.0629921 -0.976378 -0.204724 
vn -0.0472441 -0.795276 -0.606299 
vn 0 -0.795276 -0.606299 
vn -0.0629921 -1 0 
vn -0.0629921 -1 0 
vn -0.0629921 -1 0.00787402 
vn 0 -1 0.00787402 
vn 0 -1 0.00787402 
vn -0.0629921 -1 0.00787402 
vn 0 -1 0.00787402 
vn -0.307087 -0.952756 0.00787402 
vn -0.307087 -0.952756 0 
vn -0.724409 -0.685039 0 
vn -0.818898 -0.566929 -0.0944882 
vn -0.795276 -0.582677 -0.181102 
vn -0.464567 -0.88189 0.00787402 
vn -0.220472 -0.976378 0 
vn -0.125984 -0.968504 -0.204724 
vn 0.149606 -0.992126 0 
vn -0.0629921 -0.976378 -0.204724 
vn 0.141732 -0.968504 -0.204724 
vn 0.110236 -0.787402 -0.606299 
vn -0.102362 -0.787402 -0.606299 
vn 0.110236 -0.787402 -0.606299 
vn -0.0472441 -0.795276 -0.606299 
vn 0.590551 -0.811024 0 
vn 0.141732 -0.968504 -0.204724 
vn 0.582677 -0.795276 -0.173228 
vn 0.110236 -0.787402 -0.606299 
vn 0.110236 -0.787402 -0.606299 
vn 0.503937 -0.685039 -0.527559 
vn 1 0 0 
vn 1 0 0 
vn -1 0 0 
vn -1 0 0 
vn 1 0.015748 0 
vn 1 0.00787402 0 
vn 1 0 0 
vn 1 0 0 
vn 1 0 0 
vn -1 0 0 
vn -1 0 0 
vn -1 0 0 
vn -1 0.00787402 0 
vn -1 0.015748 0 
vn -1 0.015748 0 
vn 0 -0.795276 -0.606299 
vn 0 -0.976378 -0.204724 
vn 0 -1 0 
vn 0 -1 0 
vn 0 -1 0 
vn 0 -0.976378 -0.204724 
vn 0 -1 0.00787402 
vn 0 -1 0.00787402 
vn 0 -1 0.00787402 
vn 0 -1 0.00787402 
vn 0 -1 0.00787402 
vn 0 -1 0.00787402 
vn 0 -1 0 
vn 0 -1 0 
vn 0 -1 -0.00787402 
vn 0 -1 -0.00787402 
vn 0 -1 -0.00787402 
vn 0 -1 0 
vn 0 -0.976378 -0.204724 
vn 0 -1 0 
vn 0 -0.976378 -0.204724 
vn 0 -1 0 
vn 0 -1 0 
vn 0 -1 0 
vn 0 -1 0 
vn 0 -1 0.00787402 
vn 0 -1 0.00787402 
vn 0 -1 0.00787402 
vn 0 -1 0.00787402 
vn 0 -1 0.00787402 
vn 0 -1 0.00787402 
vn 0 -1 0 
vn 0 -1 0 
vn 0 -1 -0.00787402 
vn 0 -1 -0.00787402 
vn 0 -1 -0.00787402 
vn 0 -1 -0.00787402 
vn 0.00787402 -0.976378 -0.204724 
vn 0.015748 -0.976378 -0.204724 
vn 0.015748 -0.92126 -0.385827 
vn 0.0314961 -0.92126 -0.385827 
vn 0.00787402 -0.976378 -0.204724 
vn 0.023622 -0.80315 -0.598425 
vn 0.0551181 -0.80315 -0.598425 
vn 0.00787402 -0.92126 -0.385827 
vn 0.00787402 -0.92126 -0.385827 
vn 0.015748 -0.80315 -0.598425 
vn 0.023622 -0.80315 -0.598425 
vn 0 -0.976378 -0.204724 
vn 0 -1 -0.00787402 
vn 0.00787402 -0.92126 -0.385827 
vn 0 -1 -0.00787402 
vn 0 -1 -0.00787402 
vn 0 -1 -0.00787402 
vn 0 -1 0 
vn 0 -1 0 
vn 0 -1 0.00787402 
vn 0 -1 0.00787402 
vn 0 -1 0.00787402 
vn 0 -1 0.00787402 
vn 0 -1 0.00787402 
vn 0 -1 0.00787402 
vn 0 -1 0 
vn 0 -1 0 
vn 0 -1 0 
vn 0 -1 0 
vn 0 -1 0.00787402 
vn 0 -1 0.00787402 
vn 0 -1 0.00787402 
vn 0 -1 0.00787402 
vn 0 -1 0.00787402 
vn 0 -1 0.00787402 
vn 0 -1 0 
vn 0 -1 0 
vn 0 -1 -0.00787402 
vn 0 -1 -0.00787402 
vn 0 -1 -0.00787402 
vn 0 -1 -0.00787402 
vn 0 -0.976378 -0.204724 
vn -0.00787402 -0.976378 -0.204724 
vn -0.00787402 -0.92126 -0.385827 
vn 0 -0.92126 -0.385827 
vn 0 -0.80315 -0.598425 
vn -0.015748 -0.80315 -0.598425 
vn 0 -0.92126 -0.385827 
vn 0 -0.80315 -0.598425 
vn 0.015748 -0.80315 -0.598425 
vn -0.00787402 -0.92126 -0.385827 
vn -0.015748 -0.92126 -0.385827 
vn -0.00787402 -0.976378 -0.204724 
vn -0.015748 -0.80315 -0.598425 
vn -0.00787402 -0.92126 -0.385827 
vn -0.023622 -0.80315 -0.598425 
vn -0.015748 -0.976378 -0.204724 
vn 0 -1 -0.00787402 
vn -0.0314961 -0.92126 -0.385827 
vn -0.023622 -0.80315 -0.598425 
vn -0.0551181 -0.80315 -0.598425 
vn 0 -1 -0.00787402 
vn 0 -1 -0.00787402 
vn 0 -1 -0.00787402 
vn 0 -1 0 
vn 0 -1 0 
vn 0 -1 0.00787402 
vn 0 -1 0.00787402 
vn 0 -1 0.00787402 
vn 0 -1 0.00787402 
vn 0 -1 0.00787402 
vn 0 -1 0.00787402 
vn 0 -1 0 
vn 0 -1 0 
vn 0 -1 0 
vn 0 -1 0 
vn 0 -0.976378 -0.204724 
vn 0 -0.976378 -0.204724 
vn 0 -0.976378 -0.204724 
vn 0 -0.976378 -0.204724 
vn 0 -0.795276 -0.606299 
vn 0 -0.976378 -0.204724 
vn 0 -0.795276 -0.606299 
vn 0 -0.795276 -0.606299 
vn 0 -0.795276 -0.606299 
vn 0 -0.795276 -0.606299 
vn 0.133858 0.992126 -0.0629921 
vn 0.0629921 1 -0.0472441 
vn -0.0629921 1 -0.0472441 
vn -0.133858 0.992126 -0.0629921 
vn -0.874016 -0.417323 -0.267717 
vn -0.88189 -0.440945 -0.173228 
vn -0.496063 -0.818898 -0.291339 
vn -0.464567 -0.874016 -0.15748 
vn 0.88189 -0.440945 -0.173228 
vn 0.874016 -0.417323 -0.267717 
vn 0.496063 -0.818898 -0.291339 
vn 0.464567 -0.874016 -0.15748 
vn 0 -1 0 
vn 0 -0.976378 -0.204724 
vn 0 -0.976378 -0.204724 
vn 0 -0.795276 -0.606299 
vn 0 -0.795276 -0.606299 
vn 0 -0.795276 -0.606299 
vn 0 -0.795276 -0.606299 
vn 0 -0.976378 -0.204724 
vn 0.0472441 -0.795276 -0.606299 
vn 0.0629921 -0.976378 -0.204724 
vn 0 -0.976378 -0.204724 
vn 0 -1 0 
vn 0 -1 0 
vn 0 -1 0.00787402 
vn 0 -1 0.00787402 
vn 0 -1 0.00787402 
vn 0 -1 0.00787402 
vn 0 -1 0.00787402 
vn 0 -1 0.00787402 
vn 0 -1 0 
vn 0 -1 0 
vn 0 -1 -0.00787402 
vn 0 -1 -0.00787402 
vn 0 -1 -0.00787402 
vn 0 -1 -0.00787402 
vn 0.023622 -0.976378 -0.204724 
vn 0.0393701 -0.976378 -0.204724 
vn -0.88189 -0.440945 -0.173228 
vn -0.88189 -0.456693 -0.0787402 
vn -0.464567 -0.874016 -0.15748 
vn -0.417323 -0.874016 -0.23622 
vn 0.88189 -0.456693 -0.0787402 
vn 0.88189 -0.440945 -0.173228 
vn 0.464567 -0.874016 -0.15748 
vn 0.417323 -0.874016 -0.23622 
vn -0.440945 -0.622047 -0.637795 
vn -0.283465 -0.677165 -0.677165 
vn -0.488189 -0.755906 -0.440945 
vn 0.440945 -0.622047 -0.637795 
vn 0.283465 -0.677165 -0.677165 
vn 0.488189 -0.755906 -0.440945 
vn -0.023622 1 -0.015748 
vn 0.023622 1 -0.015748 
vn 0 0.795276 0.606299 
vn 1 0 0 
vn 1 0 0 
vn 1 0 0 
vn 1 0 0 
vn 1 0 0 
vn 1 0 0 
vn -1 0 0 
vn -1 0 0 
vn -1 0 0 
vn -1 0 0 
vn 1 0.00787402 0 
vn -1 0.00787402 0 
vn 0 0.905512 -0.433071 
vn 1 -0.0314961 0 
vn 1 -0.015748 0 
vn -1 -0.00787402 0 
vn -1 0 0 
vn -1 0 0 
vn 1 0 0 
vn 1 0 0 
vn -0.417323 -0.653543 -0.637795 
vn -0.015748 -0.700787 -0.716535 
vn -0.401575 -0.795276 -0.448819 
vn -0.417323 -0.874016 -0.23622 
vn -0.897638 -0.433071 -0.102362 
vn -0.88189 -0.456693 -0.0787402 
vn 0.897638 -0.433071 -0.102362 
vn 0.88189 -0.456693 -0.0787402 
vn 0.417323 -0.874016 -0.23622 
vn 0.417323 -0.653543 -0.637795 
vn 0.015748 -0.700787 -0.716535 
vn 0.401575 -0.795276 -0.448819 
vn 0.905512 0.385827 0.188976 
vn 0.889764 0.440945 0.110236 
vn 0.88189 0.464567 0.0787402 
vn -0.88189 0.464567 0.0787402 
vn -0.889764 0.440945 0.110236 
vn -0.314961 -0.818898 -0.480315 
vn -0.283465 -0.677165 -0.677165 
vn -0.488189 -0.755906 -0.440945 
vn -0.322835 -0.889764 -0.322835 
vn -0.496063 -0.818898 -0.291339 
vn -0.251969 -0.952756 -0.181102 
vn -0.496063 -0.818898 -0.291339 
vn -0.464567 -0.874016 -0.15748 
vn -0.110236 -0.952756 -0.267717 
vn 0.283465 -0.677165 -0.677165 
vn 0.314961 -0.818898 -0.480315 
vn 0.488189 -0.755906 -0.440945 
vn 0.322835 -0.889764 -0.322835 
vn 0.496063 -0.818898 -0.291339 
vn 0.251969 -0.952756 -0.181102 
vn 0.464567 -0.874016 -0.15748 
vn 0.110236 -0.952756 -0.267717 
vn 0.496063 -0.818898 -0.291339 
vn 0.346457 -0.692913 -0.629921 
vn 0.346457 -0.692913 -0.629921 
vn 0.133858 -0.905512 -0.409449 
vn -0.346457 -0.692913 -0.629921 
vn -0.133858 -0.905512 -0.409449 
vn -0.346457 -0.692913 -0.629921 
vn 0.88189 0.448819 0.173228 
vn -0.88189 0.448819 0.173228 
vn -0.0629921 1 0 
vn 0 1 0 
vn 0 1 0.00787402 
vn 0 1 0.00787402 
vn 0 1 0 
vn 0.866142 0.417323 0.267717 
vn -0.866142 0.417323 0.267717 
vn 0 1 -0.00787402 
vn -0.267717 0.96063 -0.00787402 
vn -0.0629921 1 0.00787402 
vn -0.0708661 1 0.00787402 
vn 0.267717 0.96063 -0.00787402 
vn 0.0708661 1 0.00787402 
vn 0.0629921 1 0 
vn 0.0629921 1 -0.00787402 
vn 0.299213 0.952756 -0.00787402 
vn 0.133858 -0.905512 -0.409449 
vn 0.133858 -0.905512 -0.409449 
vn 0.346457 -0.692913 -0.629921 
vn 0.102362 -0.952756 -0.283465 
vn 0.102362 -0.952756 -0.283465 
vn 0.102362 -0.952756 -0.283465 
vn 0.0866142 -0.984252 -0.15748 
vn 0.0866142 -0.984252 -0.15748 
vn 0.0866142 -0.976378 -0.212598 
vn -0.0866142 -0.984252 -0.15748 
vn -0.0866142 -0.984252 -0.15748 
vn -0.0866142 -0.976378 -0.212598 
vn -0.102362 -0.952756 -0.283465 
vn -0.102362 -0.952756 -0.283465 
vn -0.133858 -0.905512 -0.409449 
vn -0.133858 -0.905512 -0.409449 
vn -0.346457 -0.692913 -0.629921 
vn -0.102362 -0.952756 -0.283465 
vn -0.299213 0.952756 -0.00787402 
vn 0 1 -0.00787402 
vn -0.0629921 1 -0.00787402 
vn 0.818898 0.362205 0.448819 
vn -0.818898 0.362205 0.448819 
vn -0.464567 -0.874016 -0.15748 
vn -0.417323 -0.874016 -0.23622 
vn -0.110236 -0.952756 -0.267717 
vn -0.023622 -0.866142 -0.503937 
vn -0.401575 -0.795276 -0.448819 
vn -0.023622 -0.866142 -0.503937 
vn -0.015748 -0.700787 -0.716535 
vn 0.417323 -0.874016 -0.23622 
vn 0.464567 -0.874016 -0.15748 
vn 0.110236 -0.952756 -0.267717 
vn 0.023622 -0.866142 -0.503937 
vn 0.023622 -0.866142 -0.503937 
vn 0.401575 -0.795276 -0.448819 
vn 0.015748 -0.700787 -0.716535 
vn 0.0866142 -0.976378 -0.212598 
vn 0.0866142 -0.984252 -0.15748 
vn 0.0866142 -0.976378 -0.212598 
vn 0.102362 -0.889764 -0.448819 
vn 0.102362 -0.889764 -0.448819 
vn 0.102362 -0.889764 -0.448819 
vn 0.102362 -0.700787 -0.708661 
vn 0.102362 -0.700787 -0.708661 
vn -0.102362 -0.700787 -0.708661 
vn -0.102362 -0.700787 -0.708661 
vn -0.102362 -0.889764 -0.448819 
vn -0.102362 -0.889764 -0.448819 
vn -0.0866142 -0.976378 -0.212598 
vn -0.0866142 -0.984252 -0.15748 
vn -0.0866142 -0.976378 -0.212598 
vn -0.102362 -0.889764 -0.448819 
vn 0 -0.795276 -0.606299 
vn 0 -0.795276 -0.606299 
vn 0 -0.795276 -0.606299 
vn -0.0708661 0.629921 0.779528 
vn 0.606299 -0.748031 -0.275591 
vn 0.606299 -0.748031 -0.275591 
vn 0.606299 -0.748031 -0.275591 
vn -0.606299 -0.748031 -0.275591 
vn -0.606299 -0.748031 -0.275591 
vn -0.606299 -0.748031 -0.275591 
vn 0.606299 -0.748031 -0.275591 
vn 0.606299 -0.748031 -0.275591 
vn 0.606299 -0.748031 -0.275591 
vn -0.606299 -0.748031 -0.275591 
vn -0.606299 -0.748031 -0.275591 
vn -0.606299 -0.748031 -0.275591 
vn 0.0629921 -1 0.0314961 
vn 0.0629921 -1 0.0314961 
vn 0.0629921 -1 0.0314961 
vn -0.0629921 -1 0.0314961 
vn -0.0629921 -1 0.0314961 
vn -0.0629921 -1 0.0314961 
vn 0 -1 0.0393701 
vn 0 -1 0.0393701 
vn 0 -1 0.0393701 
vn 0 -1 0.0393701 
vn 0.251969 -0.968504 0.00787402 
vn 0.251969 -0.968504 0.00787402 
vn 0.251969 -0.968504 0.00787402 
vn -0.251969 -0.968504 0.00787402 
vn -0.251969 -0.968504 0.00787402 
vn -0.251969 -0.968504 0.00787402 
vn 0.251969 -0.968504 0.00787402 
vn 0.251969 -0.968504 0.00787402 
vn 0.251969 -0.968504 0.00787402 
vn -0.251969 -0.968504 0.00787402 
vn -0.251969 -0.968504 0.00787402 
vn -0.251969 -0.968504 0.00787402 
vn 0.0629921 -1 0.0314961 
vn 0.0629921 -1 0.0314961 
vn 0.0629921 -1 0.0314961 
vn -0.0629921 -1 0.0314961 
vn -0.0629921 -1 0.0314961 
vn -0.0629921 -1 0.0314961 
vn 0.0866142 0.771654 -0.629921 
vn 0.0314961 0.779528 -0.629921 
vn -0.0314961 0.779528 -0.629921 
vn 0.283465 0.732283 -0.622047 
vn 0.173228 0.755906 -0.629921 
vn 0.417323 0.700787 -0.574803 
vn -0.283465 0.732283 -0.622047 
vn -0.173228 0.755906 -0.629921 
vn -0.173228 0.755906 -0.629921 
vn -0.0866142 0.771654 -0.629921 
vn 0.417323 0.700787 -0.574803 
vn -0.566929 0.661417 -0.488189 
vn -0.417323 0.700787 -0.574803 
vn 0.566929 0.661417 -0.488189 
vn -0.566929 0.661417 -0.488189 
vn 0.771654 0.559055 -0.314961 
vn -0.944882 0.314961 0 
vn -0.771654 0.559055 -0.314961 
vn 0.905512 0.23622 0.354331 
vn 0.905512 0.23622 0.354331 
vn 0.944882 0.149606 0.291339 
vn -0.944882 0.149606 0.291339 
vn -0.905512 0.23622 0.354331 
vn -0.905512 0.23622 0.354331 
vn 0.944882 0.314961 0 
vn 0.952756 0.23622 0.173228 
vn -0.952756 0.23622 0.173228 
vn -0.944882 0.314961 0 
vn 0.913386 0.299213 0.275591 
vn -0.913386 0.299213 0.275591 
vn -0.535433 0.267717 0.795276 
vn -0.661417 0.346457 0.661417 
vn -0.88189 0.173228 0.440945 
vn 0.661417 0.346457 0.661417 
vn 0.535433 0.267717 0.795276 
vn 0.88189 0.173228 0.440945 
vn -0.322835 -0.0472441 -0.944882 
vn -0.244094 -0.0551181 -0.968504 
vn -0.433071 -0.23622 -0.866142 
vn 0.244094 -0.0551181 -0.968504 
vn -0.346457 0.448819 0.826772 
vn -0.661417 0.346457 0.661417 
vn -0.535433 0.267717 0.795276 
vn 0.661417 0.346457 0.661417 
vn 0.346457 0.448819 0.826772 
vn 0.535433 0.267717 0.795276 
vn -0.992126 0.0551181 0.0944882 
vn -1 0 0 
vn -1 0 0 
vn 0.992126 0.0551181 0.0944882 
vn 1 0 0 
vn -0.661417 0.346457 0.661417 
vn -0.346457 0.448819 0.826772 
vn -0.511811 0.677165 0.527559 
vn 0.952756 0.23622 0.173228 
vn -0.0787402 0.480315 0.874016 
vn -0.346457 0.448819 0.826772 
vn -0.244094 0.307087 0.92126 
vn 0.346457 0.448819 0.826772 
vn 0.0787402 0.480315 0.874016 
vn 0.244094 0.307087 0.92126 
vn -0.0629921 -0.204724 -0.976378 
vn -0.0314961 -0.0393701 -1 
vn 0.102362 -0.228346 -0.968504 
vn 0.0314961 -0.0393701 -1 
vn -0.346457 0.448819 0.826772 
vn -0.0787402 0.480315 0.874016 
vn -0.11811 0.787402 0.606299 
vn -0.0551181 0.322835 0.944882 
vn -0.244094 0.307087 0.92126 
vn -0.346457 0.448819 0.826772 
vn -0.535433 0.267717 0.795276 
vn 0.0787402 0.480315 0.874016 
vn 0.0551181 0.322835 0.944882 
vn 0.244094 0.307087 0.92126 
vn 0.346457 0.448819 0.826772 
vn 0.535433 0.267717 0.795276 
vn 0.346457 0.448819 0.826772 
vn 0.11811 0.787402 0.606299 
vn -0.818898 0.448819 0.354331 
vn 0.818898 0.448819 0.354331 
vn -0.023622 -0.204724 -0.976378 
vn -0.535433 -0.11811 -0.834646 
vn -0.637795 -0.299213 -0.708661 
vn 0.535433 -0.11811 -0.834646 
vn -0.15748 -0.244094 -0.96063 
vn -0.133858 -0.0551181 -0.992126 
vn -0.204724 -0.220472 -0.952756 
vn 0.15748 -0.244094 -0.96063 
vn -0.818898 0.448819 0.354331 
vn -0.661417 0.346457 0.661417 
vn -0.511811 0.677165 0.527559 
vn 0.661417 0.346457 0.661417 
vn 0.818898 0.448819 0.354331 
vn 0.511811 0.677165 0.527559 
vn 0.346457 0.448819 0.826772 
vn 0.661417 0.346457 0.661417 
vn 0.511811 0.677165 0.527559 
vn 0 0.299213 0.952756 
vn 0 0.472441 0.88189 
vn 0.00787402 0.307087 0.952756 
vn 0 0.299213 0.952756 
vn 0 0.472441 0.88189 
vn 0 0.299213 0.952756 
vn 0 0.299213 0.952756 
vn 0 0.472441 0.88189 
vn 0 0.299213 0.952756 
vn 0 0.472441 0.88189 
vn 0 0.299213 0.952756 
vn 0 0.472441 0.88189 
vn 0 0.472441 0.88189 
vn 0 0.299213 0.952756 
vn 0 0.299213 0.952756 
vn 0 0.472441 0.88189 
vn 0 0.299213 0.952756 
vn 0 0.472441 0.88189 
vn 0 0.299213 0.952756 
vn 0 0.472441 0.88189 
vn 0 0.299213 0.952756 
vn -0.700787 -0.173228 -0.692913 
vn 0.700787 -0.173228 -0.692913 
vn 0.818898 -0.362205 -0.448819 
vn 0 0.472441 0.88189 
vn 0 0.299213 0.952756 
vn -0.00787402 0.307087 0.952756 
vn -0.023622 0.314961 0.944882 
vn -0.0314961 0.480315 0.874016 
vn 0.0314961 0.480315 0.874016 
vn 0.023622 0.314961 0.944882 
vn 0.00787402 0.307087 0.952756 
vn -0.0629921 0.480315 0.874016 
vn -0.0314961 0.480315 0.874016 
vn -0.023622 0.314961 0.944882 
vn 0.0393701 0.322835 0.944882 
vn 0.0629921 0.480315 0.874016 
vn -0.0551181 0.322835 0.944882 
vn -0.0629921 0.480315 0.874016 
vn -0.0393701 0.322835 0.944882 
vn 0.0551181 0.322835 0.944882 
vn 0.0629921 0.480315 0.874016 
vn 0.0393701 0.322835 0.944882 
vn 0.023622 0.314961 0.944882 
vn -0.0393701 0.322835 0.944882 
vn -0.0629921 0.480315 0.874016 
vn -0.023622 0.314961 0.944882 
vn 0.102362 -0.952756 0.283465 
vn -0.102362 -0.874016 0.472441 
vn -0.795276 -0.582677 -0.181102 
vn 0.795276 -0.582677 -0.181102 
vn 0.440945 -0.220472 -0.866142 
vn -0.440945 -0.220472 -0.866142 
vn 0.393701 -0.220472 -0.889764 
vn -0.393701 -0.220472 -0.889764 
vn -0.440945 -0.220472 -0.866142 
vn -0.929134 -0.0708661 -0.370079 
vn 0.511811 -0.275591 -0.811024 
vn 0.929134 -0.0708661 -0.370079 
vn 0.330709 -0.220472 -0.913386 
vn -0.330709 -0.220472 -0.913386 
vn 0 0.472441 0.88189 
vn 0 0.472441 0.88189 
vn 0 0.795276 0.606299 
vn 0 0.299213 0.952756 
vn 0 0.299213 0.952756 
vn 0 0.795276 0.606299 
vn 0 0.472441 0.88189 
vn 0 0.299213 0.952756 
vn 0 0.299213 0.952756 
vn 0 0.472441 0.88189 
vn 0.88189 0.19685 -0.425197 
vn 1 0.0708661 0.00787402 
vn 0.0314961 0.0866142 0.992126 
vn 0.0314961 0.0866142 0.992126 
vn 0.015748 0.181102 0.984252 
vn 0.015748 0.0472441 1 
vn 0.015748 0.181102 0.984252 
vn 0.00787402 0.0708661 1 
vn 0 0 1 
vn 0 0 1 
vn 0 0 1 
vn 0 0 1 
vn -0.88189 0.19685 -0.425197 
vn -0.0314961 0.0866142 0.992126 
vn -0.0314961 0.0866142 0.992126 
vn -0.015748 0.181102 0.984252 
vn -0.015748 0.0472441 1 
vn -0.015748 0.181102 0.984252 
vn -0.00787402 0.0708661 1 
vn 0 0 1 
vn 0 0 1 
vn 0 0 1 
vn 0 0 1 
vn 0.866142 0.488189 0.102362 
vn -0.653543 0.204724 -0.724409 
vn 0.976378 0.102362 0.181102 
vn -0.976378 0.102362 0.181102 
vn 0 -0.96063 0.267717 
vn 0.653543 0.204724 -0.724409 
vn -0.653543 0.204724 -0.724409 
vn -0.0787402 0.480315 0.874016 
vn 0.0629921 0.480315 0.874016 
vn 0.102362 0.787402 0.606299 
vn 0.0629921 0.480315 0.874016 
vn -0.0551181 0.322835 0.944882 
vn -0.0629921 0.480315 0.874016 
vn 0.0787402 0.480315 0.874016 
vn -0.102362 0.787402 0.606299 
vn -0.0629921 0.480315 0.874016 
vn 0.0551181 0.322835 0.944882 
vn 0.173228 -0.181102 -0.968504 
vn 0.275591 -0.220472 -0.937008 
vn 0.00787402 0.0708661 1 
vn 0.488189 0.314961 0.818898 
vn 0.015748 0.181102 0.984252 
vn 0 0.314961 0.952756 
vn 0 0.480315 0.874016 
vn 0.417323 0.464567 0.779528 
vn 0 0.480315 0.874016 
vn 0.015748 0.692913 0.716535 
vn -0.173228 -0.181102 -0.968504 
vn 0 0.480315 0.874016 
vn -0.015748 0.692913 0.716535 
vn -0.417323 0.464567 0.779528 
vn -0.488189 0.314961 0.818898 
vn -0.00787402 0.0708661 1 
vn -0.015748 0.181102 0.984252 
vn 0 0.314961 0.952756 
vn 0 0.480315 0.874016 
vn -0.275591 -0.220472 -0.937008 
vn -0.23622 -0.244094 -0.944882 
vn 0.173228 -0.181102 -0.968504 
vn 0.15748 -0.19685 -0.968504 
vn -0.15748 -0.19685 -0.968504 
vn 0.11811 -0.188976 -0.976378 
vn -0.23622 -0.244094 -0.944882 
vn -0.204724 -0.267717 -0.944882 
vn 0.23622 -0.244094 -0.944882 
vn 0.204724 -0.267717 -0.944882 
vn -0.19685 -0.622047 -0.755906 
vn 0.212598 -0.409449 -0.88189 
vn 0.19685 -0.622047 -0.755906 
vn 0.110236 -0.204724 -0.976378 
vn 0.110236 -0.204724 -0.976378 
vn 0.0708661 -0.23622 -0.968504 
vn -0.110236 -0.204724 -0.976378 
vn -0.0944882 -0.220472 -0.968504 
vn -0.0708661 -0.23622 -0.968504 
vn -0.401575 -0.574803 0.716535 
vn -0.519685 -0.307087 0.795276 
vn -0.401575 -0.574803 0.716535 
vn 0.519685 -0.307087 0.795276 
vn 0.401575 -0.574803 0.716535 
vn 0.401575 -0.574803 0.716535 
vn 0.141732 -0.212598 -0.968504 
vn 0.141732 -0.212598 -0.968504 
vn 0.125984 -0.220472 -0.968504 
vn 0.110236 -0.244094 -0.96063 
vn 0.110236 -0.244094 -0.96063 
vn 0.102362 -0.259843 -0.96063 
vn -0.15748 -0.19685 -0.968504 
vn -0.141732 -0.212598 -0.968504 
vn -0.125984 -0.220472 -0.968504 
vn -0.110236 -0.244094 -0.96063 
vn -0.110236 -0.244094 -0.96063 
vn -0.102362 -0.259843 -0.96063 
vn -0.519685 -0.307087 0.795276 
vn -0.519685 -0.307087 0.795276 
vn -0.401575 -0.574803 0.716535 
vn 0.519685 -0.307087 0.795276 
vn 0.519685 -0.307087 0.795276 
vn 0.401575 -0.574803 0.716535 
vn -0.102362 -0.401575 -0.905512 
vn 0.102362 -0.401575 -0.905512 
vn 0.0551181 -0.251969 -0.968504 
vn 0.0551181 -0.251969 -0.968504 
vn 0.0472441 -0.275591 -0.96063 
vn 0.0472441 -0.275591 -0.96063 
vn -0.0551181 -0.251969 -0.968504 
vn -0.0472441 -0.275591 -0.96063 
vn -0.0472441 -0.275591 -0.96063 
vn 0.338583 0.188976 -0.92126 
vn -0.15748 -0.787402 -0.590551 
vn -0.149606 -0.787402 -0.590551 
vn 0.15748 -0.787402 -0.590551 
vn 0.149606 -0.787402 -0.590551 
vn 0 -0.629921 -0.779528 
vn 0.00787402 -0.283465 -0.96063 
vn 0.00787402 -0.259843 -0.968504 
vn 0.015748 -0.244094 -0.968504 
vn 0.023622 -0.228346 -0.976378 
vn 0.0314961 -0.212598 -0.976378 
vn 0.0314961 -0.19685 -0.984252 
vn 0.110236 -0.795276 -0.598425 
vn 0.338583 0.188976 -0.92126 
vn -0.338583 0.188976 -0.92126 
vn -0.023622 -0.80315 -0.598425 
vn -0.0314961 -0.629921 -0.779528 
vn -0.0629921 -0.409449 -0.913386 
vn 0.0314961 -0.629921 -0.779528 
vn 0.023622 -0.80315 -0.598425 
vn 0 -0.80315 -0.598425 
vn -0.015748 -0.244094 -0.968504 
vn -0.023622 -0.228346 -0.976378 
vn -0.023622 -0.228346 -0.976378 
vn -0.0314961 -0.212598 -0.976378 
vn -0.0314961 -0.19685 -0.984252 
vn -0.0708661 -0.795276 -0.598425 
vn 0.0708661 -0.795276 -0.598425 
vn 0 0.795276 0.606299 
vn 0 0.795276 0.606299 
vn 0 0.795276 0.606299 
vn 0 0.472441 0.88189 
vn 0 0.472441 0.88189 
vn 0 0.299213 0.952756 
vn 0 0.472441 0.88189 
vn 0 0.299213 0.952756 
vn 0 0.480315 0.88189 
vn -0.00787402 0.307087 0.952756 
vn -0.0314961 0.480315 0.874016 
vn -0.0629921 0.480315 0.874016 
vn -0.102362 0.787402 0.606299 
vn 0 0.795276 0.606299 
vn -0.0472441 0.795276 0.606299 
vn -0.0314961 0.480315 0.874016 
vn -0.511811 0.677165 0.527559 
vn -0.11811 0.787402 0.606299 
vn -0.346457 0.448819 0.826772 
vn 0.346457 0.448819 0.826772 
vn 0.511811 0.677165 0.527559 
vn 0.11811 0.787402 0.606299 
vn -0.519685 -0.307087 0.795276 
vn -0.566929 -0.110236 0.818898 
vn -0.519685 -0.307087 0.795276 
vn 0.566929 -0.110236 0.818898 
vn 0.519685 -0.307087 0.795276 
vn 0.519685 -0.307087 0.795276 
vn -0.566929 -0.110236 0.818898 
vn -0.566929 -0.110236 0.818898 
vn -0.519685 -0.307087 0.795276 
vn 0.566929 -0.110236 0.818898 
vn 0.566929 -0.110236 0.818898 
vn 0.519685 -0.307087 0.795276 
vn 0.322835 -0.503937 -0.80315 
vn 0.0866142 -0.92126 -0.385827 
vn 0.401575 0.795276 0.448819 
vn 0.409449 0.653543 0.637795 
vn 0.015748 0.692913 0.716535 
vn 0.409449 0.653543 0.637795 
vn 0.417323 0.464567 0.779528 
vn -0.401575 0.795276 0.448819 
vn -0.409449 0.653543 0.637795 
vn -0.015748 0.692913 0.716535 
vn -0.409449 0.653543 0.637795 
vn -0.417323 0.464567 0.779528 
vn 0.976378 0.204724 0.0393701 
vn -0.976378 0.204724 0.0393701 
vn -0.976378 0.204724 0.0551181 
vn 0.566929 -0.110236 0.818898 
vn 0.574803 -0.0393701 0.818898 
vn 0.574803 -0.0393701 0.818898 
vn -0.574803 -0.0393701 0.818898 
vn -0.566929 -0.110236 0.818898 
vn -0.574803 -0.0393701 0.818898 
vn 0.188976 -0.503937 -0.84252 
vn 0.566929 -0.110236 0.818898 
vn 0.566929 -0.110236 0.818898 
vn 0.574803 -0.0393701 0.818898 
vn -0.566929 -0.110236 0.818898 
vn -0.566929 -0.110236 0.818898 
vn -0.574803 -0.0393701 0.818898 
vn -0.0708661 -0.992126 -0.110236 
vn 0.0708661 -0.992126 -0.110236 
vn 0.0708661 0.149606 -0.984252 
vn 0.15748 0.968504 0.204724 
vn -0.212598 -0.976378 0 
vn 0.212598 -0.976378 0 
vn -0.944882 -0.149606 0.283465 
vn 0.944882 -0.149606 0.283465 
vn -0.992126 0 0.11811 
vn 0.992126 0 0.11811 
vn 0.0314961 0.480315 0.874016 
vn 0.0629921 0.480315 0.874016 
vn 0.023622 0.314961 0.944882 
vn 0.0472441 0.795276 0.606299 
vn 0 0.795276 0.606299 
vn 0 0.795276 0.606299 
vn 0 0.480315 0.88189 
vn 0.0314961 0.480315 0.874016 
vn 0.0629921 0.480315 0.874016 
vn 0.102362 0.787402 0.606299 
vn 0.00787402 0.307087 0.952756 
vn 0 0.472441 0.88189 
vn 0 0.795276 0.606299 
vn 0 0.795276 0.606299 
vn 0 0.472441 0.88189 
vn 0 0.299213 0.952756 
vn 0 0.472441 0.88189 
vn 0 0.299213 0.952756 
vn 0 0.795276 0.606299 
vn 0 0.472441 0.88189 
vn 0 0.299213 0.952756 
vn 0 0.795276 0.606299 
vn 0 0.299213 0.952756 
vn -0.015748 -0.535433 -0.84252 
vn 0.015748 0.141732 -0.992126 
vn -0.488189 -0.755906 -0.440945 
vn -0.0629921 -1 0 
vn -0.125984 -0.968504 -0.204724 
vn -0.0708661 -0.551181 -0.834646 
vn -0.905512 -0.204724 0.362205 
vn 0.905512 -0.204724 0.362205 
vn 0 -0.92126 -0.385827 
vn 0 -0.92126 -0.385827 
vn -0.968504 -0.15748 0.188976 
vn -1 -0.015748 0.0472441 
vn 1 -0.015748 0.0472441 
vn -0.11811 0.787402 0.606299 
vn 0.102362 0.787402 0.606299 
vn -0.0787402 0.480315 0.874016 
vn 0.11811 0.787402 0.606299 
vn -0.102362 0.787402 0.606299 
vn 0.0787402 0.480315 0.874016 
vn 1 0 0.0551181 
vn 0.0314961 0.480315 0.874016 
vn 0.0472441 0.795276 0.606299 
vn 0.102362 0.787402 0.606299 
vn -0.0472441 0.795276 0.606299 
vn -0.0314961 0.480315 0.874016 
vn -0.102362 0.787402 0.606299 
vn 0.992126 -0.0787402 0.102362 
vn -0.992126 -0.0787402 0.102362 
vn -0.984252 -0.110236 0.149606 
vn -0.976378 -0.133858 0.173228 
vn 0 0.795276 0.606299 
vn 0 0.472441 0.88189 
vn 0 0.299213 0.952756 
vn 0 0.795276 0.606299 
vn 0 0.299213 0.952756 
vn 0.110236 0.905512 -0.409449 
vn -0.0629921 0.905512 -0.425197 
vn 0.0629921 0.905512 -0.425197 
vn -0.023622 0.905512 -0.433071 
vn -0.023622 0.905512 -0.433071 
vn 0.023622 0.905512 -0.433071 
vn -1 -0.00787402 0.00787402 
vn 1 -0.00787402 0.00787402 
vn 0 0.905512 -0.433071 
vn 0 0.905512 -0.433071 
vn -1 -0.0314961 0.0314961 
vn -1 -0.0314961 0.0393701 
vn 1 -0.0314961 0.0393701 
vn -0.795276 0.275591 -0.543307 
vn 1 -0.0393701 0.0551181 
vn 0.102362 0.519685 0.850394 
vn 0.0708661 0.551181 0.834646 
vn 0.0314961 0.645669 0.76378 
vn 0.023622 0.653543 0.755906 
vn -0.0708661 0.551181 0.834646 
vn -0.102362 0.519685 0.850394 
vn -0.0314961 0.645669 0.76378 
vn -0.023622 0.653543 0.755906 
vn 0.0708661 0.551181 0.834646 
vn 0.0551181 0.566929 0.826772 
vn 0.023622 0.653543 0.755906 
vn 0.00787402 0.645669 0.76378 
vn -0.0551181 0.566929 0.826772 
vn -0.0708661 0.551181 0.834646 
vn -0.023622 0.653543 0.755906 
vn -0.00787402 0.645669 0.76378 
vn -0.913386 -0.244094 0.330709 
vn 0.913386 -0.244094 0.330709 
vn -1 -0.0472441 0.0708661 
vn 1 -0.0472441 0.0708661 
vn -0.0314961 0.551181 0.834646 
vn -0.0551181 0.566929 0.826772 
vn -0.00787402 0.645669 0.76378 
vn -0.015748 0.637795 0.771654 
vn 0.0551181 0.566929 0.826772 
vn 0.0314961 0.551181 0.834646 
vn 0.00787402 0.645669 0.76378 
vn 0.015748 0.637795 0.771654 
vn 0.818898 0.275591 -0.511811 
vn -0.818898 0.275591 -0.511811 
vn -0.015748 0.535433 0.84252 
vn -0.0314961 0.535433 0.84252 
vn -0.015748 0.629921 0.779528 
vn 0.015748 0.535433 0.84252 
vn -0.015748 0.629921 0.779528 
vn 0.015748 0.629921 0.779528 
vn 0.015748 0.535433 0.84252 
vn 0.0314961 0.535433 0.84252 
vn 1 0.015748 -0.023622 
vn 1 0.015748 -0.023622 
vn 1 0.015748 -0.023622 
vn -1 0.015748 -0.023622 
vn -1 0.015748 -0.023622 
vn -1 0.015748 -0.023622 
vn -1 0.023622 -0.00787402 
vn 1 0.015748 -0.00787402 
vn 0.188976 0.503937 0.84252 
vn 0.102362 0.519685 0.850394 
vn 0.0314961 0.622047 0.787402 
vn 0.0314961 0.645669 0.76378 
vn -0.102362 0.519685 0.850394 
vn -0.188976 0.503937 0.84252 
vn -0.0314961 0.622047 0.787402 
vn -0.0314961 0.645669 0.76378 
vn -0.0314961 0.535433 0.84252 
vn -0.0314961 0.551181 0.834646 
vn -0.015748 0.637795 0.771654 
vn -0.015748 0.629921 0.779528 
vn -0.0629921 0.212598 0.976378 
vn -0.023622 0.204724 0.976378 
vn -0.0314961 0.551181 0.834646 
vn 0.0314961 0.551181 0.834646 
vn 0.0314961 0.535433 0.84252 
vn 0.015748 0.637795 0.771654 
vn 0.015748 0.629921 0.779528 
vn 0.0629921 0.212598 0.976378 
vn 0.023622 0.204724 0.976378 
vn 0.0314961 0.551181 0.834646 
vn -0.984252 0.0944882 -0.141732 
vn 0.322835 0.503937 0.80315 
vn 0.188976 0.503937 0.84252 
vn 0.0944882 0.598425 0.795276 
vn 0.0314961 0.622047 0.787402 
vn -0.188976 0.503937 0.84252 
vn -0.322835 0.503937 0.80315 
vn -0.0944882 0.598425 0.795276 
vn -0.0314961 0.622047 0.787402 
vn 0.984252 0.0866142 -0.141732 
vn -0.984252 0.0866142 -0.141732 
vn 0.858268 0.244094 -0.448819 
vn -0.858268 0.244094 -0.448819 
vn 0.992126 0.0787402 -0.125984 
vn -0.992126 0.0787402 -0.125984 
vn 0.992126 0.0708661 -0.110236 
vn -0.96063 0.181102 -0.204724 
vn 0.897638 0.212598 -0.385827 
vn -0.897638 0.212598 -0.385827 
vn 0.968504 0.15748 -0.188976 
vn 0.283465 0.677165 0.677165 
vn 0.440945 0.622047 0.645669 
vn 0.204724 0.574803 0.795276 
vn -0.283465 0.677165 0.677165 
vn -0.440945 0.622047 0.645669 
vn -0.204724 0.574803 0.795276 
vn -0.653543 -0.322835 0.685039 
vn -0.653543 -0.322835 0.685039 
vn -0.692913 -0.314961 0.645669 
vn 0.653543 -0.322835 0.685039 
vn 0.653543 -0.322835 0.685039 
vn 0.692913 -0.314961 0.645669 
vn -0.984252 0.110236 -0.141732 
vn 0.440945 0.622047 0.645669 
vn 0.322835 0.503937 0.80315 
vn 0.204724 0.574803 0.795276 
vn 0.0944882 0.598425 0.795276 
vn -0.322835 0.503937 0.80315 
vn -0.440945 0.622047 0.645669 
vn -0.204724 0.574803 0.795276 
vn -0.0944882 0.598425 0.795276 
vn 0.992126 0.0866142 -0.125984 
vn -0.992126 0.0866142 -0.125984 
vn 0.0708661 0.551181 0.834646 
vn 0.102362 0.519685 0.850394 
vn 0.204724 0.228346 0.952756 
vn 0.15748 0.244094 0.952756 
vn -0.204724 0.228346 0.952756 
vn -0.0708661 0.551181 0.834646 
vn -0.15748 0.244094 0.952756 
vn -0.102362 0.519685 0.850394 
vn 0.0314961 0.551181 0.834646 
vn 0.102362 0.228346 0.968504 
vn 0.0629921 0.212598 0.976378 
vn 0.0551181 0.566929 0.826772 
vn 0.0551181 0.566929 0.826772 
vn 0.15748 0.244094 0.952756 
vn 0.102362 0.228346 0.968504 
vn 0.0708661 0.551181 0.834646 
vn -0.0551181 0.566929 0.826772 
vn -0.0314961 0.551181 0.834646 
vn -0.102362 0.228346 0.968504 
vn -0.0629921 0.212598 0.976378 
vn -0.15748 0.244094 0.952756 
vn -0.0551181 0.566929 0.826772 
vn -0.102362 0.228346 0.968504 
vn -0.0708661 0.551181 0.834646 
vn 0.96063 0.11811 -0.23622 
vn -0.96063 0.11811 -0.23622 
vn -0.0708661 -0.149606 0.984252 
vn -0.0708661 -0.149606 0.984252 
vn 0.015748 -0.133858 0.992126 
vn 0.0708661 -0.149606 0.984252 
vn 0.0708661 -0.149606 0.984252 
vn -0.015748 -0.133858 0.992126 
vn 0.015748 -0.133858 0.992126 
vn 0.015748 -0.133858 0.992126 
vn 0.015748 -0.141732 0.992126 
vn -0.015748 -0.133858 0.992126 
vn -0.015748 -0.133858 0.992126 
vn -0.015748 -0.141732 0.992126 
vn 0.015748 0.535433 0.84252 
vn 0.0314961 0.535433 0.84252 
vn 0.023622 0.204724 0.976378 
vn -0.015748 0.535433 0.84252 
vn -0.0314961 0.535433 0.84252 
vn -0.015748 0.535433 0.84252 
vn -0.023622 0.204724 0.976378 
vn 0.023622 0.204724 0.976378 
vn 0.015748 -0.133858 0.992126 
vn -0.0708661 -0.149606 0.984252 
vn 0.015748 -0.133858 0.992126 
vn 0.015748 -0.141732 0.992126 
vn 0.015748 -0.141732 0.992126 
vn -0.015748 -0.133858 0.992126 
vn -0.015748 -0.141732 0.992126 
vn -0.015748 -0.141732 0.992126 
vn 0.0708661 -0.149606 0.984252 
vn -0.015748 -0.133858 0.992126 
vn 0 -0.228346 0.976378 
vn 0 -0.228346 0.976378 
vn 0 -0.228346 0.976378 
vn 0 -0.228346 0.976378 
vn 0 -0.228346 0.976378 
vn 0 -0.228346 0.976378 
vn 0.0551181 -0.228346 0.976378 
vn 0.0551181 -0.228346 0.968504 
vn 0.0551181 -0.228346 0.976378 
vn 0.0551181 -0.228346 0.976378 
vn -0.0551181 -0.228346 0.976378 
vn -0.0551181 -0.228346 0.976378 
vn -0.0551181 -0.228346 0.976378 
vn -0.0551181 -0.228346 0.968504 
vn 0.141732 -0.228346 0.96063 
vn 0.141732 -0.228346 0.96063 
vn 0.141732 -0.228346 0.96063 
vn 0.141732 -0.228346 0.96063 
vn -0.141732 -0.228346 0.96063 
vn -0.141732 -0.228346 0.96063 
vn -0.141732 -0.228346 0.96063 
vn -0.141732 -0.228346 0.96063 
vn 0.251969 -0.228346 0.937008 
vn 0.251969 -0.228346 0.937008 
vn 0.251969 -0.228346 0.937008 
vn 0.251969 -0.228346 0.937008 
vn -0.251969 -0.228346 0.937008 
vn -0.251969 -0.228346 0.937008 
vn -0.251969 -0.228346 0.937008 
vn -0.251969 -0.228346 0.937008 
vn 0.133858 -0.905512 -0.409449 
vn -0.338583 -0.188976 0.92126 
vn -0.338583 -0.188976 0.92126 
vn -0.0708661 -0.149606 0.984252 
vn 0.338583 -0.188976 0.92126 
vn 0.338583 -0.188976 0.92126 
vn 0.0708661 -0.149606 0.984252 
vn 0.102362 0.519685 0.850394 
vn 0.188976 0.503937 0.84252 
vn 0.283465 0.19685 0.937008 
vn 0.204724 0.228346 0.952756 
vn -0.283465 0.19685 0.937008 
vn -0.102362 0.519685 0.850394 
vn -0.204724 0.228346 0.952756 
vn -0.188976 0.503937 0.84252 
vn -0.0708661 -0.149606 0.984252 
vn -0.338583 -0.188976 0.92126 
vn -0.0708661 -0.149606 0.984252 
vn 0.188976 0.503937 0.84252 
vn 0.322835 0.503937 0.80315 
vn 0.433071 0.23622 0.866142 
vn 0.283465 0.19685 0.937008 
vn 0.338583 -0.188976 0.92126 
vn 0.0708661 -0.149606 0.984252 
vn 0.0708661 -0.149606 0.984252 
vn -0.433071 0.23622 0.866142 
vn -0.188976 0.503937 0.84252 
vn -0.283465 0.19685 0.937008 
vn -0.322835 0.503937 0.80315 
vn 0.818898 0.362205 0.448819 
vn 0.440945 0.622047 0.645669 
vn 0.637795 0.299213 0.708661 
vn -0.818898 0.362205 0.448819 
vn -0.440945 0.622047 0.645669 
vn -0.637795 0.299213 0.708661 
vn 0.322835 0.503937 0.80315 
vn 0.440945 0.622047 0.645669 
vn 0.637795 0.299213 0.708661 
vn 0.433071 0.23622 0.866142 
vn -0.637795 0.299213 0.708661 
vn -0.322835 0.503937 0.80315 
vn -0.433071 0.23622 0.866142 
vn -0.440945 0.622047 0.645669 
vn 0.023622 0.80315 0.598425 
vn 0.015748 0.80315 0.598425 
vn 0.0314961 0.629921 0.779528 
vn 0.023622 0.629921 0.779528 
vn 0.015748 0.401575 0.913386 
vn 0.0393701 0.401575 0.913386 
vn -0.015748 0.80315 0.598425 
vn -0.023622 0.80315 0.598425 
vn -0.0314961 0.629921 0.779528 
vn -0.023622 0.629921 0.779528 
vn -0.015748 0.401575 0.913386 
vn -0.0393701 0.401575 0.913386 
vn 0.0708661 0.629921 0.779528 
vn 0.0944882 0.622047 0.771654 
vn 0.0551181 0.80315 0.598425 
vn 0.0708661 0.80315 0.598425 
vn 0.0629921 0.401575 0.913386 
vn 0.102362 0.401575 0.913386 
vn -0.0708661 0.80315 0.598425 
vn -0.0944882 0.622047 0.771654 
vn -0.0551181 0.80315 0.598425 
vn -0.0708661 0.629921 0.779528 
vn -0.0629921 0.401575 0.913386 
vn -0.102362 0.401575 0.913386 
vn -0.653543 -0.212598 0.724409 
vn -0.653543 -0.212598 0.724409 
vn -0.338583 -0.188976 0.92126 
vn 0.653543 -0.212598 0.724409 
vn 0.653543 -0.212598 0.724409 
vn 0.338583 -0.188976 0.92126 
vn 0.023622 0.629921 0.779528 
vn 0.015748 0.80315 0.598425 
vn 0 0.80315 0.598425 
vn 0 0.629921 0.779528 
vn 0 0.401575 0.913386 
vn 0.015748 0.401575 0.913386 
vn 0 0.629921 0.779528 
vn 0 0.80315 0.598425 
vn 0 0.173228 0.984252 
vn 0 0.173228 0.984252 
vn 0.00787402 0.283465 0.96063 
vn 0.00787402 0.283465 0.96063 
vn 0.00787402 0.259843 0.968504 
vn 0.00787402 0.259843 0.968504 
vn 0.015748 0.244094 0.968504 
vn 0.015748 0.244094 0.968504 
vn 0.023622 0.228346 0.976378 
vn 0.023622 0.228346 0.976378 
vn 0.0314961 0.212598 0.976378 
vn 0.0314961 0.212598 0.976378 
vn 0.0314961 0.19685 0.984252 
vn 0.0314961 0.19685 0.984252 
vn 0.0708661 0.0472441 1 
vn 0.0314961 0.0472441 1 
vn 0.023622 0.80315 0.598425 
vn 0.0314961 0.629921 0.779528 
vn 0.0708661 0.629921 0.779528 
vn 0.0551181 0.80315 0.598425 
vn 0.0393701 0.401575 0.913386 
vn 0.0629921 0.401575 0.913386 
vn 0.0393701 0.165354 0.984252 
vn 0.0393701 0.165354 0.984252 
vn 0.0629921 0.401575 0.913386 
vn 0.0472441 0.275591 0.96063 
vn 0.0472441 0.275591 0.96063 
vn 0.0551181 0.251969 0.968504 
vn 0.0551181 0.251969 0.968504 
vn 0.0551181 0.251969 0.968504 
vn 0.0708661 0.23622 0.968504 
vn 0.0708661 0.23622 0.968504 
vn 0.0944882 0.220472 0.968504 
vn -0.0314961 0.629921 0.779528 
vn -0.023622 0.80315 0.598425 
vn -0.0708661 0.629921 0.779528 
vn -0.0551181 0.80315 0.598425 
vn -0.0393701 0.401575 0.913386 
vn -0.0629921 0.401575 0.913386 
vn -0.0393701 0.165354 0.984252 
vn -0.0629921 0.401575 0.913386 
vn -0.0393701 0.165354 0.984252 
vn -0.0472441 0.275591 0.96063 
vn -0.0472441 0.275591 0.96063 
vn -0.0551181 0.251969 0.968504 
vn -0.0551181 0.251969 0.968504 
vn -0.0551181 0.251969 0.968504 
vn -0.0708661 0.23622 0.968504 
vn -0.0708661 0.23622 0.968504 
vn -0.0944882 0.220472 0.968504 
vn -0.015748 0.80315 0.598425 
vn -0.023622 0.629921 0.779528 
vn 0 0.401575 0.913386 
vn -0.015748 0.401575 0.913386 
vn 0 0.173228 0.984252 
vn 0 0.173228 0.984252 
vn -0.00787402 0.283465 0.96063 
vn -0.00787402 0.283465 0.96063 
vn -0.00787402 0.259843 0.968504 
vn -0.00787402 0.259843 0.968504 
vn -0.015748 0.244094 0.968504 
vn -0.015748 0.244094 0.968504 
vn -0.023622 0.228346 0.976378 
vn -0.023622 0.228346 0.976378 
vn -0.0314961 0.212598 0.976378 
vn -0.0314961 0.212598 0.976378 
vn -0.0314961 0.19685 0.984252 
vn -0.0314961 0.19685 0.984252 
vn -0.0708661 0.0472441 1 
vn -0.0314961 0.0472441 1 
vn -0.338583 -0.188976 0.92126 
vn -0.653543 -0.212598 0.724409 
vn -0.338583 -0.188976 0.92126 
vn 0.653543 -0.212598 0.724409 
vn 0.338583 -0.188976 0.92126 
vn 0.338583 -0.188976 0.92126 
vn 0.141732 0.622047 0.771654 
vn 0.173228 0.614173 0.76378 
vn 0.110236 0.795276 0.598425 
vn 0.133858 0.795276 0.590551 
vn 0.133858 0.401575 0.905512 
vn 0.133858 0.401575 0.905512 
vn 0.19685 0.393701 0.897638 
vn -0.133858 0.795276 0.590551 
vn -0.173228 0.614173 0.76378 
vn -0.110236 0.795276 0.598425 
vn -0.141732 0.622047 0.771654 
vn -0.133858 0.401575 0.905512 
vn -0.19685 0.393701 0.897638 
vn -0.133858 0.401575 0.905512 
vn 0.0944882 0.622047 0.771654 
vn 0.141732 0.622047 0.771654 
vn 0.0708661 0.80315 0.598425 
vn 0.110236 0.795276 0.598425 
vn 0.102362 0.401575 0.913386 
vn 0.133858 0.401575 0.905512 
vn 0.0944882 0.15748 0.984252 
vn 0.0944882 0.15748 0.984252 
vn 0.133858 0.401575 0.905512 
vn 0.102362 0.259843 0.96063 
vn 0.102362 0.259843 0.96063 
vn 0.110236 0.244094 0.96063 
vn 0.110236 0.244094 0.96063 
vn 0.125984 0.220472 0.968504 
vn 0.125984 0.220472 0.968504 
vn 0.141732 0.212598 0.968504 
vn 0.141732 0.212598 0.968504 
vn 0.15748 0.19685 0.968504 
vn 0.15748 0.19685 0.968504 
vn 0.173228 0.181102 0.968504 
vn 0.173228 0.181102 0.968504 
vn 0.322835 0.0472441 0.944882 
vn 0.244094 0.0551181 0.968504 
vn -0.110236 0.795276 0.598425 
vn -0.141732 0.622047 0.771654 
vn -0.0708661 0.80315 0.598425 
vn -0.0944882 0.622047 0.771654 
vn -0.102362 0.401575 0.913386 
vn -0.133858 0.401575 0.905512 
vn -0.0944882 0.15748 0.984252 
vn -0.133858 0.401575 0.905512 
vn -0.0944882 0.15748 0.984252 
vn -0.102362 0.259843 0.96063 
vn -0.102362 0.259843 0.96063 
vn -0.110236 0.244094 0.96063 
vn -0.110236 0.244094 0.96063 
vn -0.125984 0.220472 0.968504 
vn -0.125984 0.220472 0.968504 
vn -0.141732 0.212598 0.968504 
vn -0.141732 0.212598 0.968504 
vn -0.15748 0.19685 0.968504 
vn -0.15748 0.19685 0.968504 
vn -0.173228 0.181102 0.968504 
vn -0.173228 0.181102 0.968504 
vn -0.322835 0.0472441 0.944882 
vn -0.244094 0.0551181 0.968504 
vn 0.141732 0.622047 0.771654 
vn 0.173228 0.614173 0.76378 
vn 0.181102 0.314961 0.937008 
vn 0.141732 0.622047 0.771654 
vn 0.133858 0.795276 0.590551 
vn 0.102362 0.795276 0.598425 
vn 0.133858 0.795276 0.590551 
vn 0.173228 0.614173 0.76378 
vn 0.19685 0.393701 0.897638 
vn 0.19685 0.165354 0.968504 
vn 0.19685 0.165354 0.968504 
vn 0.181102 0.314961 0.937008 
vn 0.204724 0.267717 0.944882 
vn 0.204724 0.267717 0.944882 
vn 0.23622 0.244094 0.944882 
vn 0.23622 0.244094 0.944882 
vn 0.23622 0.244094 0.944882 
vn -0.102362 0.795276 0.598425 
vn -0.141732 0.622047 0.771654 
vn -0.133858 0.795276 0.590551 
vn -0.173228 0.614173 0.76378 
vn -0.133858 0.795276 0.590551 
vn -0.181102 0.314961 0.937008 
vn -0.19685 0.393701 0.897638 
vn -0.173228 0.614173 0.76378 
vn -0.19685 0.165354 0.968504 
vn -0.181102 0.314961 0.937008 
vn -0.19685 0.165354 0.968504 
vn -0.204724 0.267717 0.944882 
vn -0.204724 0.267717 0.944882 
vn -0.23622 0.244094 0.944882 
vn -0.23622 0.244094 0.944882 
vn -0.23622 0.244094 0.944882 
vn 0.0944882 0.220472 0.968504 
vn 0.0944882 0.220472 0.968504 
vn 0.0708661 0.23622 0.968504 
vn 0.110236 0.204724 0.976378 
vn 0.110236 0.204724 0.976378 
vn 0.11811 0.188976 0.976378 
vn 0.11811 0.188976 0.976378 
vn 0.181102 0.0708661 0.984252 
vn 0.133858 0.0629921 0.992126 
vn 0.181102 0.0708661 0.984252 
vn -0.181102 0.0708661 0.984252 
vn -0.133858 0.0629921 0.992126 
vn -0.11811 0.188976 0.976378 
vn -0.11811 0.188976 0.976378 
vn -0.181102 0.0708661 0.984252 
vn -0.110236 0.204724 0.976378 
vn -0.110236 0.204724 0.976378 
vn -0.0944882 0.220472 0.968504 
vn -0.0944882 0.220472 0.968504 
vn -0.0708661 0.23622 0.968504 
vn -0.23622 0.244094 0.944882 
vn -0.275591 0.228346 0.937008 
vn -0.23622 0.244094 0.944882 
vn 0.275591 0.228346 0.937008 
vn 0.23622 0.244094 0.944882 
vn 0.23622 0.244094 0.944882 
vn -0.330709 0.220472 0.913386 
vn -0.330709 0.220472 0.913386 
vn -0.275591 0.228346 0.937008 
vn -0.275591 0.228346 0.937008 
vn -0.275591 0.228346 0.937008 
vn -0.23622 0.244094 0.944882 
vn 0.330709 0.220472 0.913386 
vn 0.330709 0.220472 0.913386 
vn 0.275591 0.228346 0.937008 
vn 0.275591 0.228346 0.937008 
vn 0.275591 0.228346 0.937008 
vn 0.23622 0.244094 0.944882 
vn 0.992126 -0.0866142 0 
vn -0.393701 0.220472 0.889764 
vn -0.330709 0.220472 0.913386 
vn -0.393701 0.220472 0.889764 
vn -0.330709 0.220472 0.913386 
vn 0.330709 0.220472 0.913386 
vn 0.393701 0.220472 0.889764 
vn 0.393701 0.220472 0.889764 
vn 0.330709 0.220472 0.913386 
vn -0.700787 0.173228 0.692913 
vn -0.535433 0.11811 0.834646 
vn -0.440945 0.220472 0.866142 
vn 0.535433 0.11811 0.834646 
vn 0.700787 0.173228 0.692913 
vn 0.440945 0.220472 0.866142 
vn -0.440945 0.220472 0.866142 
vn -0.393701 0.220472 0.889764 
vn -0.440945 0.220472 0.866142 
vn -0.393701 0.220472 0.889764 
vn -0.440945 0.220472 0.866142 
vn 0.393701 0.220472 0.889764 
vn 0.440945 0.220472 0.866142 
vn 0.440945 0.220472 0.866142 
vn 0.393701 0.220472 0.889764 
vn 0.440945 0.220472 0.866142 
vn -0.440945 0.220472 0.866142 
vn -0.700787 0.173228 0.692913 
vn -0.440945 0.220472 0.866142 
vn 0.700787 0.173228 0.692913 
vn 0.440945 0.220472 0.866142 
vn 0.440945 0.220472 0.866142 
vn 0.700787 0.173228 0.692913 
vn 0.637795 0.299213 0.708661 
vn 0.535433 0.11811 0.834646 
vn -0.535433 0.11811 0.834646 
vn -0.700787 0.173228 0.692913 
vn -0.637795 0.299213 0.708661 
vn 0.204724 0.228346 0.952756 
vn 0.283465 0.19685 0.937008 
vn 0.244094 0.0551181 0.968504 
vn 0.181102 0.0708661 0.984252 
vn 0.102362 0.228346 0.968504 
vn 0.15748 0.244094 0.952756 
vn 0.133858 0.0629921 0.992126 
vn 0.0708661 0.0472441 1 
vn -0.0708661 0.0472441 1 
vn -0.133858 0.0629921 0.992126 
vn -0.102362 0.228346 0.968504 
vn -0.15748 0.244094 0.952756 
vn -0.283465 0.19685 0.937008 
vn -0.204724 0.228346 0.952756 
vn -0.244094 0.0551181 0.968504 
vn -0.181102 0.0708661 0.984252 
vn 0.181102 0.0708661 0.984252 
vn 0.15748 0.244094 0.952756 
vn 0.204724 0.228346 0.952756 
vn 0.133858 0.0629921 0.992126 
vn -0.181102 0.0708661 0.984252 
vn -0.15748 0.244094 0.952756 
vn -0.133858 0.0629921 0.992126 
vn -0.204724 0.228346 0.952756 
vn 0.535433 0.11811 0.834646 
vn 0.433071 0.23622 0.866142 
vn 0.637795 0.299213 0.708661 
vn 0.322835 0.0472441 0.944882 
vn 0.0314961 0.0472441 1 
vn 0.023622 0.204724 0.976378 
vn 0.0629921 0.212598 0.976378 
vn -0.023622 0.204724 0.976378 
vn -0.0314961 0.0472441 1 
vn -0.0629921 0.212598 0.976378 
vn -0.535433 0.11811 0.834646 
vn -0.433071 0.23622 0.866142 
vn -0.322835 0.0472441 0.944882 
vn -0.637795 0.299213 0.708661 
vn 0.0708661 0.0472441 1 
vn 0.0314961 0.0472441 1 
vn 0.0629921 0.212598 0.976378 
vn 0.102362 0.228346 0.968504 
vn -0.0314961 0.0472441 1 
vn -0.0708661 0.0472441 1 
vn -0.0629921 0.212598 0.976378 
vn -0.102362 0.228346 0.968504 
vn 0.283465 0.19685 0.937008 
vn 0.433071 0.23622 0.866142 
vn 0.322835 0.0472441 0.944882 
vn 0.244094 0.0551181 0.968504 
vn -0.433071 0.23622 0.866142 
vn -0.283465 0.19685 0.937008 
vn -0.322835 0.0472441 0.944882 
vn -0.244094 0.0551181 0.968504 
vn -0.771654 0.559055 -0.314961 
vn -0.944882 0.314961 0 
vn -0.771654 0.559055 -0.314961 
vn -0.944882 0.149606 0.291339 
vn -0.944882 0.149606 0.291339 
vn -0.992126 0.0551181 0.0944882 
vn -0.905512 0.23622 0.354331 
vn -0.905512 0.23622 0.354331 
vn -0.905512 0.23622 0.354331 
vn -0.913386 0.299213 0.275591 
vn -0.944882 0.314961 0 
vn -0.952756 0.23622 0.173228 
vn -0.944882 0.314961 0 
vn -0.771654 0.559055 -0.314961 
vn -0.905512 0.23622 0.354331 
vn -0.913386 0.299213 0.275591 
vn -0.913386 0.299213 0.275591 
vn -0.913386 0.362205 0.19685 
vn -0.913386 0.362205 0.19685 
vn -0.913386 0.362205 0.19685 
vn -0.905512 0.409449 0.11811 
vn -0.535433 0.267717 0.795276 
vn -0.661417 0.346457 0.661417 
vn -0.88189 0.173228 0.440945 
vn 0.661417 0.346457 0.661417 
vn 0.535433 0.267717 0.795276 
vn 0.88189 0.173228 0.440945 
vn -0.913386 0.362205 0.19685 
vn -0.905512 0.409449 0.11811 
vn -0.905512 0.409449 0.11811 
vn -0.913386 0.401575 0.0787402 
vn -0.913386 0.401575 0.0787402 
vn -0.913386 0.401575 0.0787402 
vn -0.905512 0.409449 0.11811 
vn -0.929134 0.362205 0.11811 
vn -0.913386 0.401575 0.0787402 
vn -0.929134 0.362205 0.11811 
vn -0.929134 0.362205 0.11811 
vn -0.929134 0.322835 0.15748 
vn -0.322835 -0.0472441 -0.944882 
vn -0.433071 -0.23622 -0.866142 
vn -0.929134 0.362205 0.11811 
vn -0.929134 0.322835 0.15748 
vn -0.929134 0.322835 0.15748 
vn -0.952756 0.23622 0.173228 
vn -0.992126 0.0551181 0.0944882 
vn -0.992126 0.0551181 0.0944882 
vn -1 0 0 
vn -1 0 0 
vn -0.661417 0.346457 0.661417 
vn -0.511811 0.677165 0.527559 
vn -0.929134 0.181102 0.322835 
vn -0.88189 0.173228 0.440945 
vn -0.992126 0.0551181 0.0944882 
vn -0.944882 0.149606 0.291339 
vn -0.992126 0.0551181 0.0944882 
vn -0.952756 0.23622 0.173228 
vn -0.952756 0.23622 0.173228 
vn -0.929134 0.322835 0.15748 
vn -0.944882 0.314961 0 
vn -0.929134 0.181102 0.322835 
vn -0.984252 0.0944882 0.125984 
vn -0.88189 0.173228 0.440945 
vn -0.244094 0.307087 0.92126 
vn 0.244094 0.307087 0.92126 
vn -0.929134 0.181102 0.322835 
vn -0.661417 0.346457 0.661417 
vn -0.818898 0.448819 0.354331 
vn 0.818898 0.448819 0.354331 
vn -0.968504 0.19685 0.141732 
vn -0.929134 0.181102 0.322835 
vn -0.818898 0.448819 0.354331 
vn -0.637795 -0.299213 -0.708661 
vn 0.535433 -0.11811 -0.834646 
vn 0.511811 0.677165 0.527559 
vn -0.637795 -0.299213 -0.708661 
vn -0.700787 -0.173228 -0.692913 
vn -0.818898 -0.362205 -0.448819 
vn 0.700787 -0.173228 -0.692913 
vn 0.818898 -0.362205 -0.448819 
vn -0.700787 -0.173228 -0.692913 
vn -0.96063 -0.133858 -0.251969 
vn -0.818898 -0.362205 -0.448819 
vn -0.984252 -0.11811 -0.110236 
vn 0.984252 -0.11811 -0.110236 
vn 0.96063 -0.133858 -0.251969 
vn -0.984252 0.0944882 0.125984 
vn -0.929134 0.181102 0.322835 
vn -0.968504 0.19685 0.141732 
vn -0.818898 -0.566929 -0.0944882 
vn -0.795276 -0.582677 -0.181102 
vn -0.496063 -0.314961 -0.811024 
vn -0.952756 -0.149606 -0.251969 
vn -0.724409 -0.685039 0 
vn 0.724409 -0.685039 0 
vn 0.795276 -0.582677 -0.181102 
vn -0.874016 -0.417323 -0.267717 
vn -0.984252 -0.11811 -0.110236 
vn -0.88189 -0.440945 -0.173228 
vn -0.818898 -0.362205 -0.448819 
vn 0.874016 -0.417323 -0.267717 
vn 0.88189 -0.440945 -0.173228 
vn -0.88189 -0.440945 -0.173228 
vn -0.992126 -0.110236 -0.0629921 
vn -0.88189 -0.456693 -0.0787402 
vn -0.984252 -0.11811 -0.110236 
vn 0.992126 -0.110236 -0.0629921 
vn 0.440945 -0.220472 -0.866142 
vn -0.393701 -0.220472 -0.889764 
vn -0.929134 -0.0708661 -0.370079 
vn 0.511811 -0.275591 -0.811024 
vn 0.929134 -0.0708661 -0.370079 
vn -0.88189 -0.456693 -0.0787402 
vn -0.992126 -0.110236 -0.023622 
vn -0.897638 -0.433071 -0.102362 
vn -0.992126 -0.110236 -0.0629921 
vn -0.897638 -0.433071 -0.102362 
vn -0.992126 -0.110236 -0.023622 
vn -0.905512 -0.377953 -0.188976 
vn -0.992126 -0.110236 -0.023622 
vn 0.905512 -0.377953 -0.188976 
vn -0.92126 -0.228346 -0.307087 
vn -0.992126 -0.0787402 -0.0472441 
vn -0.952756 -0.149606 -0.251969 
vn -0.992126 -0.0866142 -0.0393701 
vn -0.913386 -0.307087 -0.259843 
vn -0.992126 -0.0866142 -0.0393701 
vn -0.92126 -0.228346 -0.307087 
vn -0.992126 -0.102362 -0.0314961 
vn -0.905512 -0.377953 -0.188976 
vn -0.992126 -0.102362 -0.0314961 
vn -0.913386 -0.307087 -0.259843 
vn -0.992126 -0.110236 -0.023622 
vn -0.992126 0.0944882 0.0472441 
vn -0.968504 0.19685 0.141732 
vn -0.976378 0.19685 0.0393701 
vn -0.952756 -0.149606 -0.251969 
vn -1 -0.0708661 -0.0314961 
vn -0.724409 -0.685039 0 
vn -0.992126 -0.0787402 -0.0472441 
vn 1 0.0708661 0.00787402 
vn 0.992126 0.133858 0.0551181 
vn 0.0314961 0.0866142 0.992126 
vn 0 0 1 
vn 0 0 1 
vn -0.88189 0.19685 -0.425197 
vn -0.992126 0.133858 0.0551181 
vn -1 0.0708661 0.00787402 
vn -0.88189 0.19685 -0.425197 
vn -0.88189 0.19685 -0.425197 
vn -1 0.0708661 0.00787402 
vn -0.0314961 0.0866142 0.992126 
vn 0 0 1 
vn 0 0 1 
vn -0.818898 0.448819 0.354331 
vn -0.866142 0.488189 0.102362 
vn -0.976378 0.19685 0.0393701 
vn 0.866142 0.488189 0.102362 
vn -0.968504 0.19685 0.141732 
vn -0.818898 0.448819 0.354331 
vn -0.976378 0.19685 0.0393701 
vn -0.976378 0.19685 0.0393701 
vn -0.984252 0.19685 0 
vn -0.992126 0.0866142 0.015748 
vn -0.653543 0.204724 -0.724409 
vn -0.88189 0.19685 -0.425197 
vn -0.88189 0.19685 -0.425197 
vn -0.984252 0.19685 0 
vn -0.992126 0.0866142 0 
vn -0.992126 0.0866142 0.015748 
vn -0.992126 0.0944882 0.0472441 
vn -0.976378 0.19685 0.0393701 
vn -0.984252 0.0944882 0.125984 
vn -0.968504 0.19685 0.141732 
vn -0.976378 0.102362 0.181102 
vn -0.88189 0.173228 0.440945 
vn -0.653543 0.204724 -0.724409 
vn -0.653543 0.204724 -0.724409 
vn -0.88189 0.19685 -0.425197 
vn 0.992126 0.015748 0.141732 
vn -1 0.0708661 0.00787402 
vn -0.992126 0.015748 0.141732 
vn -0.92126 0.385827 -0.0944882 
vn -0.204724 0.0314961 -0.976378 
vn 0.204724 0.0314961 -0.976378 
vn 0.488189 0.314961 0.818898 
vn 0.417323 0.464567 0.779528 
vn -0.417323 0.464567 0.779528 
vn -0.488189 0.314961 0.818898 
vn -0.23622 -0.244094 -0.944882 
vn -0.204724 -0.267717 -0.944882 
vn 0.212598 -0.409449 -0.88189 
vn -0.992126 0.133858 0.0551181 
vn -0.929134 0.0787402 0.362205 
vn -1 0.0708661 0.00787402 
vn -0.511811 0.677165 0.527559 
vn -0.590551 0.787402 0.165354 
vn -0.866142 0.488189 0.102362 
vn -0.976378 0.19685 0.0393701 
vn -0.874016 0.488189 0 
vn -0.984252 0.19685 0 
vn -0.976378 0.19685 0.0393701 
vn -0.874016 0.488189 0 
vn 0.338583 0.188976 -0.92126 
vn -0.149606 -0.787402 -0.590551 
vn 0.149606 -0.787402 -0.590551 
vn 0.0314961 -0.212598 -0.976378 
vn -0.818898 0.448819 0.354331 
vn -0.511811 0.677165 0.527559 
vn -0.866142 0.488189 0.102362 
vn 0.338583 0.188976 -0.92126 
vn -0.338583 0.188976 -0.92126 
vn 0.322835 -0.503937 -0.80315 
vn -0.929134 0.0787402 0.362205 
vn -0.992126 0.015748 0.141732 
vn -1 0.0708661 0.00787402 
vn 0.401575 0.795276 0.448819 
vn 0.409449 0.653543 0.637795 
vn -0.401575 0.795276 0.448819 
vn -0.409449 0.653543 0.637795 
vn 0.976378 0.204724 0.0393701 
vn -0.976378 0.204724 0.0551181 
vn -0.976378 0.204724 0.0393701 
vn -0.976378 0.204724 0.0393701 
vn -0.976378 0.19685 0.0944882 
vn -0.976378 0.204724 0.0551181 
vn -0.968504 0.188976 0.149606 
vn -0.976378 0.19685 0.0944882 
vn -0.968504 0.181102 0.173228 
vn -0.968504 0.181102 0.173228 
vn -0.818898 -0.362205 -0.448819 
vn -0.874016 -0.417323 -0.267717 
vn -0.440945 -0.622047 -0.637795 
vn 0.574803 -0.0393701 0.818898 
vn -0.574803 -0.0393701 0.818898 
vn -0.976378 0.204724 0.0551181 
vn -0.976378 0.204724 0.0551181 
vn -0.976378 0.204724 0.0393701 
vn 0.188976 -0.503937 -0.84252 
vn -0.976378 0.19685 0.0944882 
vn -0.976378 0.19685 0.0944882 
vn -0.976378 0.204724 0.0551181 
vn -0.0708661 -0.992126 -0.110236 
vn 0.0708661 -0.992126 -0.110236 
vn -1 0 0 
vn -1 0 0 
vn -1 0 0 
vn -1 0 0 
vn -1 0 0 
vn -1 0 0 
vn -1 0 0 
vn -1 0 0 
vn -1 0 0 
vn -1 0 0 
vn -1 0 0 
vn -1 0.00787402 0 
vn -1 0.00787402 0 
vn -1 0.015748 0 
vn -1 0.015748 0 
vn -1 0.023622 0 
vn -1 0.023622 0 
vn -1 0.0314961 0 
vn -1 0.0314961 0 
vn -1 0.0314961 0 
vn -1 0.023622 0 
vn -0.212598 -0.976378 0 
vn -0.968504 0.188976 0.149606 
vn -0.968504 0.188976 0.149606 
vn -0.976378 0.19685 0.0944882 
vn -0.905512 -0.204724 0.362205 
vn -0.944882 -0.149606 0.283465 
vn -0.944882 -0.149606 0.283465 
vn -0.968504 -0.0866142 0.23622 
vn -0.944882 -0.149606 0.283465 
vn -0.968504 -0.0866142 0.23622 
vn -0.992126 -0.0708661 -0.0787402 
vn -0.740157 -0.15748 -0.653543 
vn -0.740157 -0.15748 -0.653543 
vn -0.929134 -0.0708661 -0.370079 
vn -0.866142 0.488189 0.102362 
vn -0.590551 0.787402 0.165354 
vn -0.598425 0.80315 0 
vn -0.874016 0.488189 0 
vn -0.866142 0.488189 0.102362 
vn -0.598425 0.80315 0 
vn -0.992126 -0.0314961 0.11811 
vn -0.992126 -0.0314961 0.11811 
vn -0.992126 -0.0787402 0.125984 
vn -0.992126 0 0.11811 
vn -0.968504 0.188976 0.149606 
vn -0.968504 0.188976 0.149606 
vn -0.968504 0.181102 0.173228 
vn -0.984252 -0.11811 0.149606 
vn -0.992126 -0.0787402 0.125984 
vn -0.992126 -0.0787402 0.125984 
vn -0.992126 -0.0314961 0.11811 
vn -0.984252 -0.11811 0.149606 
vn -0.984252 -0.11811 0.149606 
vn -0.992126 -0.0787402 0.125984 
vn -0.590551 -0.811024 0 
vn -0.866142 -0.496063 0 
vn -0.582677 -0.795276 -0.173228 
vn -0.866142 -0.488189 -0.102362 
vn -0.503937 -0.685039 -0.527559 
vn -0.811024 -0.456693 -0.362205 
vn -0.984252 -0.19685 0 
vn -0.866142 -0.488189 -0.102362 
vn -0.976378 -0.19685 -0.0393701 
vn -0.811024 -0.456693 -0.362205 
vn -0.968504 -0.19685 -0.141732 
vn -0.929134 -0.181102 -0.330709 
vn -0.929134 -0.181102 -0.330709 
vn -0.661417 -0.354331 -0.661417 
vn -0.88189 -0.173228 -0.448819 
vn -0.535433 -0.275591 -0.795276 
vn -0.992126 0 0.11811 
vn -0.992126 0 0.11811 
vn -0.992126 -0.0314961 0.11811 
vn 0.0472441 0.795276 0.606299 
vn 0.015748 0.141732 -0.992126 
vn -0.968504 -0.15748 0.188976 
vn -0.984252 -0.11811 0.149606 
vn -0.984252 -0.11811 0.149606 
vn -0.488189 -0.755906 -0.440945 
vn 0.488189 -0.755906 -0.440945 
vn -0.0629921 -1 0 
vn -0.125984 -0.968504 -0.204724 
vn -1 0 0 
vn -1 0 0 
vn -1 0 0 
vn -1 0 0 
vn -1 0 0 
vn -1 0 0 
vn -1 0 0 
vn -1 0 0 
vn -1 0 0 
vn -1 0 0 
vn -1 0 0 
vn -1 0 0 
vn -1 0 0 
vn -1 0.00787402 0 
vn -1 0.00787402 0 
vn -1 0.015748 0 
vn -1 0.015748 0 
vn -1 0.015748 0 
vn -0.905512 -0.204724 0.362205 
vn -0.905512 -0.204724 0.362205 
vn -0.866142 -0.23622 0.448819 
vn -0.944882 -0.149606 0.283465 
vn -1 0.015748 0 
vn -1 0.015748 0 
vn -1 0.015748 0 
vn -0.96063 -0.173228 0.228346 
vn -0.96063 -0.173228 0.228346 
vn -0.937008 -0.204724 0.275591 
vn -0.968504 -0.15748 0.188976 
vn -0.968504 -0.15748 0.188976 
vn -0.984252 -0.11811 0.149606 
vn -0.96063 -0.173228 0.228346 
vn -1 -0.015748 0.0472441 
vn -1 0 0.0551181 
vn -1 -0.015748 0.0472441 
vn -1 -0.0314961 0.0551181 
vn -1 0 0.0551181 
vn -1 0 0.0551181 
vn -1 -0.015748 0.0472441 
vn -1 -0.0314961 0.0551181 
vn -1 -0.0314961 0.0551181 
vn -1 -0.015748 0.0472441 
vn -0.992126 -0.0551181 0.0708661 
vn -0.992126 -0.0551181 0.0708661 
vn -0.992126 -0.0787402 0.102362 
vn -0.992126 -0.0787402 0.102362 
vn -0.984252 -0.0866142 0.125984 
vn -0.984252 -0.0866142 0.125984 
vn -0.984252 -0.0866142 0.125984 
vn -0.984252 -0.0866142 0.125984 
vn -0.984252 -0.110236 0.149606 
vn -0.984252 -0.110236 0.149606 
vn -0.984252 -0.110236 0.149606 
vn -0.976378 -0.133858 0.173228 
vn -0.976378 -0.133858 0.173228 
vn -0.976378 -0.133858 0.181102 
vn -0.866142 -0.23622 0.448819 
vn -0.866142 -0.23622 0.448819 
vn -0.787402 -0.275591 0.551181 
vn -0.905512 -0.204724 0.362205 
vn -0.937008 -0.204724 0.275591 
vn -0.937008 -0.204724 0.275591 
vn -0.92126 -0.23622 0.314961 
vn -0.96063 -0.173228 0.228346 
vn -1 -0.00787402 0.00787402 
vn -1 -0.00787402 0.00787402 
vn -1 -0.015748 0.00787402 
vn -1 0 0.00787402 
vn -1 0 0 
vn -1 0 0 
vn -1 0 0 
vn -1 0 0 
vn -1 0 0 
vn -1 0 0 
vn -1 0 0 
vn -1 0 0 
vn -1 0 0 
vn -1 0 0 
vn -1 0 0 
vn -1 0 0 
vn -1 0 0 
vn -1 0.00787402 0 
vn -1 0 0 
vn -1 0 0 
vn -1 0 0 
vn -1 0 0 
vn -1 0.00787402 0 
vn -1 0.00787402 0 
vn -1 0 0 
vn -1 -0.023622 0.015748 
vn -1 -0.015748 0.00787402 
vn -1 -0.015748 0.00787402 
vn -1 -0.00787402 0.00787402 
vn -1 -0.023622 0.015748 
vn -1 -0.023622 0.015748 
vn -1 -0.015748 0.00787402 
vn -0.937008 -0.204724 0.275591 
vn -0.92126 -0.23622 0.314961 
vn -0.92126 -0.23622 0.314961 
vn -1 0 0.00787402 
vn -1 0 0.00787402 
vn -1 -0.00787402 0.00787402 
vn -1 -0.0314961 0.0314961 
vn -1 -0.023622 0.015748 
vn -1 -0.023622 0.015748 
vn -1 -0.0314961 0.0314961 
vn -1 -0.0314961 0.0314961 
vn -1 -0.0314961 0.0393701 
vn -1 -0.023622 0.015748 
vn -0.795276 0.275591 -0.543307 
vn -0.795276 0.275591 -0.543307 
vn -0.818898 0.275591 -0.511811 
vn -1 -0.0314961 0.0393701 
vn -1 -0.0314961 0.0393701 
vn -1 -0.0393701 0.0551181 
vn -1 -0.0314961 0.0314961 
vn -0.913386 -0.244094 0.330709 
vn -0.92126 -0.23622 0.314961 
vn -0.92126 -0.23622 0.314961 
vn -1 -0.0393701 0.0551181 
vn -1 -0.0393701 0.0551181 
vn -1 -0.0472441 0.0629921 
vn -1 -0.0314961 0.0393701 
vn -0.976378 -0.133858 0.181102 
vn -0.976378 -0.133858 0.181102 
vn -0.976378 -0.133858 0.173228 
vn -0.866142 -0.23622 0.448819 
vn -0.787402 -0.275591 0.551181 
vn -0.787402 -0.275591 0.551181 
vn -1 -0.0472441 0.0708661 
vn -1 -0.0472441 0.0629921 
vn -1 -0.0472441 0.0629921 
vn -1 -0.0393701 0.0551181 
vn -1 -0.0472441 0.0629921 
vn -0.913386 -0.244094 0.330709 
vn -0.913386 -0.244094 0.330709 
vn -0.92126 -0.23622 0.314961 
vn -1 -0.0472441 0.0708661 
vn -1 -0.0472441 0.0708661 
vn -1 -0.0472441 0.0629921 
vn -0.818898 0.275591 -0.511811 
vn -0.858268 0.244094 -0.448819 
vn -0.818898 0.275591 -0.511811 
vn -0.795276 0.275591 -0.543307 
vn -1 -0.0787402 0 
vn -1 -0.0629921 0 
vn -1 -0.0787402 0 
vn -0.787402 -0.275591 0.551181 
vn -0.787402 -0.275591 0.551181 
vn -0.692913 -0.314961 0.645669 
vn -1 0.015748 -0.023622 
vn -1 0.015748 -0.023622 
vn -1 0.023622 -0.015748 
vn -1 0.015748 -0.023622 
vn -1 0.015748 -0.023622 
vn -1 0.015748 -0.023622 
vn -1 0.015748 -0.023622 
vn -1 0.015748 -0.023622 
vn -1 0.015748 -0.023622 
vn -1 0.015748 -0.023622 
vn -1 0.015748 -0.023622 
vn -1 0.015748 -0.023622 
vn -1 0.015748 -0.023622 
vn -1 0.015748 -0.023622 
vn -1 0.015748 -0.023622 
vn -1 0.023622 -0.015748 
vn -1 0.023622 -0.015748 
vn -1 0.023622 -0.015748 
vn -1 0.015748 -0.023622 
vn -1 0.023622 -0.015748 
vn -1 0.023622 -0.015748 
vn -1 0.023622 -0.00787402 
vn -1 0.023622 -0.015748 
vn -1 -0.0629921 0 
vn -1 -0.0629921 0 
vn -1 -0.0787402 0 
vn -1 -0.0314961 0 
vn -1 -0.0314961 0 
vn -1 -0.015748 0 
vn -1 -0.015748 0 
vn -1 -0.00787402 0 
vn -1 -0.00787402 0 
vn -1 0 0 
vn -1 0 0 
vn -1 0 0 
vn -1 0 0 
vn -1 0 0 
vn -1 0.023622 -0.00787402 
vn -1 0.015748 -0.00787402 
vn -1 0.023622 -0.00787402 
vn -1 0.023622 -0.015748 
vn -1 0.015748 -0.00787402 
vn -1 0 0 
vn -1 0 0 
vn -1 0.015748 -0.00787402 
vn -1 0.015748 -0.00787402 
vn -1 0 0 
vn -1 0.023622 -0.00787402 
vn -1 0 0 
vn -1 0 0 
vn -1 0 0 
vn -1 0 0 
vn -0.984252 0.0944882 -0.141732 
vn -0.984252 0.0944882 -0.141732 
vn -0.984252 0.0944882 -0.141732 
vn -0.984252 0.0944882 -0.141732 
vn -0.992126 0.0787402 -0.125984 
vn -0.984252 0.0866142 -0.141732 
vn -0.984252 0.0944882 -0.141732 
vn -0.858268 0.244094 -0.448819 
vn -0.897638 0.212598 -0.385827 
vn -0.858268 0.244094 -0.448819 
vn -0.818898 0.275591 -0.511811 
vn -0.952756 -0.149606 -0.251969 
vn -0.818898 -0.566929 -0.0944882 
vn -0.496063 -0.314961 -0.811024 
vn -0.92126 -0.228346 -0.307087 
vn -0.417323 -0.464567 -0.779528 
vn -0.496063 -0.314961 -0.811024 
vn -0.913386 -0.307087 -0.259843 
vn -0.905512 -0.377953 -0.188976 
vn -0.417323 -0.653543 -0.637795 
vn -0.417323 -0.464567 -0.779528 
vn -0.401575 -0.795276 -0.448819 
vn -0.905512 -0.377953 -0.188976 
vn -0.897638 -0.433071 -0.102362 
vn -0.417323 -0.874016 -0.23622 
vn -0.897638 -0.433071 -0.102362 
vn -0.992126 0.0787402 -0.125984 
vn -0.992126 0.0708661 -0.110236 
vn -0.992126 0.0787402 -0.125984 
vn -0.984252 0.0866142 -0.141732 
vn -0.944882 0.212598 -0.23622 
vn -0.944882 0.212598 -0.23622 
vn -0.952756 0.204724 -0.228346 
vn -0.992126 0.0708661 -0.110236 
vn -0.992126 0.0708661 -0.110236 
vn -0.992126 0.0708661 -0.0944882 
vn -0.992126 0.0787402 -0.125984 
vn -0.952756 0.204724 -0.228346 
vn -0.96063 0.181102 -0.204724 
vn -0.952756 0.204724 -0.228346 
vn -0.944882 0.212598 -0.23622 
vn -0.787402 -0.275591 0.551181 
vn -0.692913 -0.314961 0.645669 
vn -0.692913 -0.314961 0.645669 
vn -0.992126 0.0708661 -0.0944882 
vn -0.992126 0.0629921 -0.0708661 
vn -0.992126 0.0708661 -0.0944882 
vn -0.992126 0.0708661 -0.110236 
vn -0.992126 0.0629921 -0.0708661 
vn -1 0.0472441 -0.0629921 
vn -0.992126 0.0629921 -0.0708661 
vn -0.992126 0.0708661 -0.0944882 
vn -1 0.0472441 -0.0551181 
vn -1 0.0472441 -0.0629921 
vn -1 0.023622 -0.0472441 
vn -0.992126 0.0629921 -0.0708661 
vn -0.96063 0.181102 -0.204724 
vn -0.968504 0.15748 -0.188976 
vn -0.96063 0.181102 -0.204724 
vn -0.952756 0.204724 -0.228346 
vn -1 0.023622 -0.0472441 
vn -1 0 -0.0393701 
vn -1 0 -0.0393701 
vn -1 0.023622 -0.0472441 
vn -1 0.023622 -0.0472441 
vn -1 0 -0.0393701 
vn -1 0.0472441 -0.0551181 
vn -0.897638 0.212598 -0.385827 
vn -0.897638 0.212598 -0.385827 
vn -0.929134 0.19685 -0.322835 
vn -0.858268 0.244094 -0.448819 
vn -0.653543 -0.322835 0.685039 
vn -0.692913 -0.314961 0.645669 
vn -0.692913 -0.314961 0.645669 
vn -1 -0.00787402 0 
vn -1 -0.00787402 0 
vn -1 -0.00787402 0 
vn -1 -0.00787402 0 
vn -1 -0.00787402 0 
vn -1 -0.00787402 0 
vn -1 -0.00787402 0 
vn -1 -0.00787402 0 
vn -1 0 0 
vn -1 0 0 
vn -1 0 0 
vn -1 0 0 
vn -1 0 0 
vn -1 0 0 
vn -1 0 0 
vn -1 0 0 
vn -1 0 0 
vn -1 0 0 
vn -1 0 0 
vn -1 0 0 
vn -1 0 0 
vn -1 0 0 
vn -1 0 0 
vn 0.905512 0.385827 0.188976 
vn -0.401575 0.795276 0.448819 
vn -0.409449 0.88189 0.23622 
vn -0.905512 0.385827 0.188976 
vn -0.913386 0.314961 0.259843 
vn -0.968504 0.15748 -0.188976 
vn -0.968504 0.15748 -0.188976 
vn -0.976378 0.141732 -0.165354 
vn -0.96063 0.181102 -0.204724 
vn 0.889764 0.440945 0.110236 
vn 0.88189 0.464567 0.0787402 
vn -0.88189 0.464567 0.0787402 
vn -0.889764 0.440945 0.110236 
vn -0.409449 0.88189 0.23622 
vn -0.905512 0.385827 0.188976 
vn 0.346457 -0.692913 -0.629921 
vn -0.346457 -0.692913 -0.629921 
vn -0.204724 0.0314961 -0.976378 
vn -0.204724 0.0314961 -0.976378 
vn -0.204724 0.0314961 -0.976378 
vn -0.409449 0.653543 0.637795 
vn -0.401575 0.795276 0.448819 
vn -0.913386 0.314961 0.259843 
vn -0.92126 0.228346 0.314961 
vn -0.417323 0.464567 0.779528 
vn -0.409449 0.653543 0.637795 
vn -0.952756 0.15748 0.259843 
vn -0.488189 0.314961 0.818898 
vn -0.417323 0.464567 0.779528 
vn -0.779528 0.590551 0.19685 
vn 0.88189 0.448819 0.173228 
vn -0.88189 0.448819 0.173228 
vn -0.976378 0.141732 -0.165354 
vn -0.976378 0.141732 -0.165354 
vn -0.984252 0.110236 -0.141732 
vn -0.968504 0.15748 -0.188976 
vn -0.653543 -0.322835 0.685039 
vn 0.653543 -0.322835 0.685039 
vn -0.929134 0.19685 -0.322835 
vn -0.929134 0.19685 -0.322835 
vn -0.952756 0.15748 -0.267717 
vn -0.897638 0.212598 -0.385827 
vn -0.984252 0.110236 -0.141732 
vn -0.984252 0.110236 -0.141732 
vn -0.992126 0.0866142 -0.125984 
vn -0.976378 0.141732 -0.165354 
vn -0.992126 0.0866142 -0.125984 
vn -0.992126 0.0314961 -0.110236 
vn -0.992126 0.0866142 -0.125984 
vn -0.984252 0.110236 -0.141732 
vn -0.992126 0.0314961 -0.110236 
vn -0.992126 -0.00787402 -0.102362 
vn -0.992126 -0.00787402 -0.102362 
vn -0.992126 0.0314961 -0.110236 
vn -0.992126 0.0314961 -0.110236 
vn -0.992126 -0.00787402 -0.102362 
vn -0.992126 0.0866142 -0.125984 
vn -0.952756 0.15748 -0.267717 
vn -0.952756 0.15748 -0.267717 
vn -0.96063 0.11811 -0.23622 
vn -0.929134 0.19685 -0.322835 
vn -0.96063 0.11811 -0.23622 
vn -0.976378 0.0472441 -0.212598 
vn -0.96063 0.11811 -0.23622 
vn -0.952756 0.15748 -0.267717 
vn -1 -0.023622 0 
vn -1 -0.015748 0 
vn -1 -0.023622 0 
vn 0.866142 0.417323 0.267717 
vn -0.866142 0.417323 0.267717 
vn -1 -0.015748 0 
vn -1 -0.015748 0 
vn -1 -0.023622 0 
vn -1 -0.00787402 0 
vn -1 -0.00787402 0 
vn -1 0 0 
vn -1 0 0 
vn -1 0 0 
vn -1 0 0 
vn -1 0 0 
vn -1 0 0 
vn -1 0 0 
vn -1 0 0 
vn -1 0 0 
vn -1 0 0 
vn -1 0 0 
vn -1 0 0 
vn -1 0 0 
vn -0.976378 0.0472441 -0.212598 
vn -0.976378 0.0472441 -0.212598 
vn -0.976378 -0.015748 -0.204724 
vn -0.96063 0.11811 -0.23622 
vn -0.976378 0.0472441 -0.212598 
vn -0.976378 -0.015748 -0.204724 
vn -0.976378 -0.015748 -0.204724 
vn -0.968504 -0.181102 -0.173228 
vn -0.968504 -0.181102 -0.173228 
vn -0.968504 -0.188976 -0.149606 
vn -0.133858 0.992126 -0.0629921 
vn -0.92126 0.385827 -0.0944882 
vn -0.92126 0.385827 -0.0944882 
vn -0.992126 0.015748 0.141732 
vn -0.976378 -0.19685 -0.102362 
vn -0.976378 -0.19685 -0.102362 
vn -0.968504 -0.188976 -0.149606 
vn -0.488189 -0.440945 -0.755906 
vn -0.488189 -0.440945 -0.755906 
vn -0.346457 -0.692913 -0.629921 
vn 0.133858 -0.905512 -0.409449 
vn 0.0866142 -0.984252 -0.15748 
vn -0.0866142 -0.984252 -0.15748 
vn -0.0866142 -0.976378 -0.212598 
vn -1 -0.0314961 0 
vn -1 -0.023622 0 
vn -1 -0.0314961 0 
vn -0.976378 -0.204724 -0.0551181 
vn -0.976378 -0.204724 -0.0551181 
vn -0.976378 -0.19685 -0.102362 
vn -1 -0.023622 0 
vn -1 -0.023622 0 
vn -1 -0.0314961 0 
vn -1 -0.015748 0 
vn -1 -0.015748 0 
vn -1 -0.00787402 0 
vn -1 -0.00787402 0 
vn -1 0 0 
vn -1 0 0 
vn -1 0 0 
vn -1 0 0 
vn -1 0 0 
vn -1 0 0 
vn -1 0 0 
vn -1 0 0 
vn -1 0 0 
vn -1 0 0 
vn -1 0 0 
vn -0.976378 -0.204724 -0.0472441 
vn -0.976378 -0.204724 -0.0472441 
vn -0.976378 -0.204724 -0.0551181 
vn 0.818898 0.362205 0.448819 
vn 0.637795 0.299213 0.708661 
vn -0.818898 0.362205 0.448819 
vn -0.440945 0.622047 0.645669 
vn -0.637795 0.299213 0.708661 
vn -0.866142 0.417323 0.267717 
vn -0.976378 -0.204724 -0.0551181 
vn -0.976378 -0.204724 -0.0472441 
vn -0.976378 -0.204724 -0.0551181 
vn -0.976378 -0.19685 -0.102362 
vn -0.976378 -0.19685 -0.102362 
vn -0.968504 -0.188976 -0.149606 
vn -0.968504 -0.188976 -0.149606 
vn -0.968504 -0.181102 -0.173228 
vn 0.102362 -0.700787 -0.708661 
vn 0.0944882 -0.440945 -0.889764 
vn -0.0944882 -0.448819 -0.889764 
vn -0.102362 -0.700787 -0.708661 
vn -0.88189 -0.19685 0.433071 
vn -0.88189 -0.19685 0.433071 
vn -0.653543 -0.212598 0.724409 
vn -0.653543 -0.212598 0.724409 
vn -0.88189 -0.19685 0.433071 
vn -0.653543 -0.212598 0.724409 
vn -0.992126 -0.0944882 -0.0472441 
vn -0.984252 -0.0944882 -0.133858 
vn -0.968504 -0.19685 -0.141732 
vn -0.992126 -0.0944882 -0.015748 
vn -0.976378 -0.19685 -0.0393701 
vn -0.992126 -0.0866142 0 
vn -0.984252 -0.19685 0 
vn 0.992126 -0.0866142 0 
vn -0.984252 -0.0944882 -0.133858 
vn -0.976378 -0.102362 -0.19685 
vn -0.88189 -0.173228 -0.448819 
vn -0.992126 -0.0944882 -0.015748 
vn -0.976378 -0.19685 -0.0393701 
vn -0.984252 -0.19685 0 
vn -0.811024 0.574803 0.102362 
vn -0.779528 0.590551 0.19685 
vn -0.952756 0.15748 0.259843 
vn -0.88189 -0.19685 0.433071 
vn -0.952756 -0.181102 0.251969 
vn -0.952756 -0.181102 0.251969 
vn -0.88189 -0.19685 0.433071 
vn -0.88189 -0.19685 0.433071 
vn -0.952756 -0.181102 0.251969 
vn -0.992126 -0.0944882 -0.0472441 
vn -0.968504 -0.19685 -0.141732 
vn -0.976378 -0.19685 -0.0393701 
vn -0.92126 0.228346 0.314961 
vn -0.992126 0.0787402 0.0472441 
vn -1 0.0708661 0.0393701 
vn -0.913386 0.314961 0.259843 
vn -0.913386 0.314961 0.259843 
vn -0.992126 0.0944882 0.0393701 
vn -0.992126 0.0787402 0.0472441 
vn -0.905512 0.385827 0.188976 
vn -1 0.0708661 0.0393701 
vn -0.480315 0.874016 0 
vn -0.952756 0.15748 0.259843 
vn -0.92126 0.228346 0.314961 
vn -0.905512 0.385827 0.188976 
vn -0.889764 0.440945 0.110236 
vn -0.992126 0.102362 0.0314961 
vn -0.992126 0.0944882 0.0393701 
vn -0.992126 0.110236 0.023622 
vn -0.992126 0.110236 0.023622 
vn -0.889764 0.440945 0.110236 
vn -0.992126 0.102362 0.0314961 
vn -0.88189 0.464567 0.0787402 
vn -0.88189 0.448819 0.173228 
vn -0.992126 0.110236 0.023622 
vn -0.889764 0.440945 0.110236 
vn -0.88189 0.448819 0.173228 
vn -0.866142 0.417323 0.267717 
vn -0.992126 0.11811 0.0629921 
vn -0.992126 0.110236 0.023622 
vn -0.866142 0.417323 0.267717 
vn -0.818898 0.362205 0.448819 
vn -0.984252 0.11811 0.110236 
vn -0.992126 0.11811 0.0629921 
vn -0.480315 0.874016 0 
vn -0.811024 0.574803 0.102362 
vn -0.952756 0.15748 0.259843 
vn -0.984252 -0.0944882 -0.133858 
vn -0.929134 -0.181102 -0.330709 
vn -0.968504 -0.19685 -0.141732 
vn -0.700787 0.173228 0.692913 
vn -0.96063 0.133858 0.251969 
vn -0.818898 0.362205 0.448819 
vn -0.984252 0.11811 0.110236 
vn -0.700787 0.173228 0.692913 
vn -0.637795 0.299213 0.708661 
vn -0.818898 0.362205 0.448819 
vn -0.929134 -0.181102 -0.330709 
vn -0.984252 -0.0944882 -0.133858 
vn -0.88189 -0.173228 -0.448819 
vn 0.0866142 0.771654 -0.629921 
vn 0.0314961 0.779528 -0.629921 
vn 0.0314961 0.779528 -0.629921 
vn -0.0314961 0.779528 -0.629921 
vn 0.0866142 0.771654 -0.629921 
vn 0.0866142 0.771654 -0.629921 
vn 0.0314961 0.779528 -0.629921 
vn 0.173228 0.755906 -0.629921 
vn 0.283465 0.732283 -0.622047 
vn 0.173228 0.755906 -0.629921 
vn 0.0866142 0.771654 -0.629921 
vn 0.283465 0.732283 -0.622047 
vn 0.283465 0.732283 -0.622047 
vn 0.417323 0.700787 -0.574803 
vn -0.283465 0.732283 -0.622047 
vn -0.417323 0.700787 -0.574803 
vn -0.283465 0.732283 -0.622047 
vn -0.173228 0.755906 -0.629921 
vn -0.173228 0.755906 -0.629921 
vn -0.0866142 0.771654 -0.629921 
vn -0.283465 0.732283 -0.622047 
vn -0.0866142 0.771654 -0.629921 
vn -0.0866142 0.771654 -0.629921 
vn -0.0314961 0.779528 -0.629921 
vn -0.0314961 0.779528 -0.629921 
vn -0.0314961 0.779528 -0.629921 
vn 0.0314961 0.779528 -0.629921 
vn -0.0866142 0.771654 -0.629921 
vn 0.417323 0.700787 -0.574803 
vn 0.417323 0.700787 -0.574803 
vn 0.283465 0.732283 -0.622047 
vn 0.566929 0.661417 -0.488189 
vn -0.417323 0.700787 -0.574803 
vn -0.566929 0.661417 -0.488189 
vn -0.417323 0.700787 -0.574803 
vn -0.283465 0.732283 -0.622047 
vn 0.566929 0.661417 -0.488189 
vn 0.566929 0.661417 -0.488189 
vn 0.417323 0.700787 -0.574803 
vn 0.771654 0.559055 -0.314961 
vn -0.566929 0.661417 -0.488189 
vn -0.771654 0.559055 -0.314961 
vn -0.566929 0.661417 -0.488189 
vn -0.417323 0.700787 -0.574803 
vn 0.771654 0.559055 -0.314961 
vn 0.771654 0.559055 -0.314961 
vn 0.566929 0.661417 -0.488189 
vn -0.771654 0.559055 -0.314961 
vn -0.771654 0.559055 -0.314961 
vn -0.566929 0.661417 -0.488189 
vn 0.952756 0.23622 0.173228 
vn -0.952756 0.23622 0.173228 
vn 0.913386 0.299213 0.275591 
vn -0.913386 0.299213 0.275591 
vn 0.913386 0.401575 0.0787402 
vn 0.905512 0.409449 0.11811 
vn -0.905512 0.409449 0.11811 
vn -0.913386 0.401575 0.0787402 
vn 0.929134 0.362205 0.11811 
vn -0.929134 0.362205 0.11811 
vn 0.929134 0.362205 0.11811 
vn -0.929134 0.362205 0.11811 
vn 0.929134 0.322835 0.15748 
vn -0.929134 0.322835 0.15748 
vn -0.511811 0.677165 0.527559 
vn 0.952756 0.23622 0.173228 
vn -0.818898 0.448819 0.354331 
vn 0.818898 0.448819 0.354331 
vn 0.511811 0.677165 0.527559 
vn 0.818898 -0.362205 -0.448819 
vn -0.795276 -0.582677 -0.181102 
vn -0.724409 -0.685039 0 
vn 0.724409 -0.685039 0 
vn 0.795276 -0.582677 -0.181102 
vn 0.874016 -0.417323 -0.267717 
vn 0.88189 -0.440945 -0.173228 
vn -0.929134 -0.0708661 -0.370079 
vn 0.511811 -0.275591 -0.811024 
vn 0.905512 -0.377953 -0.188976 
vn 0 0.795276 0.606299 
vn 0 0.976378 0.204724 
vn 0 0.976378 0.204724 
vn 0 1 0 
vn 0 0.795276 0.606299 
vn 1 0.0708661 0.00787402 
vn 0 0 1 
vn 0 0 1 
vn 0 0 1 
vn 0 0 1 
vn -1 0.0708661 0.00787402 
vn 0 0 1 
vn 0 0 1 
vn -0.866142 0.488189 0.102362 
vn 0.866142 0.488189 0.102362 
vn 0.653543 0.204724 -0.724409 
vn -0.653543 0.204724 -0.724409 
vn 0.992126 0.015748 0.141732 
vn 0.92126 0.385827 -0.0944882 
vn -0.92126 0.385827 -0.0944882 
vn 0.102362 0.787402 0.606299 
vn -0.102362 0.787402 0.606299 
vn -0.19685 -0.622047 -0.755906 
vn 0.212598 -0.409449 -0.88189 
vn 0.19685 -0.622047 -0.755906 
vn -0.102362 -0.401575 -0.905512 
vn 0.102362 -0.401575 -0.905512 
vn -0.15748 -0.787402 -0.590551 
vn -0.149606 -0.787402 -0.590551 
vn 0.15748 -0.787402 -0.590551 
vn 0.149606 -0.787402 -0.590551 
vn 0.110236 -0.795276 -0.598425 
vn 0.338583 0.188976 -0.92126 
vn -0.338583 0.188976 -0.92126 
vn -0.023622 -0.80315 -0.598425 
vn -0.0314961 -0.629921 -0.779528 
vn -0.0629921 -0.409449 -0.913386 
vn 0.0314961 -0.629921 -0.779528 
vn 0.023622 -0.80315 -0.598425 
vn 0 -0.80315 -0.598425 
vn -0.0708661 -0.795276 -0.598425 
vn 0.0708661 -0.795276 -0.598425 
vn 0 0.795276 0.606299 
vn 0 0.976378 0.204724 
vn 0 0.795276 0.606299 
vn 0 0.795276 0.606299 
vn 0 0.795276 0.606299 
vn 0 0.976378 0.204724 
vn -0.0472441 0.795276 0.606299 
vn -0.0629921 0.976378 0.204724 
vn -0.511811 0.677165 0.527559 
vn -0.11811 0.787402 0.606299 
vn -0.590551 0.787402 0.165354 
vn 0.511811 0.677165 0.527559 
vn 0.11811 0.787402 0.606299 
vn 0.590551 0.787402 0.165354 
vn 0.0866142 -0.92126 -0.385827 
vn 0.409449 0.88189 0.23622 
vn 0.464567 0.874016 0.15748 
vn 0.110236 0.952756 0.275591 
vn 0.401575 0.795276 0.448819 
vn 0.023622 0.858268 0.503937 
vn 0.401575 0.795276 0.448819 
vn 0.409449 0.653543 0.637795 
vn 0.015748 0.692913 0.716535 
vn 0.409449 0.653543 0.637795 
vn -0.464567 0.874016 0.15748 
vn -0.409449 0.88189 0.23622 
vn -0.110236 0.952756 0.275591 
vn -0.401575 0.795276 0.448819 
vn -0.023622 0.858268 0.503937 
vn -0.401575 0.795276 0.448819 
vn -0.409449 0.653543 0.637795 
vn -0.015748 0.692913 0.716535 
vn -0.409449 0.653543 0.637795 
vn -0.976378 0.204724 0.0551181 
vn -0.0314961 -0.92126 -0.385827 
vn -0.0472441 -0.92126 -0.377953 
vn 0.0314961 -0.92126 -0.385827 
vn -0.023622 -0.976378 -0.204724 
vn 0.023622 -0.976378 -0.204724 
vn -0.0708661 -0.992126 -0.110236 
vn 0.0708661 -0.992126 -0.110236 
vn 0.0472441 -0.976378 -0.212598 
vn 0.0708661 0.149606 -0.984252 
vn -1 0 0 
vn -1 0 0 
vn -1 0 0 
vn 1 0 0 
vn 1 0 0 
vn -1 0 0 
vn -1 0 0 
vn -1 0.00787402 0 
vn -1 0.015748 0 
vn -1 0.023622 0 
vn 1 0.023622 0 
vn 1 0.015748 0 
vn 1 0.00787402 0 
vn 1 0.00787402 0 
vn 1 0 0 
vn 1 0 0 
vn 1 0 0 
vn -1 0.0314961 0 
vn 1 0.0314961 0 
vn -0.11811 0.787402 0.606299 
vn -0.15748 0.968504 0.204724 
vn -0.590551 0.787402 0.165354 
vn 0.15748 0.968504 0.204724 
vn 0.11811 0.787402 0.606299 
vn 0.590551 0.787402 0.165354 
vn -0.0629921 -1 -0.00787402 
vn -0.0629921 -1 0 
vn -0.0629921 -1 0.00787402 
vn -0.291339 -0.96063 0.00787402 
vn -0.307087 -0.952756 0.00787402 
vn -0.456693 -0.889764 0.015748 
vn -0.401575 -0.913386 0.023622 
vn -0.267717 -0.96063 0.00787402 
vn -0.23622 -0.976378 0.00787402 
vn -0.212598 -0.976378 0 
vn 0 -1 0 
vn 0 -1 -0.00787402 
vn 0.0629921 -1 0 
vn 0.0629921 -1 0.00787402 
vn 0 -1 -0.00787402 
vn 0.456693 -0.889764 0.015748 
vn 0.291339 -0.96063 0.00787402 
vn 0.440945 -0.897638 0.015748 
vn 0.401575 -0.913386 0.023622 
vn 0.330709 -0.944882 0.023622 
vn 0.0629921 -1 0.00787402 
vn 0.464567 -0.88189 0.00787402 
vn -0.141732 -0.968504 -0.204724 
vn 0.015748 0.141732 -0.992126 
vn 0.0472441 0.795276 0.606299 
vn 0 0.795276 0.606299 
vn 0.0629921 0.976378 0.204724 
vn 0 0.795276 0.606299 
vn 0 0.976378 0.204724 
vn 0 0.795276 0.606299 
vn 0 0.976378 0.204724 
vn 0 0.795276 0.606299 
vn 0 0.795276 0.606299 
vn 0 0.976378 0.204724 
vn 0 0.976378 0.204724 
vn 0 1 0 
vn 0 0.795276 0.606299 
vn 0 0.976378 0.204724 
vn 0 1 0 
vn 0 1 0 
vn 0 -1 0 
vn 0 -1 0.00787402 
vn 0 -1 0.00787402 
vn 0.015748 0.141732 -0.992126 
vn -0.0629921 -1 0 
vn -0.0629921 -1 0.00787402 
vn 0 -1 0.00787402 
vn -0.307087 -0.952756 0.00787402 
vn -0.125984 -0.968504 -0.204724 
vn 0.141732 -0.968504 -0.204724 
vn 1 0 0 
vn 1 0 0 
vn -1 0 0 
vn -1 0 0 
vn 1 0.015748 0 
vn 1 0.00787402 0 
vn 1 0 0 
vn 1 0 0 
vn 1 0 0 
vn -1 0 0 
vn -1 0 0 
vn -1 0 0 
vn -1 0.00787402 0 
vn -1 0.015748 0 
vn -1 0.015748 0 
vn 0 -0.976378 -0.204724 
vn 0 -0.976378 -0.204724 
vn 0 -1 0.00787402 
vn 0 -1 0 
vn 0 -0.976378 -0.204724 
vn 0 -1 0.00787402 
vn 0 -1 0 
vn 0 -0.976378 -0.204724 
vn 0 -1 -0.00787402 
vn 0 -1 -0.00787402 
vn 0 -1 -0.00787402 
vn 0 -1 0.00787402 
vn 0 -1 0.00787402 
vn 0 -1 0.00787402 
vn 0 -1 0 
vn 0 -1 -0.00787402 
vn -0.00787402 -0.92126 -0.385827 
vn 0 -0.92126 -0.385827 
vn 0 -0.92126 -0.385827 
vn 0 -0.976378 -0.204724 
vn 0 -0.976378 -0.204724 
vn 0.133858 0.992126 -0.0629921 
vn 0.622047 0.779528 -0.0787402 
vn 0.92126 0.385827 -0.0944882 
vn 0.0629921 1 -0.0472441 
vn 0.0629921 1 -0.0472441 
vn 0.543307 0.84252 -0.0551181 
vn 0.015748 1 -0.023622 
vn -0.0629921 1 -0.0472441 
vn -0.133858 0.992126 -0.0629921 
vn -0.622047 0.779528 -0.0787402 
vn -0.92126 0.385827 -0.0944882 
vn -0.543307 0.84252 -0.0551181 
vn -0.015748 1 -0.023622 
vn -0.15748 0.968504 0.204724 
vn -0.11811 0.787402 0.606299 
vn 0.102362 0.787402 0.606299 
vn 0.11811 0.787402 0.606299 
vn 0.15748 0.968504 0.204724 
vn -0.102362 0.787402 0.606299 
vn 0.0472441 0.795276 0.606299 
vn 0.102362 0.787402 0.606299 
vn 0.0629921 0.976378 0.204724 
vn -0.0472441 0.795276 0.606299 
vn -0.102362 0.787402 0.606299 
vn -0.0629921 0.976378 0.204724 
vn 0 -0.976378 -0.204724 
vn 0 -0.976378 -0.204724 
vn 0 -0.976378 -0.204724 
vn 0 -0.976378 -0.204724 
vn -0.417323 -0.874016 -0.23622 
vn 0.417323 -0.874016 -0.23622 
vn 0.015748 1 -0.023622 
vn 0.480315 0.88189 -0.0314961 
vn 0.543307 0.84252 -0.0551181 
vn -0.023622 1 -0.015748 
vn 0.023622 1 -0.015748 
vn -0.015748 1 -0.023622 
vn -0.480315 0.88189 -0.0314961 
vn -0.543307 0.84252 -0.0551181 
vn 0.464567 0.874016 0.15748 
vn 0.488189 0.818898 0.291339 
vn 0.322835 0.889764 0.322835 
vn 0.307087 0.818898 0.480315 
vn 0.251969 0.952756 0.181102 
vn 0.322835 0.889764 0.322835 
vn 0.110236 0.952756 0.275591 
vn 0.480315 0.755906 0.448819 
vn 0.307087 0.818898 0.480315 
vn 0.440945 0.622047 0.645669 
vn -0.251969 0.952756 0.181102 
vn -0.464567 0.874016 0.15748 
vn -0.110236 0.952756 0.275591 
vn -0.322835 0.889764 0.322835 
vn -0.488189 0.818898 0.291339 
vn -0.322835 0.889764 0.322835 
vn -0.307087 0.818898 0.480315 
vn -0.480315 0.755906 0.448819 
vn -0.307087 0.818898 0.480315 
vn -0.440945 0.622047 0.645669 
vn 0 0.795276 0.606299 
vn 0 0.795276 0.606299 
vn 0 0.976378 0.204724 
vn 0 0.976378 0.204724 
vn 0 1 0 
vn 0 1 0 
vn -0.110236 0.905512 -0.409449 
vn -0.110236 0.905512 -0.409449 
vn -0.110236 0.905512 -0.409449 
vn 0.110236 0.905512 -0.409449 
vn 0.110236 0.905512 -0.409449 
vn 0.110236 0.905512 -0.409449 
vn -0.110236 0.905512 -0.409449 
vn -0.110236 0.905512 -0.409449 
vn -0.110236 0.905512 -0.409449 
vn 0.110236 0.905512 -0.409449 
vn 0.110236 0.905512 -0.409449 
vn 0.110236 0.905512 -0.409449 
vn -0.0629921 0.905512 -0.425197 
vn -0.0629921 0.905512 -0.425197 
vn -0.0629921 0.905512 -0.425197 
vn -0.023622 1 -0.015748 
vn 0.425197 0.905512 -0.015748 
vn 0.480315 0.88189 -0.0314961 
vn -0.480315 0.874016 0 
vn 0.023622 1 -0.015748 
vn -0.425197 0.905512 -0.015748 
vn 0.480315 0.874016 0 
vn -0.480315 0.88189 -0.0314961 
vn 0.0629921 0.905512 -0.425197 
vn 0.0629921 0.905512 -0.425197 
vn 0.0629921 0.905512 -0.425197 
vn -0.0629921 0.905512 -0.425197 
vn -0.0629921 0.905512 -0.425197 
vn -0.0629921 0.905512 -0.425197 
vn 0.0629921 0.905512 -0.425197 
vn 0.0629921 0.905512 -0.425197 
vn 0.0629921 0.905512 -0.425197 
vn -0.023622 0.905512 -0.433071 
vn -0.023622 0.905512 -0.433071 
vn -0.023622 0.905512 -0.433071 
vn -0.023622 0.905512 -0.433071 
vn -0.023622 0.905512 -0.433071 
vn -0.023622 0.905512 -0.433071 
vn 0.023622 0.905512 -0.433071 
vn 0.023622 0.905512 -0.433071 
vn 0.023622 0.905512 -0.433071 
vn 0.023622 0.905512 -0.433071 
vn 0.023622 0.905512 -0.433071 
vn 0.023622 0.905512 -0.433071 
vn 1 0 0 
vn 1 0 0 
vn 1 0 0 
vn 1 0 0 
vn 1 0 0 
vn 1 0 0 
vn -1 0 0 
vn -1 0 0 
vn -1 0 0 
vn -1 0 0 
vn 1 0.00787402 0 
vn -1 0.00787402 0 
vn 0 0.905512 -0.433071 
vn 0 0.905512 -0.433071 
vn 0 0.905512 -0.433071 
vn 0 0.905512 -0.433071 
vn 0.393701 0.92126 -0.00787402 
vn 0.425197 0.905512 -0.015748 
vn -0.480315 0.874016 0 
vn -0.425197 0.905512 -0.015748 
vn -0.393701 0.92126 -0.00787402 
vn 0.480315 0.874016 0 
vn -0.598425 0.80315 0 
vn -0.590551 0.787402 0.165354 
vn -0.15748 0.984252 0 
vn 0.590551 0.787402 0.165354 
vn 0.598425 0.80315 0 
vn 0.15748 0.984252 0 
vn -0.590551 0.787402 0.165354 
vn -0.15748 0.968504 0.204724 
vn -0.15748 0.984252 0 
vn 0.15748 0.968504 0.204724 
vn 0.590551 0.787402 0.165354 
vn 0.15748 0.984252 0 
vn 1 -0.0314961 0 
vn 1 -0.015748 0 
vn -1 -0.00787402 0 
vn -1 0 0 
vn -1 0 0 
vn 1 0 0 
vn 1 0 0 
vn 0.905512 0.385827 0.188976 
vn 0.889764 0.440945 0.110236 
vn 0.88189 0.464567 0.0787402 
vn 0.409449 0.88189 0.23622 
vn -0.88189 0.464567 0.0787402 
vn -0.889764 0.440945 0.110236 
vn -0.409449 0.88189 0.23622 
vn -0.15748 0.984252 0 
vn -0.15748 0.968504 0.204724 
vn 0.11811 0.968504 0.204724 
vn 0.102362 0.787402 0.606299 
vn 0.15748 0.968504 0.204724 
vn -0.11811 0.968504 0.204724 
vn -0.102362 0.787402 0.606299 
vn 0.15748 0.984252 0 
vn 0.88189 0.464567 0.0787402 
vn 0.464567 0.874016 0.15748 
vn 0.409449 0.88189 0.23622 
vn 0.488189 0.818898 0.291339 
vn 0.88189 0.448819 0.173228 
vn 0.480315 0.755906 0.448819 
vn 0.88189 0.464567 0.0787402 
vn 0.283465 0.677165 0.677165 
vn 0.307087 0.818898 0.480315 
vn 0.440945 0.622047 0.645669 
vn -0.88189 0.448819 0.173228 
vn -0.88189 0.464567 0.0787402 
vn -0.488189 0.818898 0.291339 
vn -0.480315 0.755906 0.448819 
vn -0.88189 0.464567 0.0787402 
vn -0.464567 0.874016 0.15748 
vn -0.409449 0.88189 0.23622 
vn -0.307087 0.818898 0.480315 
vn -0.283465 0.677165 0.677165 
vn -0.440945 0.622047 0.645669 
vn -0.0629921 1 0 
vn -0.0629921 1 0 
vn 0 1 0 
vn -0.0629921 0.976378 0.204724 
vn -0.102362 0.787402 0.606299 
vn -0.11811 0.968504 0.204724 
vn -0.11811 0.968504 0.204724 
vn -0.0629921 1 0 
vn 0 1 0 
vn 0 0.976378 0.204724 
vn 0 1 0 
vn 0 1 0 
vn 0 1 0 
vn 0 1 0 
vn 0 1 0 
vn 0 1 -0.00787402 
vn 0 1 0 
vn 0 1 0 
vn 0 0.976378 0.204724 
vn 0 0.976378 0.204724 
vn 0 1 0 
vn 0 1 0 
vn 0 0.976378 0.204724 
vn 0 0.795276 0.606299 
vn 0 0.976378 0.204724 
vn 0 1 0 
vn 0 1 0 
vn 0 1 -0.00787402 
vn 0 1 -0.00787402 
vn 0 1 -0.00787402 
vn 0 1 0 
vn -0.0629921 0.976378 0.204724 
vn 0 0.976378 0.204724 
vn 0 0.795276 0.606299 
vn 0 0.976378 0.204724 
vn 0.0629921 0.976378 0.204724 
vn 0 0.795276 0.606299 
vn 0 1 0 
vn 0 0.976378 0.204724 
vn 0 1 0 
vn 0 0.795276 0.606299 
vn 0 0.976378 0.204724 
vn 0 1 0 
vn 0 1 0 
vn 0 1 0 
vn 0 1 0 
vn 0 0.976378 0.204724 
vn 0 1 0 
vn 0 1 0 
vn 0 1 0 
vn 0 1 0 
vn 0 1 -0.00787402 
vn 0 1 -0.00787402 
vn 0 1 -0.00787402 
vn 0 1 -0.00787402 
vn 0 1 -0.00787402 
vn 0 1 0 
vn 0 1 0 
vn 0 1 -0.00787402 
vn 0 1 0 
vn 0 1 0 
vn 0 0.976378 0.204724 
vn 0 0.976378 0.204724 
vn 0 1 0 
vn 0 1 0 
vn 0 1 0 
vn 0 1 0 
vn 0 1 -0.00787402 
vn 0 1 0 
vn 0 1 -0.00787402 
vn 0 1 -0.00787402 
vn 0 1 -0.00787402 
vn 0 1 -0.00787402 
vn 0 1 -0.00787402 
vn 0 1 -0.00787402 
vn 0 1 -0.00787402 
vn 0 1 -0.00787402 
vn 0 1 -0.00787402 
vn 0 1 0 
vn 0 1 -0.00787402 
vn 0 1 0 
vn 0 1 -0.00787402 
vn 0 1 0 
vn 0 1 0 
vn 0 1 0 
vn 0 1 0 
vn 0 1 0.00787402 
vn 0 1 0 
vn 0 1 0.00787402 
vn 0 1 0 
vn 0 1 0.00787402 
vn 0 1 0.00787402 
vn 0 0.976378 0.204724 
vn 0 0.976378 0.204724 
vn -0.00787402 0.976378 0.204724 
vn 0.00787402 0.976378 0.204724 
vn 0 0.92126 0.377953 
vn 0 0.92126 0.377953 
vn -0.00787402 0.92126 0.377953 
vn -0.015748 0.80315 0.598425 
vn 0 0.80315 0.598425 
vn -0.023622 0.80315 0.598425 
vn 0 0.80315 0.598425 
vn 0.015748 0.80315 0.598425 
vn 0.00787402 0.92126 0.377953 
vn 0.00787402 0.92126 0.377953 
vn 0.023622 0.80315 0.598425 
vn 0.015748 0.92126 0.377953 
vn 0.0551181 0.80315 0.598425 
vn 0.015748 0.92126 0.377953 
vn 0.00787402 0.976378 0.204724 
vn 0.015748 0.976378 0.204724 
vn 0.0314961 0.92126 0.377953 
vn 0.0551181 0.80315 0.598425 
vn 0 1 0.00787402 
vn 0 1 0.00787402 
vn 0.015748 0.976378 0.204724 
vn 0 1 0 
vn 0 1 0 
vn 0 1 0 
vn 0 1 0 
vn 0 1 -0.00787402 
vn 0 1 -0.00787402 
vn 0 1 -0.00787402 
vn 0 1 -0.00787402 
vn 0 1 -0.00787402 
vn 0 1 -0.00787402 
vn 0 1 0 
vn 0.0472441 0.92126 0.377953 
vn 0.023622 0.976378 0.204724 
vn 0.0472441 0.92126 0.377953 
vn 0.0708661 0.80315 0.598425 
vn 0.0393701 0.976378 0.204724 
vn 0 1 0.00787402 
vn 0 1 0.00787402 
vn 0 1 0.00787402 
vn 0 1 0.00787402 
vn 0 1 0 
vn 0 1 0 
vn 0 1 -0.00787402 
vn 0 1 -0.00787402 
vn 0 1 -0.00787402 
vn 0.0708661 0.92126 0.377953 
vn 0.110236 0.795276 0.598425 
vn 0.0708661 0.80315 0.598425 
vn 0.0551181 0.80315 0.598425 
vn 0.0314961 0.92126 0.377953 
vn 0.110236 0.795276 0.598425 
vn 0.133858 0.795276 0.590551 
vn 0.0787402 0.92126 0.377953 
vn 0.0393701 0.976378 0.204724 
vn 0.0787402 0.92126 0.377953 
vn 0.0629921 0.952756 0.307087 
vn 0.0393701 0.952756 0.307087 
vn 0.0787402 0.92126 0.377953 
vn 0.0551181 0.92126 0.385827 
vn 0.102362 0.795276 0.598425 
vn 0.133858 0.795276 0.590551 
vn 0 1 0 
vn 0 1 0 
vn 0 1 0 
vn 0 1 0 
vn 0 1 0 
vn 0 1 0 
vn -0.00787402 0.976378 0.204724 
vn 0 1 0.00787402 
vn 0 1 0.00787402 
vn -0.023622 0.976378 0.204724 
vn -0.0472441 0.92126 0.377953 
vn -0.015748 0.976378 0.204724 
vn 0 1 0 
vn -0.0393701 0.976378 0.204724 
vn 0 1 0 
vn 0 1 0 
vn 0 1 0 
vn 0 1 -0.00787402 
vn 0 1 -0.00787402 
vn 0 1 -0.00787402 
vn 0 1 -0.00787402 
vn 0 1 -0.00787402 
vn 0 1 -0.00787402 
vn 0 1 0.00787402 
vn 0 1 0.00787402 
vn 0 1 0.00787402 
vn -0.0393701 0.976378 0.204724 
vn -0.0629921 0.952756 0.307087 
vn -0.0787402 0.92126 0.377953 
vn -0.0708661 0.92126 0.377953 
vn -0.0787402 0.92126 0.377953 
vn -0.0393701 0.976378 0.204724 
vn -0.133858 0.795276 0.590551 
vn -0.0629921 0.952756 0.307087 
vn -0.0393701 0.952756 0.307087 
vn -0.0551181 0.92126 0.385827 
vn -0.102362 0.795276 0.598425 
vn -0.133858 0.795276 0.590551 
vn 0 1 -0.00787402 
vn 0 1 -0.00787402 
vn 0 1 -0.00787402 
vn 0 1 -0.00787402 
vn 0 1 -0.00787402 
vn 0 1 0 
vn 0 1 0 
vn 0 1 0.00787402 
vn 0 1 0.00787402 
vn 0 1 0.00787402 
vn 0.88189 0.448819 0.173228 
vn 0.866142 0.417323 0.267717 
vn 0.480315 0.755906 0.448819 
vn 0.440945 0.622047 0.645669 
vn -0.480315 0.755906 0.448819 
vn -0.440945 0.622047 0.645669 
vn -0.866142 0.417323 0.267717 
vn -0.88189 0.448819 0.173228 
vn -0.0629921 1 -0.00787402 
vn -0.0629921 1 0 
vn 0 1 -0.00787402 
vn -0.283465 0.96063 -0.00787402 
vn 0 1 0 
vn -0.267717 0.96063 -0.00787402 
vn -0.0629921 1 0.00787402 
vn 0 1 0.00787402 
vn 0.15748 0.984252 0 
vn -0.212598 0.976378 0.00787402 
vn -0.11811 0.968504 0.204724 
vn 0.212598 0.976378 0.00787402 
vn -0.15748 0.984252 0 
vn 0.11811 0.968504 0.204724 
vn -0.228346 0.976378 -0.00787402 
vn -0.0708661 1 0.00787402 
vn 0 1 0.00787402 
vn 0 1 0.00787402 
vn -0.0708661 1 0.00787402 
vn -0.19685 0.976378 -0.00787402 
vn -0.259843 0.96063 -0.0314961 
vn -0.259843 0.96063 -0.0314961 
vn -0.259843 0.96063 -0.0314961 
vn -0.228346 0.976378 -0.00787402 
vn -0.259843 0.96063 -0.0314961 
vn -0.259843 0.96063 -0.0314961 
vn -0.19685 0.976378 -0.00787402 
vn -0.314961 0.952756 -0.0314961 
vn -0.259843 0.96063 -0.0314961 
vn 0.133858 0.992126 -0.0629921 
vn -0.015748 0.92126 0.377953 
vn -0.023622 0.80315 0.598425 
vn -0.00787402 0.976378 0.204724 
vn -0.0551181 0.80315 0.598425 
vn -0.0314961 0.92126 0.377953 
vn -0.0708661 0.80315 0.598425 
vn -0.0551181 0.80315 0.598425 
vn -0.110236 0.795276 0.598425 
vn -0.0708661 0.80315 0.598425 
vn -0.0629921 1 -0.0472441 
vn -0.015748 1 -0.023622 
vn 0.283465 0.96063 -0.00787402 
vn 0.267717 0.96063 -0.00787402 
vn -0.133858 0.992126 -0.0629921 
vn 0.0629921 1 0 
vn 0.267717 0.96063 -0.00787402 
vn 0.228346 0.976378 -0.00787402 
vn 0.0629921 1 0.00787402 
vn 0 1 0 
vn 0 1 0.00787402 
vn 0.0708661 1 0.00787402 
vn 0 1 0.00787402 
vn 0 1 0.00787402 
vn 0.0708661 1 0.00787402 
vn 0.19685 0.976378 -0.00787402 
vn 0.314961 0.952756 -0.0314961 
vn 0.228346 0.976378 -0.00787402 
vn 0.259843 0.96063 -0.0314961 
vn 0.259843 0.96063 -0.0314961 
vn 0.259843 0.96063 -0.0314961 
vn 0.259843 0.96063 -0.0314961 
vn 0.259843 0.96063 -0.0314961 
vn 0.19685 0.976378 -0.00787402 
vn 0.259843 0.96063 -0.0314961 
vn 0.11811 0.968504 0.204724 
vn 0.102362 0.787402 0.606299 
vn 0.0629921 0.976378 0.204724 
vn 0.0629921 1 0 
vn 0 1 0 
vn 0.0629921 1 0 
vn 0.0629921 1 0 
vn 0 1 0 
vn 0 1 0 
vn 0 0.976378 0.204724 
vn 0.0629921 1 -0.00787402 
vn 0.0629921 1 0 
vn 0 1 -0.00787402 
vn 0 1 0 
vn 0 1 0 
vn 0 1 0 
vn 0 1 -0.00787402 
vn 0.299213 0.952756 -0.00787402 
vn 0.0629921 1 -0.00787402 
vn 0.0629921 1 -0.00787402 
vn 0 1 -0.00787402 
vn 0.299213 0.952756 -0.00787402 
vn 0.299213 0.952756 -0.00787402 
vn 0.023622 1 -0.015748 
vn 0.480315 0.874016 0 
vn 0.811024 0.574803 0.102362 
vn 0.133858 -0.905512 -0.409449 
vn 0.0629921 1 -0.0472441 
vn -0.267717 0.96063 -0.00787402 
vn 0.015748 1 -0.023622 
vn -0.299213 0.952756 -0.00787402 
vn -0.023622 1 -0.015748 
vn -0.299213 0.952756 -0.00787402 
vn -0.299213 0.952756 -0.00787402 
vn -0.480315 0.874016 0 
vn -0.0629921 1 -0.00787402 
vn -0.811024 0.574803 0.102362 
vn 0 1 -0.00787402 
vn -0.0629921 1 -0.00787402 
vn 0 1 -0.00787402 
vn 0 1 0 
vn 0 1 0 
vn 0 1 0 
vn -0.0629921 1 0 
vn 0 1 0 
vn -0.307087 0.952756 0 
vn -0.0629921 1 0 
vn -0.212598 0.976378 0.00787402 
vn -0.212598 0.976378 0.00787402 
vn -0.779528 0.590551 0.19685 
vn -0.11811 0.968504 0.204724 
vn -0.0629921 1 0 
vn 0.811024 0.574803 0.102362 
vn 0.779528 0.590551 0.19685 
vn 0.212598 0.976378 0.00787402 
vn 0.307087 0.952756 0 
vn 0.212598 0.976378 0.00787402 
vn 0.0629921 1 0 
vn 0.11811 0.968504 0.204724 
vn 0.818898 0.362205 0.448819 
vn -0.818898 0.362205 0.448819 
vn -0.133858 0.795276 0.590551 
vn -0.110236 0.795276 0.598425 
vn -0.0708661 0.92126 0.377953 

vt 14.2672 -18.967 
vt 14.2687 -18.9933 
vt 14.2687 -19.0067 
vt 14.261 -18.9248 
vt 14.2666 -18.9515 
vt 14.2555 -18.9023 
vt 14.261 -19.0752 
vt 14.2666 -19.0485 
vt 14.2658 -19.0485 
vt 14.2672 -19.033 
vt 14.2563 -18.9022 
vt 14.2457 -19.1216 
vt 14.2563 -19.0978 
vt 14.2464 -18.8784 
vt 14.2464 -19.1216 
vt 14.2331 -18.8571 
vt 14.2076 -19.1606 
vt 14.2331 -19.1429 
vt 14.1116 -18.8362 
vt 14.1109 -18.8357 
vt 14.1008 -18.8351 
vt 14.1008 -19.1649 
vt 14.1109 -19.1643 
vt 14.1116 -19.1638 
vt 14.2081 -18.8396 
vt 14.1759 -18.838 
vt 14.1759 -19.162 
vt 14.2081 -19.1604 
vt 14.1204 -18.8366 
vt 14.1204 -19.1634 
vt 13.9814 -19.1262 
vt 13.9961 -19.1262 
vt 13.9771 -19.1276 
vt 13.9961 -18.8738 
vt 13.9814 -18.8738 
vt 13.9771 -18.8724 
vt 14.1647 -19.1626 
vt 14.2179 -19.1062 
vt 14.2257 -19.1072 
vt 14.2273 -19.0839 
vt 14.2166 -19.123 
vt 14.2257 -18.8928 
vt 14.2166 -18.877 
vt 14.2179 -18.8938 
vt 14.2273 -18.9161 
vt 14.0259 -19.1687 
vt 13.7313 -19.1687 
vt 13.7313 -19.1687 
vt 14.0259 -18.8313 
vt 13.7313 -18.8313 
vt 14.0074 -19.1232 
vt 14.1767 -18.8384 
vt 13.9848 -19.1232 
vt 13.9848 -18.8768 
vt 14.2449 -19.0308 
vt 14.2364 -19.0304 
vt 14.244 -19.0439 
vt 14.2369 -19.006 
vt 14.2364 -18.9696 
vt 14.2449 -18.9692 
vt 14.244 -18.9561 
vt 14.2369 -18.994 
vt 14.0041 -19.1261 
vt 14.0041 -18.8739 
vt 14.2369 -18.994 
vt 14.2455 -18.994 
vt 14.2449 -18.9692 
vt 14.2369 -19.006 
vt 14.2455 -19.006 
vt 14.2449 -19.0308 
vt 14.205 -19.1186 
vt 14.2166 -19.123 
vt 14.2179 -19.1062 
vt 14.1965 -19.1354 
vt 14.205 -18.8814 
vt 14.2166 -18.877 
vt 14.1965 -18.8646 
vt 14.2179 -18.8938 
vt 14.2316 -19.0671 
vt 14.2398 -19.0678 
vt 14.2357 -19.0435 
vt 14.2355 -19.0864 
vt 14.2316 -18.9329 
vt 14.2398 -18.9322 
vt 14.2355 -18.9136 
vt 14.2357 -18.9565 
vt 14.0074 -18.8768 
vt 14.2364 -19.0304 
vt 14.2357 -19.0435 
vt 14.244 -19.0439 
vt 14.2398 -19.0678 
vt 14.244 -18.9561 
vt 14.2398 -18.9322 
vt 14.2357 -18.9565 
vt 14.2364 -18.9696 
vt 14.2316 -19.0671 
vt 14.2273 -19.0839 
vt 14.2355 -19.0864 
vt 14.2257 -19.1072 
vt 14.2355 -18.9136 
vt 14.2257 -18.8928 
vt 14.2273 -18.9161 
vt 14.2316 -18.9329 
vt 13.9818 -19.0723 
vt 13.9818 -19.0497 
vt 13.9818 -19.0256 
vt 13.9818 -19.0226 
vt 13.9818 -18.9744 
vt 13.9818 -18.9533 
vt 13.9818 -18.9307 
vt 14.1965 -19.1354 
vt 14.1717 -19.1287 
vt 14.205 -19.1186 
vt 14.1717 -18.8713 
vt 14.1965 -18.8646 
vt 14.1674 -18.8636 
vt 14.205 -18.8814 
vt 13.9818 -18.9277 
vt 13.9829 -18.9097 
vt 13.9829 -19.0903 
vt 13.9856 -19.1084 
vt 13.9825 -18.9096 
vt 13.9863 -18.8824 
vt 14.0255 -19.1316 
vt 14.0255 -18.8684 
vt 14.205 -18.8814 
vt 14.1717 -18.8713 
vt 14.1612 -18.8762 
vt 14.1717 -19.1287 
vt 14.205 -19.1186 
vt 14.1612 -19.1238 
vt 14.1612 -18.8762 
vt 14.1391 -18.8857 
vt 14.1854 -18.8893 
vt 14.1391 -19.1143 
vt 14.1612 -19.1238 
vt 14.1854 -19.1107 
vt 14.0459 -19.0904 
vt 14.0349 -19.0891 
vt 14.0353 -19.0901 
vt 14.0349 -18.9109 
vt 14.0459 -18.9096 
vt 14.0353 -18.9099 
vt 14.1391 -18.8857 
vt 14.1165 -18.8936 
vt 14.163 -18.8977 
vt 14.1165 -19.1064 
vt 14.1391 -19.1143 
vt 14.163 -19.1023 
vt 14.0056 -19.0015 
vt 13.9818 -19.0015 
vt 14.0056 -18.9985 
vt 13.7313 -18.8316 
vt 13.7313 -19.152 
vt 14.01 -19.1261 
vt 14.0134 -19.1232 
vt 14.0153 -19.1191 
vt 13.7313 -19.1684 
vt 13.7313 -18.848 
vt 14.01 -18.8739 
vt 14.0134 -18.8768 
vt 14.0141 -18.8918 
vt 14.1854 -18.8893 
vt 14.205 -18.8814 
vt 14.1612 -18.8762 
vt 14.205 -19.1186 
vt 14.1854 -19.1107 
vt 14.1612 -19.1238 
vt 14.1391 -18.8857 
vt 14.163 -18.8977 
vt 14.1854 -18.8893 
vt 14.163 -19.1023 
vt 14.1391 -19.1143 
vt 14.1854 -19.1107 
vt 13.7313 -19.1671 
vt 13.9815 -19.0693 
vt 14.017 -18.8772 
vt 14.017 -19.1228 
vt 14.0353 -18.9099 
vt 13.7313 -18.8493 
vt 14.0349 -18.9109 
vt 13.7313 -19.1507 
vt 14.0353 -19.0901 
vt 14.0349 -19.0891 
vt 14.008 -19.1083 
vt 14.008 -18.8917 
vt 14.2273 -18.9161 
vt 14.2179 -18.8938 
vt 14.1952 -18.901 
vt 14.0994 -18.8988 
vt 14.1065 -18.9148 
vt 14.1165 -18.8936 
vt 14.0764 -18.9047 
vt 14.1015 -19.1381 
vt 14.1115 -19.139 
vt 14.2179 -19.1062 
vt 14.2273 -19.0839 
vt 14.1952 -19.099 
vt 14.1115 -18.861 
vt 14.1015 -18.8619 
vt 14.0994 -19.1012 
vt 14.1065 -19.0852 
vt 14.0764 -19.0953 
vt 14.1165 -19.1064 
vt 14.1165 -18.8936 
vt 14.1402 -18.9049 
vt 14.163 -18.8977 
vt 14.1065 -18.9148 
vt 14.1402 -19.0951 
vt 14.1065 -19.0852 
vt 14.1165 -19.1064 
vt 14.163 -19.1023 
vt 14.2022 -18.9226 
vt 14.2273 -18.9161 
vt 14.1952 -18.901 
vt 14.1723 -18.9076 
vt 14.2273 -19.0839 
vt 14.2022 -19.0774 
vt 14.1952 -19.099 
vt 14.1723 -19.0924 
vt 14.2357 -18.9565 
vt 14.2316 -18.9329 
vt 14.2056 -18.9373 
vt 14.2316 -19.0671 
vt 14.2357 -19.0435 
vt 14.2056 -19.0627 
vt 14.0764 -19.0953 
vt 14.0836 -19.0793 
vt 14.0534 -19.0913 
vt 14.1065 -19.0852 
vt 14.0836 -18.9207 
vt 14.1065 -18.9148 
vt 14.0764 -18.9047 
vt 14.0534 -18.9087 
vt 14.0349 -19.0891 
vt 14.0349 -19.0723 
vt 14.0253 -19.0723 
vt 14.0349 -19.0891 
vt 14.0462 -19.0723 
vt 14.0349 -18.9277 
vt 14.0349 -18.9109 
vt 14.0253 -18.9277 
vt 14.0349 -18.9109 
vt 14.0462 -18.9277 
vt 14.0349 -19.0891 
vt 14.0459 -19.0904 
vt 14.0462 -19.0723 
vt 14.0606 -19.0747 
vt 14.0534 -19.0913 
vt 14.0836 -19.0793 
vt 14.0606 -18.9253 
vt 14.0836 -18.9207 
vt 14.0534 -18.9087 
vt 14.0459 -18.9096 
vt 14.0462 -18.9277 
vt 14.0349 -18.9109 
vt 14.2086 -18.9598 
vt 14.2357 -18.9565 
vt 14.2056 -18.9373 
vt 14.1822 -18.941 
vt 14.1822 -18.941 
vt 14.1851 -18.9625 
vt 14.1588 -18.9439 
vt 14.1588 -18.9439 
vt 14.1617 -18.9649 
vt 14.1139 -18.9694 
vt 14.2357 -19.0435 
vt 14.2086 -19.0402 
vt 14.2056 -19.0627 
vt 14.1822 -19.059 
vt 14.1851 -19.0375 
vt 14.1822 -19.059 
vt 14.1588 -19.0561 
vt 14.1617 -19.0351 
vt 14.1588 -19.0561 
vt 14.1139 -19.0306 
vt 14.1723 -18.9076 
vt 14.1791 -18.9283 
vt 14.2022 -18.9226 
vt 14.1492 -18.9132 
vt 14.1492 -18.9132 
vt 14.1559 -18.9331 
vt 14.1118 -18.9414 
vt 14.1097 -18.9217 
vt 14.1118 -18.9414 
vt 14.0865 -18.926 
vt 14.0886 -18.9453 
vt 14.0633 -18.929 
vt 14.1118 -18.9414 
vt 14.1791 -19.0717 
vt 14.1723 -19.0924 
vt 14.2022 -19.0774 
vt 14.1492 -19.0868 
vt 14.1559 -19.0669 
vt 14.1492 -19.0868 
vt 14.1118 -19.0586 
vt 14.1118 -19.0586 
vt 14.1097 -19.0783 
vt 14.0865 -19.074 
vt 14.0886 -19.0547 
vt 14.0633 -19.071 
vt 14.1118 -19.0586 
vt 14.0349 -19.0723 
vt 14.0349 -19.0693 
vt 14.0253 -19.0693 
vt 14.0349 -18.9307 
vt 14.0349 -18.9277 
vt 14.0253 -18.9307 
vt 14.0252 -19.0891 
vt 14.0349 -19.0891 
vt 14.0253 -19.0723 
vt 14.0349 -18.9109 
vt 14.0252 -18.9109 
vt 14.0253 -18.9277 
vt 14.0253 -19.0693 
vt 14.0349 -19.0693 
vt 14.0349 -19.0497 
vt 14.0463 -19.0497 
vt 14.0461 -19.0693 
vt 14.0463 -19.0497 
vt 14.0461 -19.0693 
vt 14.0655 -19.0517 
vt 14.0633 -19.071 
vt 14.0655 -19.0517 
vt 14.0886 -19.0547 
vt 14.0655 -18.9483 
vt 14.0886 -18.9453 
vt 14.0633 -18.929 
vt 14.0461 -18.9307 
vt 14.0349 -18.9307 
vt 14.0463 -18.9503 
vt 14.0461 -18.9307 
vt 14.0655 -18.9483 
vt 14.0253 -18.9307 
vt 14.0349 -18.9503 
vt 14.0463 -18.9503 
vt 14.113 -18.949 
vt 14.1139 -18.9694 
vt 14.1588 -18.9439 
vt 14.0897 -18.9512 
vt 14.0906 -18.9714 
vt 14.1139 -18.9694 
vt 14.0665 -18.9525 
vt 14.0674 -18.9731 
vt 14.0465 -18.9533 
vt 14.1139 -19.0306 
vt 14.113 -19.051 
vt 14.1588 -19.0561 
vt 14.0897 -19.0488 
vt 14.1139 -19.0306 
vt 14.0906 -19.0286 
vt 14.0665 -19.0475 
vt 14.0674 -19.0269 
vt 14.0465 -19.0467 
vt 13.7313 -18.8329 
vt 13.7313 -18.8349 
vt 14.017 -18.8772 
vt 13.7313 -19.1651 
vt 13.7313 -19.1671 
vt 14.017 -19.1228 
vt 14.0253 -19.0723 
vt 14.0349 -19.0723 
vt 14.0253 -19.0693 
vt 14.019 -19.0723 
vt 14.0189 -19.0891 
vt 14.0252 -19.0891 
vt 14.0253 -18.9307 
vt 14.0253 -18.9277 
vt 14.019 -18.9277 
vt 14.0349 -18.9277 
vt 14.0252 -18.9109 
vt 14.0189 -18.9109 
vt 14.0253 -18.9985 
vt 14.0253 -18.9774 
vt 14.019 -18.9774 
vt 14.0349 -18.9774 
vt 14.0349 -18.9985 
vt 14.0349 -18.9774 
vt 14.0466 -18.9985 
vt 14.0466 -18.9774 
vt 14.0678 -18.9979 
vt 14.0677 -18.977 
vt 14.0909 -18.9973 
vt 14.0908 -18.9765 
vt 14.1142 -18.9967 
vt 14.1141 -18.9757 
vt 14.1622 -18.9737 
vt 14.1142 -18.9967 
vt 14.1626 -18.9956 
vt 14.186 -18.995 
vt 14.1857 -18.9726 
vt 14.1622 -18.9737 
vt 14.2096 -18.9945 
vt 14.2093 -18.9712 
vt 14.2369 -18.994 
vt 14.2364 -18.9696 
vt 14.0253 -19.0693 
vt 14.019 -19.0693 
vt 14.019 -19.0723 
vt 14.019 -18.9307 
vt 14.0253 -18.9307 
vt 14.019 -18.9277 
vt 13.7313 -18.8349 
vt 14.0161 -18.8812 
vt 14.017 -18.8772 
vt 14.0161 -19.1188 
vt 13.7313 -19.1651 
vt 14.017 -19.1228 
vt 14.019 -19.0723 
vt 14.0189 -19.0891 
vt 14.0253 -19.0723 
vt 14.0189 -18.9109 
vt 14.019 -18.9277 
vt 14.0253 -18.9277 
vt 14.019 -19.0256 
vt 14.019 -19.0467 
vt 14.0253 -19.0256 
vt 14.0253 -19.0467 
vt 14.0253 -19.0256 
vt 14.0349 -19.0467 
vt 14.0465 -19.0467 
vt 14.0465 -19.0256 
vt 14.0674 -19.0269 
vt 14.0906 -19.0286 
vt 14.0665 -19.0475 
vt 14.0349 -19.0256 
vt 14.0349 -19.0467 
vt 14.0349 -19.0226 
vt 14.0253 -19.0226 
vt 14.0349 -19.0256 
vt 14.0253 -19.0226 
vt 14.019 -19.0256 
vt 14.0253 -18.9533 
vt 14.019 -18.9533 
vt 14.0253 -18.9744 
vt 14.0349 -18.9533 
vt 14.019 -18.9744 
vt 14.0253 -18.9744 
vt 14.0465 -18.9533 
vt 14.0465 -18.9744 
vt 14.0674 -18.9731 
vt 14.0906 -18.9714 
vt 14.0665 -18.9525 
vt 14.0349 -18.9533 
vt 14.0349 -18.9744 
vt 14.0349 -18.9774 
vt 14.0253 -18.9774 
vt 14.0349 -18.9744 
vt 14.0253 -18.9774 
vt 14.019 -18.9744 
vt 14.0253 -19.0226 
vt 14.0349 -19.0226 
vt 14.0253 -19.0015 
vt 14.019 -19.0226 
vt 14.019 -19.0015 
vt 14.019 -19.0226 
vt 14.019 -18.9985 
vt 14.019 -18.9774 
vt 14.0349 -19.0015 
vt 14.0349 -19.0226 
vt 14.0466 -19.0015 
vt 14.0466 -19.0226 
vt 14.0678 -19.0021 
vt 14.0677 -19.023 
vt 14.0909 -19.0027 
vt 14.0908 -19.0235 
vt 14.1142 -19.0033 
vt 14.1141 -19.0243 
vt 14.1622 -19.0263 
vt 14.1626 -19.0044 
vt 14.1142 -19.0033 
vt 14.186 -19.005 
vt 14.1857 -19.0274 
vt 14.2096 -19.0055 
vt 14.2093 -19.0288 
vt 14.2369 -19.006 
vt 14.2364 -19.0304 
vt 14.0253 -19.0693 
vt 14.0253 -19.0497 
vt 14.019 -19.0693 
vt 14.0349 -19.0497 
vt 14.0349 -19.0467 
vt 14.0253 -19.0467 
vt 14.0253 -18.9503 
vt 14.0253 -18.9307 
vt 14.019 -18.9307 
vt 14.0349 -18.9503 
vt 14.0349 -18.9533 
vt 14.0253 -18.9533 
vt 14.0253 -19.0467 
vt 14.019 -19.0467 
vt 14.019 -19.0497 
vt 14.019 -18.9533 
vt 14.0253 -18.9533 
vt 14.019 -18.9503 
vt 14.0253 -19.0497 
vt 14.0253 -19.0467 
vt 14.019 -19.0497 
vt 14.0349 -19.0497 
vt 14.019 -19.0497 
vt 14.019 -19.0693 
vt 14.019 -18.9503 
vt 14.0253 -18.9503 
vt 14.019 -18.9307 
vt 14.0349 -18.9503 
vt 14.0253 -18.9533 
vt 14.019 -18.9503 
vt 14.019 -18.9774 
vt 14.0253 -18.9774 
vt 14.019 -18.9744 
vt 14.0253 -19.0226 
vt 14.019 -19.0226 
vt 14.019 -19.0256 
vt 14.0056 -18.9503 
vt 14.0056 -18.9307 
vt 14.0056 -18.9277 
vt 14.0056 -18.9097 
vt 14.1701 -19.1391 
vt 14.2 -19.1384 
vt 14.1965 -19.1354 
vt 14.2166 -19.123 
vt 14.2 -18.8616 
vt 14.1965 -18.8646 
vt 14.2166 -18.877 
vt 14.1701 -18.8609 
vt 14.0148 -18.9109 
vt 14.1266 -19.1402 
vt 14.1201 -19.1397 
vt 14.1266 -18.8598 
vt 14.1201 -18.8603 
vt 13.7313 -18.8492 
vt 13.7313 -19.1508 
vt 14.0158 -19.0902 
vt 14.0151 -19.0467 
vt 14.1674 -19.1364 
vt 14.1701 -19.1391 
vt 14.1965 -19.1354 
vt 14.1674 -18.8636 
vt 14.1701 -18.8609 
vt 14.1965 -18.8646 
vt 14.2 -19.1384 
vt 14.2198 -19.1251 
vt 14.2166 -19.123 
vt 14.2257 -19.1072 
vt 14.2198 -18.8749 
vt 14.2 -18.8616 
vt 14.2166 -18.877 
vt 14.2257 -18.8928 
vt 13.7313 -18.8349 
vt 13.7313 -18.8373 
vt 14.0161 -18.8812 
vt 13.7313 -19.1627 
vt 13.7313 -19.1651 
vt 14.0161 -19.1188 
vt 14.2198 -19.1251 
vt 14.2294 -19.1083 
vt 14.2257 -19.1072 
vt 14.2355 -19.0864 
vt 14.2294 -18.8917 
vt 14.2198 -18.8749 
vt 14.2257 -18.8928 
vt 14.2355 -18.9136 
vt 14.0105 -19.0891 
vt 14.0105 -18.9109 
vt 13.7313 -18.8373 
vt 14.0152 -18.8858 
vt 14.0161 -18.8812 
vt 14.0152 -19.1142 
vt 13.7313 -19.1627 
vt 14.0161 -19.1188 
vt 14.0767 -19.095 
vt 14.0767 -18.905 
vt 14.0071 -18.8916 
vt 14.0047 -18.9096 
vt 13.9971 -18.9096 
vt 14.0082 -18.8824 
vt 14.0005 -18.8824 
vt 14.0064 -18.8783 
vt 14.0031 -18.8754 
vt 13.9955 -18.8753 
vt 13.9987 -18.8783 
vt 14.0064 -18.8783 
vt 13.9812 -18.8753 
vt 14.0354 -19.0691 
vt 14.0354 -18.9309 
vt 13.7313 -18.8402 
vt 13.7313 -18.8492 
vt 14.0141 -18.8918 
vt 13.7313 -18.8373 
vt 14.0152 -18.8858 
vt 13.7313 -19.1598 
vt 13.7313 -19.1627 
vt 14.0152 -19.1142 
vt 13.7313 -19.1508 
vt 14.0141 -19.1082 
vt 14.0056 -19.0903 
vt 14.0056 -19.0723 
vt 14.0056 -19.0693 
vt 14.0056 -19.0467 
vt 14.0056 -19.0256 
vt 14.2486 -19.0311 
vt 14.2493 -19.006 
vt 14.2455 -19.006 
vt 14.2455 -18.994 
vt 14.2493 -18.994 
vt 14.2486 -18.9689 
vt 13.7313 -18.8492 
vt 14.0117 -18.9097 
vt 14.0141 -18.8918 
vt 14.0117 -19.0903 
vt 13.7313 -19.1508 
vt 14.0141 -19.1082 
vt 13.7313 -18.8402 
vt 14.0141 -18.8918 
vt 14.0152 -18.8858 
vt 14.0141 -19.1082 
vt 13.7313 -19.1598 
vt 14.0152 -19.1142 
vt 14.1562 -19.1401 
vt 14.0047 -19.0904 
vt 14.0047 -19.0723 
vt 13.9971 -19.0904 
vt 14.0105 -19.0904 
vt 14.0129 -19.1084 
vt 14.0129 -19.1084 
vt 14.0071 -19.1084 
vt 14.0082 -19.1176 
vt 14.0005 -19.1176 
vt 14.0047 -19.0904 
vt 13.9971 -19.0904 
vt 14.0064 -19.1217 
vt 14.0031 -19.1246 
vt 13.9955 -19.1247 
vt 13.9987 -19.1217 
vt 13.9812 -19.1247 
vt 14.0064 -19.1217 
vt 14.239 -19.0877 
vt 14.2434 -19.0685 
vt 14.2398 -19.0678 
vt 14.244 -19.0439 
vt 14.2434 -19.0685 
vt 14.2477 -19.0444 
vt 14.244 -19.0439 
vt 14.2449 -19.0308 
vt 14.2434 -18.9315 
vt 14.239 -18.9123 
vt 14.2398 -18.9322 
vt 14.244 -18.9561 
vt 14.2477 -18.9556 
vt 14.2434 -18.9315 
vt 14.244 -18.9561 
vt 14.2449 -18.9692 
vt 14.0997 -19.1008 
vt 14.0997 -18.8992 
vt 14.2294 -19.1083 
vt 14.239 -19.0877 
vt 14.2355 -19.0864 
vt 14.2398 -19.0678 
vt 14.239 -18.9123 
vt 14.2294 -18.8917 
vt 14.2355 -18.9136 
vt 14.2398 -18.9322 
vt 13.9971 -19.0723 
vt 14.0047 -19.0693 
vt 13.9971 -19.0904 
vt 13.9971 -19.0723 
vt 13.9815 -19.0723 
vt 14.0151 -19.0015 
vt 14.0151 -18.9985 
vt 14.0047 -19.0226 
vt 14.0047 -19.0015 
vt 14.0047 -18.9774 
vt 14.0047 -19.0256 
vt 13.9971 -19.0256 
vt 14.0047 -19.0467 
vt 13.9971 -19.0226 
vt 13.9971 -19.0467 
vt 13.9815 -19.0256 
vt 13.9815 -19.0467 
vt 13.9815 -19.0226 
vt 13.9815 -19.0497 
vt 13.9971 -19.0015 
vt 13.9815 -19.0015 
vt 13.9815 -18.9985 
vt 13.9971 -19.0497 
vt 14.1099 -19.0782 
vt 14.2076 -19.1606 
vt 14.2 -19.1384 
vt 14.1759 -19.162 
vt 14.2198 -19.1251 
vt 14.2 -18.8616 
vt 14.2198 -18.8749 
vt 14.2076 -18.8394 
vt 14.1759 -18.838 
vt 14.0354 -18.9534 
vt 13.9815 -18.9503 
vt 13.9971 -18.9503 
vt 13.9815 -18.9307 
vt 14.0047 -18.9533 
vt 14.0047 -18.9503 
vt 13.9971 -18.9307 
vt 13.9815 -18.9277 
vt 13.9971 -18.9277 
vt 14.0047 -18.9307 
vt 14.0047 -18.9277 
vt 13.9971 -18.9096 
vt 13.9971 -18.9277 
vt 13.9815 -18.9277 
vt 14.0047 -18.9096 
vt 13.9971 -18.9096 
vt 14.1133 -18.9491 
vt 14.1133 -19.0509 
vt 14.1824 -19.0588 
vt 14.2058 -19.0625 
vt 14.2 -19.1384 
vt 14.1701 -19.1391 
vt 14.1759 -19.162 
vt 14.1701 -18.8609 
vt 14.2 -18.8616 
vt 14.1759 -18.838 
vt 14.0056 -18.9774 
vt 14.0354 -18.9279 
vt 14.0354 -19.0496 
vt 14.0354 -18.9504 
vt 14.0354 -19.0256 
vt 14.0354 -19.0226 
vt 14.0354 -18.9744 
vt 14.0468 -19.0226 
vt 14.0468 -18.9774 
vt 14.0354 -19.0015 
vt 14.0354 -18.9985 
vt 14.1144 -19.0243 
vt 14.1624 -19.0263 
vt 14.1624 -18.9737 
vt 14.2052 -18.8821 
vt 14.1858 -18.9726 
vt 14.2301 -19.1082 
vt 14.2301 -18.8918 
vt 14.2442 -18.9316 
vt 14.2178 -19.1057 
vt 14.2178 -18.8943 
vt 14.2365 -19.0304 
vt 14.2365 -18.9696 
vt 14.2457 -19.1216 
vt 14.2294 -19.1083 
vt 14.2324 -19.1429 
vt 14.239 -19.0877 
vt 14.2294 -18.8917 
vt 14.239 -18.9123 
vt 14.2457 -18.8784 
vt 14.2324 -18.8571 
vt 14.2672 -19.033 
vt 14.2486 -19.0311 
vt 14.2658 -19.0485 
vt 14.2493 -19.006 
vt 14.2449 -19.0308 
vt 14.2455 -19.006 
vt 14.2477 -19.0444 
vt 14.2486 -18.9689 
vt 14.2477 -18.9556 
vt 14.2449 -18.9692 
vt 14.2455 -18.994 
vt 14.2672 -18.967 
vt 14.2658 -18.9515 
vt 14.2493 -18.994 
vt 14.2098 -19.0054 
vt 14.1628 -19.0044 
vt 14.1628 -18.9956 
vt 14.2098 -18.9946 
vt 14.2324 -19.1429 
vt 14.2198 -19.1251 
vt 14.2076 -19.1606 
vt 14.2294 -19.1083 
vt 14.2198 -18.8749 
vt 14.2294 -18.8917 
vt 14.2324 -18.8571 
vt 14.2076 -18.8394 
vt 14.068 -18.9979 
vt 14.0468 -19.0015 
vt 14.268 -19.0068 
vt 14.2493 -19.006 
vt 14.2672 -19.033 
vt 14.268 -18.9932 
vt 14.2493 -18.994 
vt 14.2493 -19.006 
vt 14.268 -18.9932 
vt 14.2672 -18.967 
vt 14.2205 -19.1251 
vt 14.2205 -18.8749 
vt 14.2451 -18.9693 
vt 14.2458 -18.994 
vt 14.2451 -19.0307 
vt 14.2458 -19.006 
vt 14.2357 -18.9567 
vt 14.2006 -19.1382 
vt 14.2006 -18.8618 
vt 14.2088 -19.0401 
vt 14.2088 -18.9599 
vt 14.2658 -19.0485 
vt 14.2477 -19.0444 
vt 14.261 -19.0752 
vt 14.2486 -19.0311 
vt 14.2477 -18.9556 
vt 14.2486 -18.9689 
vt 14.2658 -18.9515 
vt 14.261 -18.9248 
vt 14.1632 -19.1018 
vt 14.1632 -18.8982 
vt 14.1194 -19.1402 
vt 14.1109 -19.1643 
vt 14.1197 -19.1639 
vt 14.1194 -18.8598 
vt 14.1197 -18.8361 
vt 14.1109 -18.8357 
vt 14.1853 -19.0374 
vt 14.1853 -18.9626 
vt 14.261 -19.0752 
vt 14.2434 -19.0685 
vt 14.2555 -19.0977 
vt 14.2477 -19.0444 
vt 14.2434 -18.9315 
vt 14.2477 -18.9556 
vt 14.261 -18.9248 
vt 14.2555 -18.9023 
vt 14.2555 -19.0977 
vt 14.239 -19.0877 
vt 14.2457 -19.1216 
vt 14.2434 -19.0685 
vt 14.239 -18.9123 
vt 14.2434 -18.9315 
vt 14.2555 -18.9023 
vt 14.2457 -18.8784 
vt 14.1793 -18.9285 
vt 14.1404 -18.9054 
vt 14.1561 -19.0667 
vt 14.1425 -19.1327 
vt 14.1717 -19.1287 
vt 14.1426 -19.1316 
vt 14.1425 -18.8673 
vt 14.1426 -18.8684 
vt 14.1717 -18.8713 
vt 14.1719 -19.1279 
vt 14.1719 -18.8721 
vt 14.0889 -18.9455 
vt 14.2358 -19.0862 
vt 14.2358 -18.9138 
vt 14.2401 -18.9324 
vt 14.2443 -19.0438 
vt 14.2443 -18.9562 
vt 14.0609 -19.0745 
vt 14.0609 -18.9255 
vt 14.1291 -19.1333 
vt 14.2169 -19.1225 
vt 14.2169 -18.8775 
vt 14.1678 -19.1354 
vt 14.1968 -19.1347 
vt 14.1678 -18.8646 
vt 14.0983 -19.1353 
vt 14.0983 -19.1341 
vt 14.0899 -19.1349 
vt 14.09 -19.1337 
vt 14.0801 -19.1344 
vt 14.0801 -19.1332 
vt 14.0257 -19.1305 
vt 14.0801 -18.8668 
vt 14.0801 -18.8656 
vt 14.0257 -18.8695 
vt 14.09 -18.8663 
vt 14.0899 -18.8651 
vt 14.0983 -18.8659 
vt 14.0983 -18.8647 
vt 14.0047 -19.0497 
vt 13.9971 -19.0693 
vt 13.9815 -19.0693 
vt 13.9815 -19.0723 
vt 13.9971 -18.9985 
vt 13.9815 -18.9774 
vt 14.0047 -18.9985 
vt 13.9971 -18.9774 
vt 13.9815 -18.9744 
vt 13.9971 -18.9744 
vt 13.9815 -18.9533 
vt 14.0047 -18.9744 
vt 13.9971 -18.9533 
vt 14.0262 -19.0466 
vt 14.0262 -18.9534 
vt 14.0252 -19.1316 
vt 14.0801 -19.1344 
vt 14.0257 -19.1305 
vt 14.0801 -18.8656 
vt 14.0252 -18.8684 
vt 14.0257 -18.8695 
vt 14.0262 -18.9309 
vt 14.1109 -19.1395 
vt 14.1109 -19.1643 
vt 14.1194 -19.1402 
vt 14.1008 -19.1649 
vt 14.1008 -19.1386 
vt 14.0255 -19.1316 
vt 14.0255 -19.1687 
vt 14.1109 -18.8357 
vt 14.1109 -18.8605 
vt 14.1194 -18.8598 
vt 14.1008 -18.8351 
vt 14.1008 -18.8614 
vt 14.0255 -18.8684 
vt 14.0255 -18.8313 
vt 13.9991 -19.1084 
vt 13.9971 -19.0904 
vt 13.9825 -19.0904 
vt 13.9971 -19.0904 
vt 14.0071 -19.1084 
vt 13.9991 -18.8916 
vt 13.9971 -18.9096 
vt 14.0071 -18.8916 
vt 13.9971 -18.9096 
vt 13.9825 -18.9096 
vt 13.7313 -18.8494 
vt 13.7313 -19.1506 
vt 14.014 -19.1176 
vt 14.0255 -19.1316 
vt 14.0129 -19.1084 
vt 14.0122 -19.1217 
vt 14.0089 -19.1246 
vt 14.0046 -19.1259 
vt 14.0255 -19.1687 
vt 13.7313 -19.1506 
vt 14.0255 -19.1687 
vt 13.7313 -19.1687 
vt 14.0255 -18.8684 
vt 14.014 -18.8824 
vt 14.0129 -18.8916 
vt 14.0122 -18.8783 
vt 14.0089 -18.8754 
vt 14.0046 -18.8741 
vt 14.0255 -18.8313 
vt 13.7313 -18.8313 
vt 13.7313 -18.8494 
vt 14.0255 -18.8313 
vt 14.0005 -19.1176 
vt 13.9991 -19.1084 
vt 13.9863 -19.1176 
vt 14.0071 -19.1084 
vt 13.9852 -19.1084 
vt 13.9825 -19.0904 
vt 14.0005 -18.8824 
vt 13.9991 -18.8916 
vt 14.0071 -18.8916 
vt 13.9863 -18.8824 
vt 13.9852 -18.8916 
vt 13.9825 -18.9096 
vt 14.0105 -18.9503 
vt 14.0105 -18.9533 
vt 14.0117 -18.9533 
vt 14.0117 -18.9503 
vt 14.0117 -18.9985 
vt 14.0105 -18.9985 
vt 14.0105 -19.0015 
vt 14.0117 -19.0015 
vt 14.0105 -19.0256 
vt 14.0117 -19.0256 
vt 14.0117 -19.0226 
vt 14.0105 -19.0226 
vt 14.0105 -19.0497 
vt 14.0117 -19.0497 
vt 14.0117 -19.0467 
vt 14.0105 -19.0467 
vt 14.0105 -18.9277 
vt 14.0105 -18.9307 
vt 14.0117 -18.9307 
vt 14.0117 -18.9277 
vt 14.0105 -19.0723 
vt 14.0117 -19.0723 
vt 14.0117 -19.0693 
vt 14.0105 -19.0693 
vt 14.0105 -18.9744 
vt 14.0105 -18.9774 
vt 14.0117 -18.9774 
vt 14.0117 -18.9744 
vt 13.9991 -19.1084 
vt 13.9852 -19.1084 
vt 13.9863 -19.1176 
vt 13.9852 -18.8916 
vt 13.9991 -18.8916 
vt 13.9863 -18.8824 
vt 13.9987 -19.1217 
vt 14.0005 -19.1176 
vt 13.9845 -19.1217 
vt 14.0082 -19.1176 
vt 14.0064 -19.1217 
vt 13.9987 -18.8783 
vt 14.0005 -18.8824 
vt 14.0082 -18.8824 
vt 13.9845 -18.8783 
vt 14.0064 -18.8783 
vt 13.9825 -19.0904 
vt 13.9971 -19.0904 
vt 13.9815 -19.0723 
vt 13.9971 -18.9096 
vt 13.9825 -18.9096 
vt 13.9815 -18.9277 
vt 14.0005 -19.1176 
vt 13.9863 -19.1176 
vt 13.9845 -19.1217 
vt 13.9863 -18.8824 
vt 14.0005 -18.8824 
vt 13.9845 -18.8783 
vt 13.9987 -19.1217 
vt 13.9845 -19.1217 
vt 13.9812 -19.1247 
vt 13.9845 -18.8783 
vt 13.9987 -18.8783 
vt 13.9812 -18.8753 
vt 13.8608 -19.2331 
vt 13.8598 -19.2324 
vt 13.8843 -19.2076 
vt 13.8843 -19.2076 
vt 14.0996 -19.1116 
vt 14.0987 -19.1109 
vt 14.0923 -19.1197 
vt 14.1034 -19.1014 
vt 14.1026 -19.1008 
vt 14.1234 -19.0255 
vt 14.0987 -19.1109 
vt 13.8854 -19.2081 
vt 13.8843 -19.2076 
vt 13.8608 -19.2331 
vt 13.9076 -19.1759 
vt 14.0848 -19.1272 
vt 14.0839 -19.1265 
vt 14.0739 -19.1309 
vt 14.0932 -19.1204 
vt 14.0996 -19.1116 
vt 14.0923 -19.1197 
vt 14.0839 -19.1265 
vt 14.168 -18.9814 
vt 14.1631 -18.9961 
vt 14.168 -18.9771 
vt 14.1631 -18.9961 
vt 14.168 -18.9814 
vt 14.168 -18.9771 
vt 14.1631 -18.9919 
vt 14.1631 -18.9961 
vt 14.168 -18.9771 
vt 14.0739 -19.1309 
vt 13.9576 -19.1524 
vt 14.0748 -19.1316 
vt 14.0848 -19.1272 
vt 14.0748 -19.1316 
vt 13.9576 -19.1535 
vt 13.9576 -19.1524 
vt 13.9404 -19.1567 
vt 14.0748 -19.1316 
vt 13.9404 -19.1578 
vt 13.9404 -19.1567 
vt 13.9246 -19.1647 
vt 13.9576 -19.1535 
vt 13.9246 -19.1647 
vt 13.8602 -19.2179 
vt 13.8693 -19.2166 
vt 13.9246 -19.1647 
vt 13.9076 -19.1759 
vt 13.9247 -19.1659 
vt 13.9404 -19.1578 
vt 14.1249 -19.0259 
vt 14.152 -18.7313 
vt 14.1505 -18.7313 
vt 14.1234 -19.0255 
vt 14.1565 -19.0074 
vt 14.1034 -19.1014 
vt 14.1249 -19.0259 
vt 14.1234 -19.0255 
vt 13.9084 -19.1767 
vt 13.9076 -19.1759 
vt 13.8854 -19.2081 
vt 13.9247 -19.1659 
vt 14.1709 -18.7313 
vt 14.1631 -18.9919 
vt 14.168 -18.9771 
vt 14.168 -18.9848 
vt 14.168 -18.9848 
vt 14.1566 -19.0041 
vt 14.1631 -18.9961 
vt 14.1631 -18.9919 
vt 14.1566 -19.0041 
vt 14.1631 -18.9919 
vt 14.1566 -18.9998 
vt 14.1566 -19.0041 
vt 13.8678 -19.205 
vt 13.8838 -19.1965 
vt 14.1565 -19.0074 
vt 13.8825 -19.1717 
vt 13.8825 -19.1717 
vt 13.8838 -19.1965 
vt 13.9026 -19.1674 
vt 13.8974 -19.1425 
vt 13.9237 -19.129 
vt 13.9237 -19.129 
vt 13.8974 -19.1425 
vt 13.9026 -19.1674 
vt 13.8825 -19.1717 
vt 14.1631 -18.9919 
vt 14.1709 -18.7313 
vt 14.1566 -18.9998 
vt 14.1234 -19.0255 
vt 14.0903 -19.0252 
vt 14.1007 -19.0989 
vt 14.1204 -19.0255 
vt 14.0903 -19.0252 
vt 14.1234 -19.0255 
vt 14.1026 -19.1008 
vt 13.9237 -19.129 
vt 13.9244 -19.1538 
vt 13.9404 -19.1463 
vt 13.9026 -19.1674 
vt 13.9402 -19.1223 
vt 13.9402 -19.1223 
vt 13.9404 -19.1463 
vt 13.9577 -19.1428 
vt 13.9237 -19.129 
vt 13.8824 -19.1391 
vt 13.8692 -19.1854 
vt 13.8985 -19.0353 
vt 13.8979 -19.0349 
vt 13.8985 -19.0353 
vt 13.9577 -19.1188 
vt 13.9577 -19.1428 
vt 14.0718 -19.1279 
vt 13.9402 -19.1223 
vt 14.0547 -19.1074 
vt 14.0547 -19.1074 
vt 14.0718 -19.1279 
vt 14.0818 -19.124 
vt 13.9577 -19.1188 
vt 14.0789 -19.0899 
vt 14.0968 -19.1089 
vt 14.1007 -19.0989 
vt 14.0729 -19.0983 
vt 14.0729 -19.0983 
vt 14.0904 -19.1175 
vt 14.0968 -19.1089 
vt 14.0645 -19.1043 
vt 14.0645 -19.1043 
vt 14.0818 -19.124 
vt 14.0904 -19.1175 
vt 14.0547 -19.1074 
vt 14.1566 -18.9998 
vt 14.1676 -18.7313 
vt 14.1428 -19.0058 
vt 14.0821 -19.0801 
vt 14.0789 -19.0899 
vt 14.1007 -19.0989 
vt 14.0903 -19.0252 
vt 13.8942 -18.7313 
vt 13.938 -19.0179 
vt 13.9426 -19.0185 
vt 13.8965 -18.7313 
vt 13.8942 -18.7313 
vt 13.9426 -19.0185 
vt 14.152 -18.7313 
vt 14.1249 -19.01 
vt 14.1249 -19.0134 
vt 13.9426 -19.0185 
vt 14.152 -18.7313 
vt 14.1249 -19.01 
vt 14.1249 -19.0134 
vt 14.1249 -19.0141 
vt 14.1428 -19.0101 
vt 14.1428 -19.0101 
vt 14.1566 -19.0041 
vt 14.1428 -19.0058 
vt 14.1566 -19.0041 
vt 14.1566 -18.9998 
vt 14.1428 -19.0058 
vt 14.1249 -19.0057 
vt 14.1428 -19.0058 
vt 14.1607 -18.7313 
vt 13.8942 -18.7313 
vt 13.8922 -18.7313 
vt 13.938 -19.0179 
vt 13.8922 -18.7313 
vt 14.1738 -18.7313 
vt 14.1709 -18.7313 
vt 14.168 -18.9771 
vt 14.1676 -18.7313 
vt 14.1566 -18.9998 
vt 14.1607 -18.7313 
vt 14.1428 -19.0058 
vt 14.152 -18.7313 
vt 14.1249 -19.0057 
vt 13.8922 -18.7313 
vt 13.9341 -19.017 
vt 13.938 -19.0179 
vt 13.9341 -19.017 
vt 13.9438 -19.0178 
vt 13.9426 -19.0185 
vt 13.9658 -19.0207 
vt 13.8744 -18.7313 
vt 13.8744 -18.7313 
vt 14.1034 -19.1015 
vt 14.0996 -19.1115 
vt 14.0996 -19.1115 
vt 14.1034 -19.1015 
vt 13.8798 -19.1065 
vt 13.8744 -19.1402 
vt 13.894 -19.0349 
vt 13.8601 -19.1617 
vt 13.8712 -19.1139 
vt 13.898 -18.7313 
vt 13.8965 -18.7313 
vt 13.9426 -19.0185 
vt 14.1428 -19.0101 
vt 14.1428 -19.0058 
vt 14.1249 -19.01 
vt 14.1428 -19.0135 
vt 14.1565 -19.0074 
vt 14.1428 -19.0058 
vt 14.1249 -19.0057 
vt 14.1249 -19.01 
vt 13.8909 -18.7313 
vt 13.9111 -19.0189 
vt 13.9111 -19.0189 
vt 14.1565 -19.0074 
vt 14.1566 -19.0041 
vt 14.1428 -19.0101 
vt 13.9315 -19.0161 
vt 13.9315 -19.0161 
vt 13.853 -19.186 
vt 13.8835 -19.2 
vt 13.9438 -19.0178 
vt 13.898 -18.7313 
vt 13.9426 -19.0185 
vt 14.0846 -19.1266 
vt 14.0931 -19.1201 
vt 14.0846 -19.1266 
vt 14.0931 -19.1201 
vt 13.8775 -18.7313 
vt 13.8744 -18.7313 
vt 13.8985 -19.0353 
vt 13.8805 -18.7313 
vt 13.9106 -19.0198 
vt 13.8843 -18.7313 
vt 13.9183 -19.0158 
vt 13.8905 -18.7313 
vt 13.9306 -19.0117 
vt 13.8905 -18.7313 
vt 13.9244 -19.1538 
vt 13.9026 -19.1674 
vt 13.9029 -19.1701 
vt 14.1728 -18.7313 
vt 14.1728 -18.7313 
vt 13.8843 -18.7313 
vt 13.9183 -19.0158 
vt 13.9306 -19.0117 
vt 13.8685 -19.2198 
vt 13.8805 -18.7313 
vt 13.9106 -19.0198 
vt 13.9183 -19.0158 
vt 13.9318 -19.0105 
vt 13.9318 -19.0105 
vt 14.0903 -19.0105 
vt 14.0619 -19.0102 
vt 14.0903 -19.0117 
vt 14.1204 -19.0105 
vt 13.9655 -19.0101 
vt 13.9278 -19.0105 
vt 13.9655 -19.0113 
vt 13.9896 -19.0112 
vt 13.9896 -19.01 
vt 14.0137 -19.0111 
vt 14.0137 -19.0099 
vt 14.0378 -19.0112 
vt 14.0378 -19.01 
vt 14.0619 -19.0114 
vt 14.0619 -19.0102 
vt 14.0903 -19.0117 
vt 14.1204 -19.0117 
vt 14.1204 -19.0105 
vt 13.9278 -19.0105 
vt 13.928 -19.0117 
vt 13.9655 -19.0113 
vt 13.9318 -19.0129 
vt 13.8775 -18.7313 
vt 13.9047 -19.0261 
vt 13.9106 -19.0198 
vt 13.897 -19.0459 
vt 13.8982 -19.0461 
vt 13.8985 -19.0353 
vt 13.897 -19.0459 
vt 13.895 -19.0534 
vt 13.8962 -19.0536 
vt 13.8897 -19.0764 
vt 13.8897 -19.0764 
vt 13.8909 -19.0767 
vt 13.8862 -19.0994 
vt 14.1428 -19.0135 
vt 14.1428 -19.0101 
vt 14.1249 -19.0134 
vt 14.1428 -19.0101 
vt 14.1249 -19.01 
vt 14.1249 -19.0134 
vt 13.8938 -19.0463 
vt 13.8927 -19.0461 
vt 13.8881 -19.0633 
vt 13.8932 -19.0349 
vt 13.9047 -19.0261 
vt 13.8775 -18.7313 
vt 13.8985 -19.0353 
vt 13.8881 -19.0633 
vt 13.8824 -19.0865 
vt 13.8893 -19.0636 
vt 13.8938 -19.0463 
vt 13.8824 -19.0865 
vt 13.8835 -19.0867 
vt 13.8893 -19.0636 
vt 14.1234 -19.0129 
vt 14.1427 -19.0129 
vt 13.8943 -19.0354 
vt 13.8932 -19.0349 
vt 13.8938 -19.0463 
vt 13.9306 -19.0117 
vt 13.8824 -19.0865 
vt 13.8776 -19.1097 
vt 13.8835 -19.0867 
vt 13.9245 -19.1562 
vt 13.9245 -19.1562 
vt 14.1234 -19.0105 
vt 14.1234 -19.0122 
vt 14.1234 -19.0089 
vt 14.1427 -19.0122 
vt 14.1427 -19.0089 
vt 14.1558 -19.0064 
vt 14.1558 -19.0031 
vt 14.1234 -19.0046 
vt 14.1427 -19.0089 
vt 14.1427 -19.0046 
vt 14.1558 -19.0031 
vt 14.1558 -18.9989 
vt 14.1621 -18.9913 
vt 14.1621 -18.9955 
vt 14.1621 -18.9913 
vt 14.1669 -18.9769 
vt 14.1669 -18.9812 
vt 14.0903 -19.0105 
vt 14.0619 -19.0102 
vt 14.0903 -19.0117 
vt 14.1204 -19.0105 
vt 13.9655 -19.0101 
vt 13.9255 -19.0105 
vt 13.9655 -19.0113 
vt 13.9896 -19.0112 
vt 13.9896 -19.01 
vt 14.0137 -19.0111 
vt 14.0137 -19.0099 
vt 14.0378 -19.0112 
vt 14.0378 -19.01 
vt 14.0619 -19.0114 
vt 14.0619 -19.0102 
vt 14.0903 -19.0117 
vt 14.1204 -19.0117 
vt 14.1204 -19.0105 
vt 13.8862 -19.0994 
vt 13.8873 -19.0997 
vt 13.8909 -19.0767 
vt 13.8853 -19.1167 
vt 13.9255 -19.0105 
vt 13.9258 -19.0117 
vt 13.9655 -19.0113 
vt 13.8712 -19.1493 
vt 13.8701 -19.1492 
vt 13.8661 -19.1723 
vt 13.8776 -19.1097 
vt 13.8787 -19.1099 
vt 13.8835 -19.0867 
vt 13.8712 -19.1493 
vt 13.891 -19.0349 
vt 13.8903 -19.0465 
vt 13.8915 -19.0467 
vt 13.8846 -19.0665 
vt 13.892 -19.0354 
vt 13.891 -19.0349 
vt 13.8915 -19.0467 
vt 13.8846 -19.0665 
vt 13.8858 -19.0667 
vt 13.8915 -19.0467 
vt 13.8784 -19.0897 
vt 13.8796 -19.0899 
vt 13.8729 -19.113 
vt 13.8741 -19.1133 
vt 13.864 -19.159 
vt 13.8629 -19.1588 
vt 13.864 -19.159 
vt 13.8581 -19.1822 
vt 13.8592 -19.1824 
vt 13.8581 -19.1822 
vt 13.8539 -19.2056 
vt 13.8551 -19.2058 
vt 13.8862 -19.0994 
vt 13.8842 -19.1165 
vt 13.8853 -19.1167 
vt 13.8824 -19.1391 
vt 13.8672 -19.1724 
vt 13.8661 -19.1723 
vt 13.8629 -19.1952 
vt 13.8712 -19.1493 
vt 13.9655 -19.0101 
vt 13.9247 -19.0105 
vt 13.9655 -19.0113 
vt 13.9896 -19.0112 
vt 13.9896 -19.01 
vt 14.0137 -19.0111 
vt 14.0137 -19.0099 
vt 14.0378 -19.0112 
vt 14.0378 -19.01 
vt 14.0619 -19.0114 
vt 14.0619 -19.0102 
vt 14.0903 -19.0117 
vt 14.1204 -19.0117 
vt 14.1204 -19.0105 
vt 14.0903 -19.0105 
vt 14.0619 -19.0102 
vt 14.0903 -19.0117 
vt 14.1204 -19.0105 
vt 13.8901 -19.0349 
vt 13.8895 -19.0466 
vt 13.8906 -19.0468 
vt 13.8831 -19.0677 
vt 13.9247 -19.0105 
vt 13.9249 -19.0117 
vt 13.9655 -19.0113 
vt 13.8843 -19.0679 
vt 13.8906 -19.0468 
vt 13.8831 -19.0677 
vt 13.8765 -19.0908 
vt 13.8765 -19.0908 
vt 13.8777 -19.0911 
vt 13.8843 -19.0679 
vt 13.8912 -19.0354 
vt 13.8901 -19.0349 
vt 13.8906 -19.0468 
vt 13.8641 -19.1953 
vt 13.8672 -19.1724 
vt 13.8629 -19.1952 
vt 13.8765 -19.0908 
vt 13.8706 -19.1141 
vt 13.8777 -19.0911 
vt 13.8706 -19.1141 
vt 13.8718 -19.1144 
vt 13.8777 -19.0911 
vt 13.8602 -19.1624 
vt 13.8678 -19.205 
vt 13.8688 -19.2052 
vt 13.8692 -19.1854 
vt 13.8688 -19.2052 
vt 13.8706 -19.1141 
vt 13.8591 -19.1622 
vt 13.8602 -19.1624 
vt 13.8537 -19.1857 
vt 13.8539 -19.2056 
vt 13.8497 -19.2316 
vt 13.8551 -19.2058 
vt 13.8629 -19.1952 
vt 13.8602 -19.2179 
vt 13.8641 -19.1953 
vt 13.8549 -19.1858 
vt 13.8602 -19.1624 
vt 13.8537 -19.1857 
vt 13.849 -19.2093 
vt 13.8497 -19.2316 
vt 13.8509 -19.2317 
vt 13.8551 -19.2058 
vt 13.8834 -19.1394 
vt 13.8853 -19.1167 
vt 13.8824 -19.1391 
vt 13.8502 -19.2094 
vt 13.8549 -19.1858 
vt 13.849 -19.2093 
vt 13.844 -19.2364 
vt 13.8602 -19.2179 
vt 13.8613 -19.2178 
vt 13.8641 -19.1953 
vt 13.844 -19.2364 
vt 13.8452 -19.2365 
vt 13.8502 -19.2094 
vt 13.8688 -19.2052 
vt 13.8702 -19.1857 
vt 13.8692 -19.1854 
vt 13.8713 -19.163 
vt 13.9655 -19.0101 
vt 13.9247 -19.0105 
vt 13.9249 -19.0117 
vt 13.8834 -19.1394 
vt 13.8824 -19.1391 
vt 13.8822 -19.1612 
vt 13.9655 -19.0113 
vt 13.9655 -19.0101 
vt 13.9249 -19.0117 
vt 13.9896 -19.01 
vt 13.9896 -19.0112 
vt 14.0137 -19.0099 
vt 14.0137 -19.0111 
vt 14.0378 -19.01 
vt 13.8429 -19.2369 
vt 13.8441 -19.237 
vt 13.8481 -19.2096 
vt 13.8441 -19.237 
vt 13.8493 -19.2098 
vt 13.8481 -19.2096 
vt 13.853 -19.186 
vt 13.8542 -19.1862 
vt 13.853 -19.186 
vt 13.8493 -19.2098 
vt 13.8584 -19.1626 
vt 13.8596 -19.1628 
vt 13.8584 -19.1626 
vt 13.8542 -19.1862 
vt 13.8714 -19.1145 
vt 13.8702 -19.1142 
vt 13.8584 -19.1626 
vt 13.8714 -19.1145 
vt 13.8763 -19.0909 
vt 13.8714 -19.1145 
vt 13.8775 -19.0912 
vt 13.8763 -19.0909 
vt 13.883 -19.0678 
vt 13.8775 -19.0912 
vt 13.8842 -19.068 
vt 13.883 -19.0678 
vt 13.8894 -19.0466 
vt 14.0137 -19.0111 
vt 14.0378 -19.0112 
vt 14.0378 -19.01 
vt 14.0619 -19.0102 
vt 14.0378 -19.0112 
vt 14.0619 -19.0114 
vt 14.0619 -19.0102 
vt 14.0903 -19.0105 
vt 14.1204 -19.0105 
vt 14.1204 -19.0117 
vt 14.0903 -19.0117 
vt 14.0903 -19.0105 
vt 14.0619 -19.0114 
vt 14.1204 -19.0117 
vt 13.8906 -19.0468 
vt 13.8894 -19.0466 
vt 13.8842 -19.068 
vt 13.8912 -19.0354 
vt 13.8901 -19.0349 
vt 13.8894 -19.0466 
vt 13.8912 -19.0354 
vt 13.8457 -19.2357 
vt 13.8469 -19.2357 
vt 13.8505 -19.2086 
vt 13.8845 -19.2006 
vt 13.8469 -19.2357 
vt 13.8517 -19.2088 
vt 13.8505 -19.2086 
vt 13.855 -19.1851 
vt 13.8723 -19.1632 
vt 13.8713 -19.163 
vt 13.8702 -19.1857 
vt 13.8744 -19.1402 
vt 14.0718 -19.1279 
vt 14.0737 -19.1299 
vt 14.0837 -19.1259 
vt 14.0818 -19.124 
vt 14.0718 -19.1279 
vt 14.0922 -19.1194 
vt 14.0904 -19.1175 
vt 14.0987 -19.1109 
vt 14.0818 -19.124 
vt 14.0968 -19.1089 
vt 14.0987 -19.1109 
vt 14.1026 -19.1008 
vt 14.1007 -19.0989 
vt 14.1026 -19.1008 
vt 14.1204 -19.0255 
vt 13.8562 -19.1853 
vt 13.855 -19.1851 
vt 13.8517 -19.2088 
vt 13.8601 -19.1617 
vt 13.8542 -19.2273 
vt 13.8554 -19.2274 
vt 13.8577 -19.2022 
vt 13.8613 -19.1619 
vt 13.8601 -19.1617 
vt 13.8562 -19.1853 
vt 13.8724 -19.1141 
vt 13.8554 -19.2274 
vt 13.8589 -19.2024 
vt 13.8577 -19.2022 
vt 13.8614 -19.1791 
vt 13.883 -19.1615 
vt 13.8834 -19.1394 
vt 13.8822 -19.1612 
vt 13.8712 -19.1139 
vt 13.8601 -19.1617 
vt 13.8724 -19.1141 
vt 13.877 -19.0906 
vt 13.8781 -19.0908 
vt 13.877 -19.0906 
vt 13.8724 -19.1141 
vt 13.8834 -19.0674 
vt 13.8846 -19.0677 
vt 13.8834 -19.0674 
vt 13.8781 -19.0908 
vt 13.8895 -19.0465 
vt 13.8625 -19.1793 
vt 13.8614 -19.1791 
vt 13.8589 -19.2024 
vt 13.8657 -19.1559 
vt 13.8846 -19.0677 
vt 13.8907 -19.0467 
vt 13.8895 -19.0465 
vt 13.8914 -19.0354 
vt 13.8903 -19.0349 
vt 13.8895 -19.0465 
vt 13.8914 -19.0354 
vt 13.8755 -19.1404 
vt 13.8744 -19.1402 
vt 13.8723 -19.1632 
vt 13.8809 -19.1068 
vt 13.8822 -19.1612 
vt 13.8825 -19.1717 
vt 13.883 -19.1615 
vt 13.9655 -19.0101 
vt 13.9248 -19.0105 
vt 13.9251 -19.0117 
vt 13.9655 -19.0113 
vt 13.9655 -19.0101 
vt 13.9251 -19.0117 
vt 13.9896 -19.01 
vt 13.9896 -19.0112 
vt 14.0137 -19.0099 
vt 14.0137 -19.0111 
vt 14.0378 -19.01 
vt 14.0378 -19.0112 
vt 14.0619 -19.0102 
vt 14.0619 -19.0114 
vt 14.0903 -19.0105 
vt 14.1204 -19.0105 
vt 14.1204 -19.0117 
vt 14.0903 -19.0117 
vt 14.0903 -19.0105 
vt 14.0619 -19.0114 
vt 14.1204 -19.0117 
vt 14.0822 -19.1243 
vt 14.0846 -19.1266 
vt 14.0908 -19.1178 
vt 14.0746 -19.1306 
vt 14.0908 -19.1178 
vt 13.8668 -19.1561 
vt 13.8657 -19.1559 
vt 13.8625 -19.1793 
vt 13.8757 -19.1121 
vt 14.0722 -19.1282 
vt 13.9577 -19.1433 
vt 14.0746 -19.1306 
vt 14.0822 -19.1243 
vt 13.9577 -19.1433 
vt 14.0722 -19.1282 
vt 13.8977 -19.1426 
vt 13.8977 -19.1426 
vt 14.0996 -19.1115 
vt 14.1034 -19.1015 
vt 14.101 -19.0992 
vt 14.1249 -19.0259 
vt 14.0972 -19.1092 
vt 14.0996 -19.1115 
vt 14.0931 -19.1201 
vt 14.0908 -19.1178 
vt 14.0931 -19.1201 
vt 14.0846 -19.1266 
vt 13.8754 -18.7313 
vt 13.8744 -18.7313 
vt 13.8979 -19.0349 
vt 13.9404 -19.1468 
vt 13.9404 -19.1468 
vt 13.8745 -19.1118 
vt 13.8657 -19.1559 
vt 13.8757 -19.1121 
vt 13.8796 -19.0886 
vt 13.8833 -19.1719 
vt 13.8833 -19.1719 
vt 13.8798 -19.1065 
vt 13.8744 -19.1402 
vt 13.8809 -19.1068 
vt 13.884 -19.0836 
vt 13.8757 -19.1121 
vt 13.8808 -19.0889 
vt 13.8796 -19.0886 
vt 13.8855 -19.0655 
vt 13.8808 -19.0889 
vt 13.8866 -19.0657 
vt 13.8855 -19.0655 
vt 13.8907 -19.0463 
vt 13.8914 -19.0349 
vt 13.8907 -19.0463 
vt 13.8925 -19.0354 
vt 13.8918 -19.0465 
vt 13.8907 -19.0463 
vt 13.8866 -19.0657 
vt 13.8925 -19.0354 
vt 13.8809 -19.1068 
vt 13.8852 -19.0839 
vt 13.884 -19.0836 
vt 13.8894 -19.0606 
vt 13.8852 -19.0839 
vt 13.8906 -19.0609 
vt 13.8894 -19.0606 
vt 13.8932 -19.0462 
vt 13.9655 -19.0101 
vt 13.9259 -19.0105 
vt 13.9262 -19.0117 
vt 13.9244 -19.1544 
vt 13.9244 -19.1544 
vt 13.9655 -19.0113 
vt 13.9655 -19.0101 
vt 13.9262 -19.0117 
vt 13.9896 -19.01 
vt 13.9896 -19.0112 
vt 14.0137 -19.0099 
vt 14.0137 -19.0111 
vt 14.0378 -19.01 
vt 14.0378 -19.0112 
vt 14.0619 -19.0102 
vt 14.0619 -19.0114 
vt 14.0903 -19.0105 
vt 14.1204 -19.0105 
vt 14.1204 -19.0117 
vt 14.0903 -19.0117 
vt 14.0903 -19.0105 
vt 14.0619 -19.0114 
vt 14.1204 -19.0117 
vt 13.8944 -19.0464 
vt 13.8932 -19.0462 
vt 13.8906 -19.0609 
vt 13.8951 -19.0354 
vt 13.894 -19.0349 
vt 13.8932 -19.0462 
vt 13.8951 -19.0354 
vt 13.9898 -19.0226 
vt 13.8754 -18.7313 
vt 13.8979 -19.0349 
vt 13.9051 -19.0252 
vt 13.9111 -19.0189 
vt 13.8816 -18.7313 
vt 13.9051 -19.0252 
vt 13.8825 -19.1717 
vt 13.8833 -19.1719 
vt 13.8977 -19.1426 
vt 13.9237 -19.1291 
vt 13.9577 -19.1189 
vt 13.9655 -19.0101 
vt 13.9286 -19.0105 
vt 13.9289 -19.0117 
vt 13.9658 -19.0199 
vt 13.9438 -19.0178 
vt 13.9658 -19.0207 
vt 13.9187 -19.0148 
vt 13.8854 -18.7313 
vt 13.9111 -19.0189 
vt 13.9655 -19.0113 
vt 13.9655 -19.0101 
vt 13.9289 -19.0117 
vt 13.9896 -19.01 
vt 13.9896 -19.0112 
vt 14.0137 -19.0099 
vt 14.0137 -19.0111 
vt 14.0378 -19.01 
vt 14.0378 -19.0112 
vt 14.0619 -19.0102 
vt 14.0619 -19.0114 
vt 14.0903 -19.0105 
vt 14.1204 -19.0105 
vt 14.1204 -19.0117 
vt 14.0903 -19.0117 
vt 14.0903 -19.0105 
vt 14.0619 -19.0114 
vt 14.1204 -19.0117 
vt 13.9318 -19.0105 
vt 13.892 -18.7313 
vt 13.9187 -19.0148 
vt 13.903 -19.1678 
vt 13.9037 -19.1709 
vt 13.9244 -19.1544 
vt 13.8847 -19.1968 
vt 13.903 -19.1678 
vt 13.8786 -18.7313 
vt 13.8754 -18.7313 
vt 13.9051 -19.0252 
vt 13.8816 -18.7313 
vt 13.8854 -18.7313 
vt 13.9111 -19.0189 
vt 13.892 -18.7313 
vt 13.9187 -19.0148 
vt 14.073 -19.0983 
vt 14.079 -19.09 
vt 14.079 -19.09 
vt 14.073 -19.0983 
vt 13.9392 -19.0171 
vt 13.8956 -18.7313 
vt 13.9353 -19.0163 
vt 13.8956 -18.7313 
vt 13.8937 -18.7313 
vt 13.9353 -19.0163 
vt 14.1606 -18.7313 
vt 14.1505 -18.7313 
vt 14.1234 -19.0046 
vt 14.1672 -18.7313 
vt 14.1427 -19.0046 
vt 14.1703 -18.7313 
vt 14.1558 -18.9989 
vt 14.1427 -19.0046 
vt 14.1606 -18.7313 
vt 14.1234 -19.0046 
vt 14.1728 -18.7313 
vt 14.1703 -18.7313 
vt 14.1669 -18.9769 
vt 14.1249 -19.0259 
vt 14.1204 -19.0259 
vt 14.101 -19.0992 
vt 13.8956 -18.7313 
vt 13.9392 -19.0171 
vt 13.9438 -19.0178 
vt 13.898 -18.7313 
vt 13.8956 -18.7313 
vt 13.9438 -19.0178 
vt 14.079 -19.09 
vt 14.0972 -19.1092 
vt 14.0821 -19.0801 
vt 14.0908 -19.1178 
vt 14.073 -19.0983 
vt 14.0908 -19.1178 
vt 14.079 -19.09 
vt 14.0822 -19.1243 
vt 14.1558 -18.9989 
vt 14.1672 -18.7313 
vt 14.1427 -19.0046 
vt 14.0903 -19.0257 
vt 14.0821 -19.0801 
vt 14.101 -19.0992 
vt 14.0972 -19.1092 
vt 14.0646 -19.1044 
vt 14.0822 -19.1243 
vt 14.073 -19.0983 
vt 14.0722 -19.1282 
vt 14.0548 -19.1075 
vt 14.0722 -19.1282 
vt 14.0646 -19.1044 
vt 13.9577 -19.1189 
vt 13.9577 -19.1189 
vt 13.9577 -19.1433 
vt 14.0722 -19.1282 
vt 13.9404 -19.1468 
vt 13.9402 -19.1224 
vt 13.9404 -19.1468 
vt 13.9577 -19.1189 
vt 13.9244 -19.1544 
vt 13.903 -19.1678 
vt 13.9244 -19.1544 
vt 13.9237 -19.1291 
vt 13.9402 -19.1224 
vt 14.1204 -19.0259 
vt 14.0903 -19.0257 
vt 14.101 -19.0992 
vt 14.1621 -18.9913 
vt 14.1703 -18.7313 
vt 14.1558 -18.9989 
vt 13.8977 -19.1426 
vt 13.903 -19.1678 
vt 13.9237 -19.1291 
vt 13.8833 -19.1719 
vt 13.8833 -19.1719 
vt 13.8847 -19.1968 
vt 13.903 -19.1678 
vt 14.1703 -18.7313 
vt 14.1621 -18.9913 
vt 14.1669 -18.9769 
vt 14.0924 -18.838 
vt 14.0924 -19.162 
vt 13.9068 -18.8366 
vt 13.9068 -19.1634 
vt 14.0424 -18.8368 
vt 13.9252 -18.837 
vt 13.9252 -19.163 
vt 14.0424 -19.1632 
vt 14.0596 -18.8369 
vt 14.0596 -19.1631 
vt 14.0596 -18.8374 
vt 14.0596 -19.1626 
vt 14.0753 -18.8378 
vt 14.0753 -19.1622 
vt 13.8435 -19.1232 
vt 14.0916 -18.8384 
vt 13.8434 -19.1261 
vt 13.8434 -18.8739 
vt 13.8435 -18.8768 
vt 14.0974 -18.8636 
vt 13.8319 -18.9097 
vt 13.8319 -18.9097 
vt 13.8331 -18.9096 
vt 13.8319 -18.8916 
vt 13.8331 -18.9096 
vt 13.8331 -18.8916 
vt 13.8331 -19.1084 
vt 13.8331 -19.0904 
vt 13.8319 -19.1084 
vt 13.8331 -19.0904 
vt 13.8319 -19.0903 
vt 13.8331 -18.8916 
vt 13.8331 -18.8824 
vt 13.8319 -18.8916 
vt 13.8331 -19.1176 
vt 13.8331 -19.1084 
vt 13.8319 -19.1084 
vt 13.8766 -19.1316 
vt 13.9097 -19.1316 
vt 13.9097 -18.8684 
vt 13.8766 -18.8684 
vt 14.0756 -18.8625 
vt 14.0596 -18.862 
vt 14.0598 -18.8647 
vt 13.8331 -18.8824 
vt 13.8331 -18.8783 
vt 13.8319 -18.8809 
vt 13.8331 -19.1217 
vt 13.8331 -19.1176 
vt 13.8319 -19.1191 
vt 14.1015 -19.0901 
vt 14.1021 -18.9109 
vt 14.0423 -18.8644 
vt 13.9453 -18.8644 
vt 13.9182 -18.8619 
vt 13.8319 -18.9277 
vt 13.8331 -18.9277 
vt 13.8319 -18.9097 
vt 13.8331 -18.9096 
vt 13.8319 -18.9097 
vt 13.8331 -19.0904 
vt 13.8331 -19.0723 
vt 13.8319 -19.0903 
vt 13.8319 -19.0723 
vt 13.8319 -19.0903 
vt 13.8434 -19.0015 
vt 13.8572 -18.9985 
vt 13.8434 -18.9985 
vt 14.0574 -18.8733 
vt 13.8751 -19.1261 
vt 13.8751 -19.1232 
vt 13.8751 -19.1191 
vt 14.0574 -19.1267 
vt 13.8751 -18.8739 
vt 13.8751 -18.8768 
vt 13.8751 -18.8918 
vt 13.8331 -18.8783 
vt 13.832 -18.8768 
vt 13.8319 -18.8809 
vt 13.832 -19.1232 
vt 13.8331 -19.1217 
vt 13.8319 -19.1191 
vt 13.8572 -19.1261 
vt 13.8572 -18.8739 
vt 13.8319 -18.9307 
vt 13.8331 -18.9307 
vt 13.8319 -18.9277 
vt 13.8331 -18.9277 
vt 13.8331 -18.9503 
vt 13.8319 -18.9503 
vt 13.8331 -18.9533 
vt 13.8319 -18.9533 
vt 13.8331 -18.9744 
vt 13.8319 -18.9744 
vt 13.8331 -18.9774 
vt 13.8319 -18.9774 
vt 13.8331 -18.9985 
vt 13.8319 -18.9985 
vt 13.8319 -19.0015 
vt 13.8331 -19.0015 
vt 13.8319 -19.0226 
vt 13.8331 -19.0226 
vt 13.8319 -19.0256 
vt 13.8331 -19.0256 
vt 13.8319 -19.0467 
vt 13.8331 -19.0467 
vt 13.8319 -19.0497 
vt 13.8331 -19.0497 
vt 13.8319 -19.0693 
vt 13.8331 -19.0693 
vt 13.8319 -19.0723 
vt 13.8331 -19.0723 
vt 14.0659 -18.8772 
vt 14.0659 -19.1228 
vt 14.0562 -18.874 
vt 14.0342 -18.872 
vt 14.0342 -19.128 
vt 13.8331 -18.8824 
vt 13.8319 -18.8809 
vt 13.8319 -18.8916 
vt 13.8319 -19.1191 
vt 13.8331 -19.1176 
vt 13.8319 -19.1084 
vt 13.8435 -19.1083 
vt 13.8435 -18.8917 
vt 14.0994 -19.0723 
vt 14.106 -18.9277 
vt 14.0994 -18.9277 
vt 14.1086 -19.0497 
vt 14.1086 -18.9503 
vt 14.0934 -19.0723 
vt 14.0889 -19.0891 
vt 14.0934 -18.9277 
vt 14.0889 -18.9109 
vt 14.0943 -18.9307 
vt 14.0685 -18.8812 
vt 14.0685 -19.1188 
vt 14.0972 -19.0256 
vt 14.1032 -19.0256 
vt 14.109 -19.0467 
vt 14.1032 -18.9744 
vt 14.0972 -18.9744 
vt 14.0974 -19.0015 
vt 14.0961 -19.0497 
vt 14.0961 -18.9503 
vt 13.8434 -18.9503 
vt 13.8434 -18.9307 
vt 13.8434 -18.9277 
vt 13.8434 -18.9097 
vt 13.8572 -18.9097 
vt 14.0813 -19.0891 
vt 14.0889 -19.0891 
vt 14.0934 -19.0723 
vt 14.0889 -18.9109 
vt 14.0813 -18.9109 
vt 14.0934 -18.9277 
vt 14.0943 -19.0693 
vt 14.0866 -19.0693 
vt 14.0857 -19.0723 
vt 14.0934 -19.0723 
vt 14.0943 -18.9307 
vt 14.0934 -18.9277 
vt 14.0857 -18.9277 
vt 14.0866 -18.9307 
vt 13.9154 -19.1402 
vt 13.9069 -19.1397 
vt 13.9154 -18.8598 
vt 13.9069 -18.8603 
vt 14.0857 -19.0723 
vt 14.0813 -19.0891 
vt 14.0934 -19.0723 
vt 14.0813 -18.9109 
vt 14.0857 -18.9277 
vt 14.0934 -18.9277 
vt 14.0817 -19.0902 
vt 14.0965 -19.0467 
vt 14.0888 -19.0467 
vt 14.0884 -19.0497 
vt 14.0961 -19.0497 
vt 14.0888 -18.9533 
vt 14.0965 -18.9533 
vt 14.0884 -18.9503 
vt 14.0961 -18.9503 
vt 14.0884 -19.0497 
vt 14.0888 -19.0467 
vt 14.0741 -19.0497 
vt 14.0745 -19.0467 
vt 14.0961 -19.0497 
vt 14.0866 -19.0693 
vt 14.0943 -19.0693 
vt 14.0888 -18.9533 
vt 14.0884 -18.9503 
vt 14.0741 -18.9503 
vt 14.0745 -18.9533 
vt 14.0961 -18.9503 
vt 14.0866 -18.9307 
vt 14.0943 -18.9307 
vt 14.0857 -19.0723 
vt 14.0714 -19.0723 
vt 14.0682 -19.0891 
vt 14.0813 -19.0891 
vt 14.0857 -19.0723 
vt 14.0866 -19.0693 
vt 14.0722 -19.0693 
vt 14.0714 -19.0723 
vt 14.0857 -18.9277 
vt 14.0813 -18.9109 
vt 14.0682 -18.9109 
vt 14.0714 -18.9277 
vt 14.0857 -18.9277 
vt 14.0714 -18.9277 
vt 14.0722 -18.9307 
vt 14.0866 -18.9307 
vt 14.0694 -18.8858 
vt 13.9097 -19.0693 
vt 13.9097 -19.0693 
vt 13.9381 -19.0693 
vt 13.9097 -18.9307 
vt 13.9381 -18.9307 
vt 13.8796 -19.0693 
vt 13.9622 -19.0693 
vt 13.9863 -19.0693 
vt 14.0104 -19.0693 
vt 14.0345 -19.0692 
vt 14.0345 -18.9308 
vt 14.0104 -18.9307 
vt 13.9863 -18.9307 
vt 13.9863 -18.9307 
vt 13.9622 -18.9307 
vt 13.9622 -18.9307 
vt 13.8796 -18.9307 
vt 14.0884 -19.0497 
vt 14.0741 -19.0497 
vt 14.0866 -19.0693 
vt 14.0722 -19.0693 
vt 14.0741 -18.9503 
vt 14.0884 -18.9503 
vt 14.0866 -18.9307 
vt 14.0722 -18.9307 
vt 14.072 -19.0692 
vt 14.072 -18.9308 
vt 14.0345 -19.0904 
vt 14.0682 -19.0891 
vt 14.0714 -19.0723 
vt 14.0345 -19.0723 
vt 14.0104 -19.0904 
vt 14.0104 -19.0723 
vt 13.9863 -19.0904 
vt 13.9863 -19.0723 
vt 13.9622 -19.0904 
vt 13.9863 -19.1084 
vt 13.9622 -19.1084 
vt 13.9381 -19.1084 
vt 13.9622 -19.1315 
vt 13.9862 -19.1309 
vt 14.0102 -19.13 
vt 14.0104 -19.1084 
vt 14.0345 -19.1084 
vt 14.0342 -19.1287 
vt 14.0682 -19.0891 
vt 14.0562 -19.126 
vt 14.0682 -19.1072 
vt 14.0608 -19.1249 
vt 14.0682 -19.1135 
vt 14.0647 -19.1221 
vt 14.0673 -19.1181 
vt 13.9863 -18.9277 
vt 14.0104 -18.9277 
vt 13.9863 -18.9096 
vt 13.9622 -18.9096 
vt 14.0104 -18.9096 
vt 14.0345 -18.9277 
vt 13.9622 -18.8916 
vt 13.9381 -18.8916 
vt 13.9622 -18.8685 
vt 13.9863 -18.8916 
vt 13.9862 -18.8691 
vt 14.0102 -18.87 
vt 14.0104 -18.8916 
vt 14.0345 -18.9096 
vt 14.0714 -18.9277 
vt 14.0682 -18.9109 
vt 14.0345 -18.8916 
vt 14.0682 -18.9109 
vt 14.0342 -18.8713 
vt 14.0682 -18.8928 
vt 14.0562 -18.874 
vt 14.0682 -18.8865 
vt 14.0608 -18.8751 
vt 14.0673 -18.8819 
vt 14.0647 -18.8779 
vt 13.8766 -18.9096 
vt 13.8796 -18.9096 
vt 13.8796 -18.8916 
vt 13.9097 -18.8916 
vt 13.9622 -18.9277 
vt 13.9381 -18.9096 
vt 13.9097 -18.8684 
vt 13.8796 -18.8684 
vt 13.8766 -18.8684 
vt 13.9381 -18.8684 
vt 13.8766 -18.8916 
vt 13.8573 -18.8916 
vt 13.8573 -18.9096 
vt 13.8766 -18.8824 
vt 13.8573 -18.8824 
vt 13.8442 -18.8824 
vt 13.8443 -18.8916 
vt 13.8442 -18.9096 
vt 13.8442 -18.8824 
vt 13.8766 -18.8783 
vt 13.8573 -18.8824 
vt 13.8573 -18.8783 
vt 13.8442 -18.8824 
vt 13.8442 -18.8783 
vt 13.8442 -18.8824 
vt 13.8434 -19.0903 
vt 13.8434 -19.0723 
vt 13.8572 -19.0903 
vt 13.8434 -19.0693 
vt 13.8434 -19.0467 
vt 13.8434 -19.0256 
vt 13.8572 -19.0467 
vt 13.8751 -19.0256 
vt 13.8796 -19.0226 
vt 13.8796 -18.9307 
vt 13.8796 -18.9277 
vt 13.8766 -18.9307 
vt 13.8766 -18.9277 
vt 13.9097 -18.9096 
vt 13.9097 -18.9277 
vt 13.9381 -18.9277 
vt 14.0694 -19.0903 
vt 14.0756 -19.1375 
vt 14.0755 -19.1401 
vt 14.0971 -19.1391 
vt 14.0596 -19.1406 
vt 14.0755 -18.8599 
vt 14.0756 -18.8625 
vt 14.0971 -18.8609 
vt 14.0596 -18.8594 
vt 14.0345 -19.0693 
vt 14.0722 -19.0693 
vt 14.0741 -19.0497 
vt 13.8796 -19.0723 
vt 13.8796 -19.0693 
vt 13.8766 -19.0693 
vt 13.8766 -19.0723 
vt 13.8573 -19.0723 
vt 13.8573 -19.0904 
vt 13.8442 -19.0904 
vt 13.8442 -19.0723 
vt 13.8766 -19.0904 
vt 13.8796 -19.0904 
vt 13.9097 -19.0904 
vt 13.9097 -19.0723 
vt 13.9381 -19.0723 
vt 13.9381 -19.0904 
vt 13.9622 -19.0723 
vt 13.9097 -19.1084 
vt 13.8796 -19.1084 
vt 13.9097 -19.1316 
vt 13.8796 -19.1316 
vt 13.8766 -19.1316 
vt 13.9381 -19.1316 
vt 13.8766 -19.1084 
vt 13.8573 -19.1084 
vt 13.8766 -19.1176 
vt 13.8573 -19.0904 
vt 13.8573 -19.1176 
vt 13.8442 -19.1176 
vt 13.8443 -19.1084 
vt 13.8442 -19.1176 
vt 13.8442 -19.0904 
vt 13.8766 -19.1217 
vt 13.8573 -19.1176 
vt 13.8573 -19.1217 
vt 13.8442 -19.1176 
vt 13.8442 -19.1176 
vt 13.8442 -19.1217 
vt 13.9381 -18.9533 
vt 13.9097 -18.9533 
vt 13.9097 -19.0467 
vt 13.9381 -19.0467 
vt 14.0345 -18.9533 
vt 14.0104 -18.9533 
vt 13.9863 -18.9533 
vt 13.9622 -18.9533 
vt 13.8796 -18.9533 
vt 13.8796 -19.0467 
vt 13.9622 -19.0467 
vt 13.9863 -19.0467 
vt 14.0104 -19.0467 
vt 14.0345 -19.0467 
vt 14.0345 -19.0467 
vt 13.8442 -19.0693 
vt 13.8573 -19.0497 
vt 13.8766 -19.0497 
vt 13.8766 -19.0467 
vt 13.8796 -19.0497 
vt 13.8573 -19.0693 
vt 13.9097 -19.0693 
vt 13.9097 -19.0497 
vt 13.9381 -19.0497 
vt 13.9381 -19.0693 
vt 13.9622 -19.0497 
vt 13.9622 -19.0693 
vt 13.9863 -19.0497 
vt 13.9863 -19.0693 
vt 14.0104 -19.0497 
vt 14.0104 -19.0693 
vt 14.0345 -19.0497 
vt 13.8766 -18.9774 
vt 13.8573 -18.9774 
vt 13.8766 -18.9985 
vt 13.8573 -18.9744 
vt 13.8796 -18.9774 
vt 13.8796 -18.9744 
vt 13.8766 -18.9744 
vt 13.8796 -18.9533 
vt 13.9097 -18.9533 
vt 13.9097 -18.9744 
vt 13.9381 -18.9744 
vt 13.9381 -18.9533 
vt 13.9622 -18.9744 
vt 13.9622 -18.9533 
vt 13.9863 -18.9744 
vt 13.9863 -18.9533 
vt 14.0104 -18.9744 
vt 14.0104 -18.9533 
vt 14.0345 -18.9744 
vt 14.0345 -18.9533 
vt 14.0752 -18.9744 
vt 14.0745 -18.9533 
vt 14.0895 -18.9744 
vt 14.0888 -18.9533 
vt 14.0753 -18.9774 
vt 14.0972 -18.9744 
vt 14.0965 -18.9533 
vt 14.0897 -18.9774 
vt 14.0897 -18.9774 
vt 14.0974 -18.9774 
vt 14.0972 -18.9744 
vt 14.0753 -18.9985 
vt 14.0345 -18.9774 
vt 14.0897 -18.9774 
vt 14.0345 -18.9985 
vt 14.0104 -18.9774 
vt 14.0104 -18.9985 
vt 13.9863 -18.9774 
vt 13.9863 -18.9985 
vt 13.9622 -18.9774 
vt 13.9622 -18.9985 
vt 13.9381 -18.9774 
vt 13.9381 -18.9985 
vt 13.9097 -18.9774 
vt 13.9097 -18.9985 
vt 13.8796 -18.9985 
vt 13.8766 -19.0015 
vt 13.8796 -19.0015 
vt 13.8796 -19.0226 
vt 13.9097 -19.0226 
vt 13.9097 -19.0015 
vt 13.9381 -19.0015 
vt 13.9381 -19.0226 
vt 13.9622 -19.0015 
vt 13.9622 -19.0226 
vt 13.9863 -19.0015 
vt 13.9863 -19.0226 
vt 14.0104 -19.0015 
vt 14.0104 -19.0226 
vt 14.0345 -19.0015 
vt 14.0345 -19.0226 
vt 14.0753 -19.0015 
vt 14.0753 -19.0226 
vt 14.0897 -19.0226 
vt 14.0897 -19.0015 
vt 14.0974 -19.0015 
vt 14.0974 -19.0226 
vt 14.0897 -18.9985 
vt 14.0974 -18.9985 
vt 14.0974 -18.9774 
vt 14.0897 -19.0226 
vt 14.0895 -19.0256 
vt 14.0752 -19.0256 
vt 14.0974 -19.0226 
vt 14.0897 -19.0226 
vt 14.0972 -19.0256 
vt 14.0745 -19.0467 
vt 14.0345 -19.0467 
vt 14.0888 -19.0467 
vt 14.0972 -19.0256 
vt 14.0965 -19.0467 
vt 14.0345 -19.0256 
vt 14.0104 -19.0467 
vt 14.0104 -19.0256 
vt 13.9863 -19.0467 
vt 13.9863 -19.0256 
vt 13.9622 -19.0467 
vt 13.9622 -19.0256 
vt 13.9381 -19.0467 
vt 13.9381 -19.0256 
vt 13.9097 -19.0467 
vt 13.9097 -19.0256 
vt 13.8796 -19.0256 
vt 13.8796 -19.0467 
vt 13.8766 -19.0256 
vt 13.8766 -19.0226 
vt 13.8573 -19.0226 
vt 13.8573 -19.0256 
vt 13.8573 -19.0467 
vt 13.8573 -19.0015 
vt 13.8442 -19.0226 
vt 13.8573 -18.9985 
vt 13.8442 -19.0015 
vt 13.8442 -18.9774 
vt 13.8442 -19.0256 
vt 13.8442 -19.0467 
vt 14.0102 -18.8709 
vt 13.9862 -18.8701 
vt 13.9862 -19.1299 
vt 14.0102 -19.1291 
vt 14.0756 -19.1375 
vt 14.0596 -19.138 
vt 14.0596 -19.1406 
vt 14.0423 -19.1408 
vt 14.0596 -18.862 
vt 14.0756 -18.8625 
vt 14.0596 -18.8594 
vt 14.0423 -18.8592 
vt 13.8766 -18.9533 
vt 13.8573 -18.9533 
vt 13.8573 -18.9503 
vt 13.8442 -18.9533 
vt 13.8442 -18.9503 
vt 13.8442 -18.9307 
vt 13.8442 -18.9277 
vt 13.8573 -18.9277 
vt 13.8442 -18.9096 
vt 13.8573 -18.9096 
vt 13.8573 -18.9307 
vt 13.8766 -18.9503 
vt 13.8796 -18.9503 
vt 13.9097 -18.9307 
vt 13.9097 -18.9503 
vt 13.9381 -18.9503 
vt 13.9381 -18.9307 
vt 13.9622 -18.9503 
vt 13.9622 -18.9307 
vt 13.9863 -18.9503 
vt 13.9863 -18.9307 
vt 14.0104 -18.9503 
vt 14.0104 -18.9307 
vt 14.0345 -18.9503 
vt 14.0345 -18.9307 
vt 14.0741 -18.9503 
vt 14.0722 -18.9307 
vt 14.0596 -19.138 
vt 14.0423 -19.1382 
vt 14.0423 -19.1408 
vt 13.9263 -19.1408 
vt 14.0423 -18.8618 
vt 14.0596 -18.862 
vt 14.0423 -18.8592 
vt 13.9263 -18.8592 
vt 14.0971 -19.1391 
vt 14.0924 -19.162 
vt 14.0755 -19.1401 
vt 14.0971 -18.8609 
vt 14.0924 -18.838 
vt 14.0755 -18.8599 
vt 13.9381 -18.8694 
vt 13.9381 -19.1306 
vt 13.8434 -18.9774 
vt 14.0345 -18.9774 
vt 14.0104 -18.9774 
vt 13.9622 -18.9774 
vt 13.9381 -18.9774 
vt 13.9097 -18.9774 
vt 13.8796 -18.9774 
vt 13.9097 -19.0226 
vt 13.9622 -19.0226 
vt 14.0104 -19.0226 
vt 14.0345 -19.0226 
vt 14.0751 -18.9774 
vt 14.0751 -19.0226 
vt 14.1088 -18.9985 
vt 14.0104 -19.0015 
vt 13.9863 -19.0015 
vt 13.9622 -18.9985 
vt 13.9381 -18.9985 
vt 13.8796 -18.9985 
vt 13.8796 -19.0015 
vt 13.9097 -19.0015 
vt 13.9078 -19.1402 
vt 13.9077 -19.1639 
vt 13.9163 -19.1406 
vt 13.9263 -19.1408 
vt 13.9282 -19.1382 
vt 14.0423 -19.1382 
vt 13.9282 -18.8618 
vt 14.0423 -18.8618 
vt 13.9263 -18.8592 
vt 13.9078 -18.8598 
vt 13.9077 -18.8361 
vt 13.9163 -18.8594 
vt 13.9178 -19.137 
vt 13.9278 -19.1371 
vt 14.0423 -19.1371 
vt 14.0423 -18.8629 
vt 13.9278 -18.8629 
vt 14.0754 -19.1626 
vt 14.0924 -19.162 
vt 14.0755 -19.1401 
vt 14.0596 -19.1631 
vt 14.0596 -19.1406 
vt 14.0424 -19.1632 
vt 14.0596 -19.1406 
vt 14.0423 -19.1408 
vt 13.9261 -19.1634 
vt 14.0924 -18.838 
vt 14.0754 -18.8374 
vt 14.0755 -18.8599 
vt 14.0596 -18.8369 
vt 14.0596 -18.8594 
vt 14.0424 -18.8368 
vt 14.0423 -18.8592 
vt 13.9261 -18.8366 
vt 14.0596 -18.8594 
vt 14.1026 -19.1327 
vt 14.1023 -19.1316 
vt 14.0763 -19.1345 
vt 14.1026 -18.8673 
vt 14.0763 -18.8655 
vt 14.1023 -18.8684 
vt 14.0596 -19.137 
vt 14.0596 -18.863 
vt 13.8796 -18.9097 
vt 13.8796 -18.9277 
vt 14.0345 -19.0497 
vt 14.0104 -19.0497 
vt 13.9863 -18.9503 
vt 14.0756 -19.1364 
vt 14.0756 -18.8636 
vt 13.9622 -18.9277 
vt 14.0104 -18.8918 
vt 14.0104 -18.9097 
vt 14.0345 -18.9097 
vt 14.0104 -19.1082 
vt 14.0345 -19.0903 
vt 13.8751 -19.0903 
vt 13.9097 -19.0903 
vt 13.9622 -19.1082 
vt 14.0763 -19.1333 
vt 14.0763 -19.1345 
vt 14.1023 -19.1316 
vt 14.0598 -19.1353 
vt 14.0598 -19.1341 
vt 14.0598 -19.1353 
vt 14.0423 -19.1356 
vt 14.0423 -19.1344 
vt 13.9452 -19.1344 
vt 14.0423 -18.8656 
vt 14.0423 -18.8644 
vt 13.9452 -18.8656 
vt 14.0598 -18.8659 
vt 14.0598 -18.8647 
vt 14.0763 -18.8667 
vt 14.0763 -18.8655 
vt 14.1023 -18.8684 
vt 14.0598 -18.8647 
vt 13.9622 -18.8918 
vt 13.9381 -18.9277 
vt 13.9097 -18.9097 
vt 14.097 -19.1354 
vt 14.097 -18.8646 
vt 14.0423 -19.1408 
vt 13.9263 -19.1408 
vt 13.9261 -19.1634 
vt 13.9161 -19.1636 
vt 13.9163 -19.1406 
vt 13.9161 -19.1636 
vt 13.9077 -19.1639 
vt 13.9263 -18.8592 
vt 14.0423 -18.8592 
vt 13.9261 -18.8366 
vt 13.9161 -18.8364 
vt 13.9161 -18.8364 
vt 13.9163 -18.8594 
vt 13.9077 -18.8361 
vt 13.9453 -19.1356 
vt 14.0423 -19.1356 
vt 13.9452 -19.1344 
vt 13.9355 -19.1355 
vt 13.9354 -19.1343 
vt 13.9355 -19.1355 
vt 13.9271 -19.1353 
vt 13.927 -19.1341 
vt 13.927 -18.8659 
vt 13.9271 -18.8647 
vt 13.9354 -18.8657 
vt 13.9355 -18.8645 
vt 13.9452 -18.8656 
vt 14.0423 -18.8644 
vt 13.9453 -18.8644 
vt 13.9355 -18.8645 
vt 13.8442 -19.0497 
vt 13.8442 -18.9985 
vt 13.8442 -18.9744 
vt 14.1017 -18.9534 
vt 14.1322 -19.1186 
vt 14.1398 -19.1062 
vt 14.1312 -19.1179 
vt 14.1398 -18.8938 
vt 14.1322 -18.8814 
vt 14.1312 -18.8821 
vt 14.1398 -19.1062 
vt 14.1387 -19.1057 
vt 14.1312 -19.1179 
vt 14.1387 -18.8943 
vt 14.1398 -18.8938 
vt 14.1312 -18.8821 
vt 14.156 -19.0304 
vt 14.1548 -19.0304 
vt 14.1531 -19.0433 
vt 14.1548 -18.9696 
vt 14.156 -18.9696 
vt 14.1531 -18.9567 
vt 14.1559 -18.994 
vt 14.1559 -19.006 
vt 14.1571 -19.006 
vt 14.1571 -18.994 
vt 14.1503 -19.0671 
vt 14.1491 -19.0669 
vt 14.1446 -19.0837 
vt 14.1491 -18.9331 
vt 14.1503 -18.9329 
vt 14.1446 -18.9163 
vt 14.1458 -19.0839 
vt 14.1503 -19.0671 
vt 14.1446 -19.0837 
vt 14.1503 -18.9329 
vt 14.1458 -18.9161 
vt 14.1446 -18.9163 
vt 14.1543 -19.0435 
vt 14.156 -19.0304 
vt 14.1531 -19.0433 
vt 14.156 -18.9696 
vt 14.1543 -18.9565 
vt 14.1531 -18.9567 
vt 13.7328 -18.967 
vt 13.7313 -18.9933 
vt 13.7313 -19.0067 
vt 13.739 -18.9248 
vt 13.7334 -18.9515 
vt 13.7445 -18.9023 
vt 13.739 -19.0752 
vt 13.7334 -19.0485 
vt 13.7342 -19.0485 
vt 13.7328 -19.033 
vt 13.7437 -18.9022 
vt 13.7543 -19.1216 
vt 13.7437 -19.0978 
vt 13.7536 -18.8784 
vt 13.7536 -19.1216 
vt 13.7669 -18.8571 
vt 13.7924 -19.1606 
vt 13.7669 -19.1429 
vt 13.8884 -18.8362 
vt 13.8891 -18.8357 
vt 13.8992 -18.8351 
vt 13.8992 -19.1649 
vt 13.8891 -19.1643 
vt 13.8884 -19.1638 
vt 13.7919 -18.8396 
vt 13.8241 -18.838 
vt 13.8241 -19.162 
vt 13.7919 -19.1604 
vt 13.8796 -18.8366 
vt 13.8796 -19.1634 
vt 14.0186 -19.1262 
vt 14.0039 -19.1262 
vt 14.0229 -19.1276 
vt 14.0039 -18.8738 
vt 14.0186 -18.8738 
vt 14.0229 -18.8724 
vt 13.7821 -19.1062 
vt 13.7727 -19.0839 
vt 13.7834 -19.123 
vt 13.7727 -18.9161 
vt 14.0006 -19.1232 
vt 14.0039 -19.1262 
vt 14.0186 -19.1262 
vt 14.0039 -18.8738 
vt 14.0006 -18.8768 
vt 14.0186 -18.8738 
vt 13.9741 -19.1687 
vt 14.2687 -19.1687 
vt 14.2687 -19.1687 
vt 13.9741 -18.8313 
vt 14.2687 -18.8313 
vt 14.0039 -19.1262 
vt 14.0006 -19.1232 
vt 13.9926 -19.1232 
vt 13.8233 -18.8384 
vt 13.9988 -19.1191 
vt 14.0006 -19.1232 
vt 14.0152 -19.1232 
vt 14.0006 -18.8768 
vt 13.9988 -18.8809 
vt 14.0152 -18.8768 
vt 13.7551 -19.0308 
vt 13.7631 -19.006 
vt 13.756 -18.9561 
vt 13.7631 -18.994 
vt 14.0006 -19.1232 
vt 13.9988 -19.1191 
vt 13.9907 -19.1191 
vt 14.0133 -19.1191 
vt 14.0152 -19.1232 
vt 14.0006 -19.1232 
vt 14.0186 -19.1262 
vt 13.9988 -18.8809 
vt 14.0133 -18.8809 
vt 14.0152 -18.8768 
vt 14.0006 -18.8768 
vt 14.0186 -18.8738 
vt 14.0006 -18.8768 
vt 13.9907 -18.8809 
vt 13.9959 -19.1261 
vt 13.9959 -18.8739 
vt 13.7545 -19.006 
vt 13.795 -19.1186 
vt 13.8035 -19.1354 
vt 13.795 -18.8814 
vt 13.7602 -19.0678 
vt 13.7643 -19.0435 
vt 13.7645 -19.0864 
vt 13.7602 -18.9322 
vt 13.9959 -19.1261 
vt 14.0039 -19.1262 
vt 13.9926 -19.1232 
vt 14.0039 -18.8738 
vt 13.9959 -18.8739 
vt 13.9926 -18.8768 
vt 14.0006 -18.8768 
vt 14.0039 -18.8738 
vt 13.9926 -18.8768 
vt 14.0182 -19.0693 
vt 14.0023 -19.0693 
vt 14.0182 -19.0723 
vt 14.0182 -19.0497 
vt 14.0023 -19.0497 
vt 14.0182 -19.0693 
vt 14.0182 -19.0467 
vt 14.0023 -19.0467 
vt 14.0182 -19.0256 
vt 14.0023 -19.0256 
vt 14.0182 -19.0226 
vt 14.0023 -19.0226 
vt 14.0023 -18.9744 
vt 14.0182 -18.9744 
vt 14.0182 -18.9533 
vt 14.0023 -18.9774 
vt 14.0182 -18.9774 
vt 14.0023 -18.9533 
vt 14.0182 -18.9503 
vt 14.0023 -18.9503 
vt 14.0182 -18.9307 
vt 13.8283 -19.1287 
vt 13.8283 -18.8713 
vt 13.8326 -18.8636 
vt 14.0023 -18.9307 
vt 14.0182 -18.9307 
vt 14.0182 -18.9277 
vt 14.0171 -18.9097 
vt 14.0023 -18.9097 
vt 14.0023 -19.0903 
vt 14.0171 -19.0903 
vt 14.0182 -19.0723 
vt 14.0003 -18.8917 
vt 14.0023 -18.9097 
vt 14.0171 -18.9097 
vt 14.0144 -19.1084 
vt 14.0003 -19.1083 
vt 14.0133 -19.1191 
vt 14.0003 -18.8917 
vt 14.0144 -18.8916 
vt 14.0133 -18.8809 
vt 14.0003 -19.1083 
vt 14.0144 -19.1084 
vt 14.0171 -19.0903 
vt 14.0144 -18.8916 
vt 14.0003 -18.8917 
vt 14.0171 -18.9097 
vt 14.0175 -18.9096 
vt 14.0137 -18.8824 
vt 13.9745 -19.1316 
vt 13.9745 -18.8684 
vt 13.8388 -18.8762 
vt 13.8388 -19.1238 
vt 13.8609 -18.8857 
vt 13.8609 -19.1143 
vt 13.8146 -19.1107 
vt 13.9647 -19.0901 
vt 13.9651 -18.9109 
vt 13.9647 -18.9099 
vt 13.8835 -18.8936 
vt 13.8835 -19.1064 
vt 14.0023 -19.0226 
vt 14.0023 -19.0015 
vt 13.9944 -19.0015 
vt 14.0182 -19.0226 
vt 14.0182 -19.0015 
vt 13.9944 -18.9985 
vt 14.0023 -18.9985 
vt 14.0182 -18.9985 
vt 14.0182 -18.9774 
vt 14.0023 -18.9774 
vt 14.2687 -18.8316 
vt 13.9815 -18.8733 
vt 14.2687 -19.1687 
vt 14.2687 -19.152 
vt 13.9741 -19.1687 
vt 13.9943 -19.1274 
vt 13.9741 -19.1687 
vt 13.9741 -19.1309 
vt 13.99 -19.1261 
vt 13.9866 -19.1232 
vt 13.9847 -19.1191 
vt 13.9859 -19.1082 
vt 14.2687 -19.1684 
vt 14.2687 -18.848 
vt 14.2687 -18.8313 
vt 13.9741 -18.8313 
vt 13.9943 -18.8726 
vt 13.9741 -18.8313 
vt 13.9741 -18.8691 
vt 13.99 -18.8739 
vt 13.9866 -18.8768 
vt 13.9847 -18.8809 
vt 13.9859 -18.8918 
vt 13.9899 -18.8739 
vt 14.2687 -19.1671 
vt 14.2687 -18.848 
vt 14.2687 -19.152 
vt 14.0185 -19.0693 
vt 13.983 -18.8772 
vt 13.983 -19.1228 
vt 13.9988 -19.1191 
vt 14.0003 -19.1083 
vt 13.992 -19.1083 
vt 14.0003 -19.1083 
vt 14.0133 -19.1191 
vt 14.0003 -18.8917 
vt 13.9988 -18.8809 
vt 13.992 -18.8917 
vt 14.0003 -18.8917 
vt 14.0133 -18.8809 
vt 13.8048 -18.901 
vt 13.8935 -18.9148 
vt 13.9741 -19.1309 
vt 13.8985 -19.1381 
vt 13.9741 -19.1687 
vt 13.8986 -19.1643 
vt 13.8884 -19.1638 
vt 13.8885 -19.139 
vt 13.8884 -19.1638 
vt 13.8796 -19.1634 
vt 13.8048 -19.099 
vt 13.8884 -18.8362 
vt 13.8796 -18.8366 
vt 13.8885 -18.861 
vt 13.8985 -18.8619 
vt 13.9741 -18.8691 
vt 13.9741 -18.8313 
vt 13.8986 -18.8357 
vt 13.8884 -18.8362 
vt 13.8935 -19.0852 
vt 13.9236 -19.0953 
vt 13.7978 -18.9226 
vt 13.8277 -18.9076 
vt 13.8277 -19.0924 
vt 13.7944 -18.9373 
vt 13.9164 -19.0793 
vt 13.9466 -19.0913 
vt 13.9164 -18.9207 
vt 13.9466 -18.9087 
vt 13.9747 -19.0723 
vt 13.9651 -18.9277 
vt 13.9747 -18.9277 
vt 13.8178 -18.941 
vt 13.8149 -18.9625 
vt 13.8861 -18.9694 
vt 13.8178 -19.059 
vt 13.8412 -19.0561 
vt 13.8861 -19.0306 
vt 14.0155 -18.8783 
vt 14.0188 -18.8753 
vt 14.0152 -18.8768 
vt 14.0188 -19.1247 
vt 14.0155 -19.1217 
vt 14.0152 -19.1232 
vt 13.8508 -18.9132 
vt 13.8441 -18.9331 
vt 13.8882 -18.9414 
vt 13.9135 -18.926 
vt 13.9114 -18.9453 
vt 13.9367 -18.929 
vt 13.8209 -19.0717 
vt 13.8508 -19.0868 
vt 13.8882 -19.0586 
vt 13.9135 -19.074 
vt 13.9114 -19.0547 
vt 13.9367 -19.071 
vt 14.0188 -18.8753 
vt 14.0186 -18.8738 
vt 14.0152 -18.8768 
vt 14.0186 -19.1262 
vt 14.0188 -19.1247 
vt 14.0152 -19.1232 
vt 13.9651 -19.0497 
vt 13.9651 -18.9503 
vt 13.9103 -18.9512 
vt 13.9094 -18.9714 
vt 13.9335 -18.9525 
vt 13.9326 -18.9731 
vt 13.9094 -19.0286 
vt 13.9335 -19.0475 
vt 13.9326 -19.0269 
vt 14.2687 -18.8349 
vt 13.981 -19.0723 
vt 13.9811 -19.0891 
vt 13.981 -18.9277 
vt 13.9811 -18.9109 
vt 13.9747 -18.9985 
vt 13.9322 -18.9979 
vt 13.9091 -18.9973 
vt 13.8858 -18.9967 
vt 13.8374 -18.9956 
vt 13.814 -18.995 
vt 13.7907 -18.9712 
vt 13.981 -18.9307 
vt 13.9839 -18.8812 
vt 13.9839 -19.1188 
vt 13.981 -19.0256 
vt 13.9747 -19.0256 
vt 13.9651 -19.0467 
vt 13.9747 -18.9744 
vt 13.981 -18.9744 
vt 13.981 -19.0015 
vt 13.8858 -19.0033 
vt 13.8378 -19.0263 
vt 13.8374 -19.0044 
vt 13.8143 -19.0274 
vt 13.7907 -19.0288 
vt 13.981 -19.0497 
vt 13.981 -18.9503 
vt 13.9944 -18.9503 
vt 13.9944 -18.9533 
vt 13.9944 -18.9307 
vt 14.0023 -18.9503 
vt 14.0023 -18.9533 
vt 14.0182 -18.9503 
vt 14.0023 -18.9307 
vt 14.0182 -18.9307 
vt 14.0023 -18.9277 
vt 14.0182 -18.9277 
vt 14.0023 -18.9097 
vt 14.0003 -18.8917 
vt 13.992 -18.8917 
vt 13.9944 -18.9277 
vt 13.9944 -18.9097 
vt 14.0023 -18.9097 
vt 13.9926 -19.1232 
vt 13.9907 -19.1191 
vt 14.0006 -19.1232 
vt 14.0006 -18.8768 
vt 13.9926 -18.8768 
vt 13.9907 -18.8809 
vt 14.0188 -18.8753 
vt 14.0231 -18.8739 
vt 14.0186 -18.8738 
vt 14.0231 -19.1261 
vt 14.0188 -19.1247 
vt 14.0186 -19.1262 
vt 14.0231 -18.8739 
vt 14.0229 -18.8724 
vt 14.0186 -18.8738 
vt 14.0229 -19.1276 
vt 14.0231 -19.1261 
vt 14.0186 -19.1262 
vt 13.8 -18.8616 
vt 13.9852 -18.9109 
vt 13.8734 -19.1402 
vt 13.8799 -19.1397 
vt 13.8796 -19.1634 
vt 13.8799 -19.1397 
vt 13.8885 -19.139 
vt 13.8734 -18.8598 
vt 13.8799 -18.8603 
vt 13.8796 -18.8366 
vt 13.8799 -18.8603 
vt 13.8885 -18.861 
vt 14.2687 -18.8492 
vt 14.2687 -19.1508 
vt 13.9842 -19.0902 
vt 14.0229 -19.1276 
vt 14.2687 -19.152 
vt 14.2687 -19.1505 
vt 14.2687 -18.848 
vt 14.0229 -18.8724 
vt 14.2687 -18.8495 
vt 13.7802 -18.8749 
vt 14.0231 -19.1261 
vt 14.0229 -19.1276 
vt 14.2687 -19.1505 
vt 14.0229 -18.8724 
vt 14.0231 -18.8739 
vt 14.2687 -18.8495 
vt 13.9895 -19.0891 
vt 13.9895 -18.9109 
vt 13.9848 -18.8858 
vt 13.9846 -18.8809 
vt 13.9871 -19.1072 
vt 13.9871 -18.8928 
vt 13.9233 -19.095 
vt 13.9233 -18.905 
vt 13.9646 -19.0691 
vt 13.9646 -18.9309 
vt 14.0023 -19.0903 
vt 14.0003 -19.1083 
vt 14.0171 -19.0903 
vt 13.9944 -19.0903 
vt 13.9944 -19.0723 
vt 13.9944 -19.0693 
vt 14.0023 -19.0723 
vt 14.0023 -19.0903 
vt 14.0003 -19.1083 
vt 13.992 -19.1083 
vt 14.0182 -19.0723 
vt 14.0023 -19.0693 
vt 13.9944 -19.0497 
vt 13.9944 -19.0467 
vt 14.0023 -19.0497 
vt 14.0182 -19.0693 
vt 14.0023 -19.0467 
vt 14.0182 -19.0497 
vt 13.9944 -19.0256 
vt 14.0023 -19.0256 
vt 14.0182 -19.0467 
vt 13.9944 -19.0226 
vt 14.0182 -19.0256 
vt 13.7507 -19.006 
vt 13.9883 -19.0903 
vt 13.8438 -19.1401 
vt 13.9895 -19.0904 
vt 13.9871 -19.1084 
vt 13.761 -19.0877 
vt 13.9003 -19.1008 
vt 13.9003 -18.8992 
vt 13.9849 -19.0015 
vt 13.9849 -18.9985 
vt 13.8901 -19.0782 
vt 13.9533 -19.0466 
vt 13.9533 -18.9534 
vt 13.9907 -19.1191 
vt 13.992 -19.1083 
vt 13.9988 -19.1191 
vt 13.9907 -18.8809 
vt 13.992 -18.8917 
vt 13.9988 -18.8809 
vt 13.9646 -18.9534 
vt 14.0023 -19.0903 
vt 13.9944 -19.0903 
vt 13.992 -19.1083 
vt 13.9944 -18.9097 
vt 14.0023 -18.9097 
vt 13.992 -18.8917 
vt 13.8867 -18.9491 
vt 13.8867 -19.0509 
vt 13.8176 -19.0588 
vt 13.7942 -19.0625 
vt 13.9944 -18.9774 
vt 14.0023 -18.9744 
vt 14.0182 -18.9744 
vt 13.9944 -18.9744 
vt 14.0182 -18.9533 
vt 13.9646 -18.9279 
vt 13.9646 -19.0496 
vt 13.9646 -18.9504 
vt 13.9646 -19.0256 
vt 13.9646 -19.0226 
vt 13.9646 -18.9744 
vt 13.9532 -19.0226 
vt 13.9532 -18.9774 
vt 13.9646 -19.0015 
vt 13.9646 -18.9985 
vt 13.8856 -19.0243 
vt 13.8376 -19.0263 
vt 13.8376 -18.9737 
vt 13.7948 -18.8821 
vt 13.8142 -18.9726 
vt 13.7699 -19.1082 
vt 13.7602 -19.0877 
vt 13.7437 -19.0978 
vt 13.7382 -19.0752 
vt 13.7602 -18.9123 
vt 13.7699 -18.8918 
vt 13.7437 -18.9022 
vt 13.7382 -18.9248 
vt 13.7602 -19.0877 
vt 13.7558 -19.0684 
vt 13.7382 -19.0752 
vt 13.7334 -19.0485 
vt 13.7558 -18.9316 
vt 13.7602 -18.9123 
vt 13.7382 -18.9248 
vt 13.7334 -18.9515 
vt 13.7822 -19.1057 
vt 13.7822 -18.8943 
vt 13.7635 -19.0304 
vt 13.7635 -18.9696 
vt 13.7515 -18.9556 
vt 13.7558 -18.9316 
vt 13.7334 -18.9515 
vt 13.7321 -18.967 
vt 13.7558 -19.0684 
vt 13.7515 -19.0444 
vt 13.7334 -19.0485 
vt 13.7321 -19.033 
vt 13.8143 -19.1101 
vt 13.8143 -18.8899 
vt 13.75 -18.994 
vt 13.7507 -18.969 
vt 13.7313 -18.9933 
vt 13.75 -19.006 
vt 13.7313 -18.9933 
vt 13.7313 -19.0067 
vt 13.75 -19.006 
vt 13.7507 -19.031 
vt 13.7902 -19.0054 
vt 13.8138 -19.0049 
vt 13.8372 -19.0044 
vt 13.8372 -18.9956 
vt 13.8138 -18.9951 
vt 13.7902 -18.9946 
vt 13.932 -18.9979 
vt 13.9532 -19.0015 
vt 13.7795 -19.1251 
vt 13.7699 -19.1082 
vt 13.7536 -19.1216 
vt 13.7437 -19.0978 
vt 13.7699 -18.8918 
vt 13.7795 -18.8749 
vt 13.7536 -18.8784 
vt 13.7437 -18.9022 
vt 13.7507 -18.969 
vt 13.7515 -18.9556 
vt 13.7321 -18.967 
vt 13.7313 -18.9933 
vt 13.7549 -18.9693 
vt 13.7542 -18.994 
vt 13.7515 -18.9556 
vt 13.7515 -19.0444 
vt 13.7507 -19.031 
vt 13.7321 -19.033 
vt 13.7313 -19.0067 
vt 13.7549 -19.0307 
vt 13.7542 -19.006 
vt 13.7515 -19.0444 
vt 13.7643 -18.9567 
vt 13.7994 -19.1382 
vt 13.7795 -19.1251 
vt 13.7669 -19.1429 
vt 13.7536 -19.1216 
vt 13.7795 -18.8749 
vt 13.7994 -18.8618 
vt 13.7669 -18.8571 
vt 13.7536 -18.8784 
vt 13.7912 -19.0401 
vt 13.7912 -18.9599 
vt 13.8368 -19.1018 
vt 13.8368 -18.8982 
vt 13.8147 -19.0374 
vt 13.8147 -18.9626 
vt 13.8381 -19.035 
vt 13.8207 -18.9285 
vt 13.8596 -19.0946 
vt 13.8596 -18.9054 
vt 13.8439 -19.0667 
vt 13.8233 -19.1616 
vt 13.8291 -19.1388 
vt 13.7919 -19.1604 
vt 13.8233 -18.8384 
vt 13.8291 -18.8612 
vt 13.7919 -18.8396 
vt 13.8281 -19.1279 
vt 13.8283 -19.1287 
vt 13.8385 -19.123 
vt 13.8283 -18.8713 
vt 13.8281 -18.8721 
vt 13.8385 -18.877 
vt 13.9111 -18.9455 
vt 13.8291 -19.1388 
vt 13.7994 -19.1382 
vt 13.7919 -19.1604 
vt 13.7669 -19.1429 
vt 13.7994 -18.8618 
vt 13.8291 -18.8612 
vt 13.7919 -18.8396 
vt 13.7669 -18.8571 
vt 13.9343 -19.0516 
vt 13.9343 -18.9484 
vt 13.7602 -19.0877 
vt 13.7699 -19.1082 
vt 13.7642 -19.0862 
vt 13.7599 -19.0676 
vt 13.7642 -18.9138 
vt 13.7602 -18.9123 
vt 13.7599 -18.9324 
vt 13.7699 -18.8918 
vt 13.7515 -19.0444 
vt 13.7557 -19.0438 
vt 13.7549 -19.0307 
vt 13.7558 -19.0684 
vt 13.7558 -19.0684 
vt 13.7599 -19.0676 
vt 13.7557 -19.0438 
vt 13.7602 -19.0877 
vt 13.7558 -18.9316 
vt 13.7515 -18.9556 
vt 13.7557 -18.9562 
vt 13.7549 -18.9693 
vt 13.7599 -18.9324 
vt 13.7558 -18.9316 
vt 13.7557 -18.9562 
vt 13.7602 -18.9123 
vt 13.9391 -19.0745 
vt 13.9391 -18.9255 
vt 14.2687 -18.8376 
vt 13.9858 -18.8865 
vt 13.9871 -18.8928 
vt 13.9858 -19.1135 
vt 14.2687 -19.1624 
vt 13.9871 -19.1072 
vt 14.2687 -18.8407 
vt 13.9871 -18.8928 
vt 13.9895 -18.9109 
vt 13.9871 -19.1072 
vt 14.2687 -19.1593 
vt 13.9895 -19.0891 
vt 13.75 -19.006 
vt 13.7507 -19.031 
vt 13.7542 -19.006 
vt 13.75 -18.994 
vt 13.7507 -18.969 
vt 13.75 -18.994 
vt 13.7542 -18.994 
vt 13.7542 -19.006 
vt 14.2687 -18.8407 
vt 14.2687 -18.8376 
vt 13.9871 -18.8928 
vt 14.2687 -18.8498 
vt 13.9895 -18.9109 
vt 14.2687 -19.1593 
vt 14.2687 -19.1502 
vt 13.9895 -19.0891 
vt 14.2687 -19.1624 
vt 13.9871 -19.1072 
vt 13.9883 -19.0014 
vt 13.9895 -19.0015 
vt 13.9895 -18.9985 
vt 13.9883 -18.9986 
vt 13.9883 -19.0014 
vt 13.9895 -18.9985 
vt 13.9895 -19.0226 
vt 13.9883 -19.0226 
vt 13.9883 -19.0256 
vt 13.9895 -19.0256 
vt 13.9895 -18.9774 
vt 13.9895 -18.9744 
vt 13.9883 -18.9744 
vt 13.9883 -18.9774 
vt 13.9895 -19.0467 
vt 13.9883 -19.0467 
vt 13.9883 -19.0497 
vt 13.9895 -19.0497 
vt 13.9895 -18.9533 
vt 13.9895 -18.9503 
vt 13.9883 -18.9503 
vt 13.9883 -18.9533 
vt 13.9895 -19.0693 
vt 13.9883 -19.0692 
vt 13.9883 -19.0722 
vt 13.9895 -19.0723 
vt 13.9895 -18.9307 
vt 13.9895 -18.9277 
vt 13.9883 -18.9278 
vt 13.9883 -18.9308 
vt 13.8709 -19.1333 
vt 14.2687 -18.8353 
vt 13.9848 -18.8819 
vt 13.9858 -18.8865 
vt 13.9848 -19.1181 
vt 14.2687 -19.1647 
vt 13.9858 -19.1135 
vt 13.7699 -19.1082 
vt 13.7795 -19.1251 
vt 13.7741 -19.1068 
vt 13.7642 -19.0862 
vt 13.7741 -18.8932 
vt 13.7699 -18.8918 
vt 13.7642 -18.9138 
vt 13.7795 -18.8749 
vt 14.2687 -18.8376 
vt 14.2687 -18.8353 
vt 13.9858 -18.8865 
vt 13.7795 -19.1251 
vt 13.7994 -19.1382 
vt 13.7831 -19.1225 
vt 13.7741 -19.1068 
vt 14.2687 -19.1647 
vt 14.2687 -19.1624 
vt 13.9858 -19.1135 
vt 13.7831 -18.8775 
vt 13.7795 -18.8749 
vt 13.7741 -18.8932 
vt 13.7994 -18.8618 
vt 13.8322 -19.1354 
vt 13.8291 -19.1388 
vt 13.8032 -19.1347 
vt 13.8322 -18.8646 
vt 13.8291 -18.8612 
vt 13.8032 -18.8653 
vt 13.7994 -19.1382 
vt 13.8291 -19.1388 
vt 13.8032 -19.1347 
vt 13.7831 -19.1225 
vt 13.8032 -18.8653 
vt 13.7994 -18.8618 
vt 13.7831 -18.8775 
vt 13.8291 -18.8612 
vt 13.98 -19.0256 
vt 13.98 -19.0226 
vt 13.9738 -19.0256 
vt 13.9738 -19.0226 
vt 13.9646 -19.0226 
vt 13.9646 -19.0256 
vt 13.98 -18.9774 
vt 13.98 -18.9744 
vt 13.9738 -18.9744 
vt 13.9738 -18.9774 
vt 13.9646 -18.9774 
vt 13.9646 -18.9744 
vt 13.9738 -19.0466 
vt 13.9738 -19.0496 
vt 13.98 -19.0466 
vt 13.98 -19.0496 
vt 13.9646 -19.0466 
vt 13.9646 -19.0496 
vt 13.98 -18.9504 
vt 13.9738 -18.9504 
vt 13.98 -18.9534 
vt 13.9738 -18.9534 
vt 13.9646 -18.9534 
vt 13.9646 -18.9504 
vt 14.2687 -18.8333 
vt 13.9837 -18.8779 
vt 13.9848 -18.8819 
vt 13.9837 -19.1221 
vt 14.2687 -19.1667 
vt 13.9848 -19.1181 
vt 13.9738 -19.0226 
vt 13.98 -19.0226 
vt 13.98 -19.0015 
vt 13.9738 -19.0015 
vt 13.9646 -19.0015 
vt 13.9646 -19.0226 
vt 13.9738 -18.9985 
vt 13.98 -18.9985 
vt 13.9532 -19.0015 
vt 13.9532 -19.0226 
vt 13.9321 -19.023 
vt 13.932 -19.0021 
vt 13.9089 -19.0235 
vt 13.9088 -19.0027 
vt 13.8856 -19.0243 
vt 13.8855 -19.0033 
vt 13.8376 -19.0263 
vt 13.8372 -19.0044 
vt 13.8142 -19.0274 
vt 13.8138 -19.0049 
vt 13.7906 -19.0287 
vt 13.7902 -19.0054 
vt 13.7635 -19.0304 
vt 13.763 -19.006 
vt 13.98 -19.0256 
vt 13.9738 -19.0256 
vt 13.9738 -19.0466 
vt 13.98 -19.0466 
vt 13.9646 -19.0256 
vt 13.9646 -19.0466 
vt 13.9533 -19.0256 
vt 13.9533 -19.0466 
vt 13.9646 -19.0466 
vt 13.9333 -19.0474 
vt 13.9323 -19.0269 
vt 13.9101 -19.0488 
vt 13.9092 -19.0285 
vt 13.9101 -19.0488 
vt 13.8867 -19.0509 
vt 13.8859 -19.0305 
vt 13.841 -19.0559 
vt 13.9738 -18.9744 
vt 13.98 -18.9744 
vt 13.9738 -18.9534 
vt 13.98 -18.9534 
vt 13.9646 -18.9744 
vt 13.9646 -18.9534 
vt 13.9533 -18.9744 
vt 13.9646 -18.9534 
vt 13.9533 -18.9534 
vt 13.9333 -18.9526 
vt 13.9323 -18.9731 
vt 13.9101 -18.9512 
vt 13.9101 -18.9512 
vt 13.9092 -18.9715 
vt 13.8867 -18.9491 
vt 13.8859 -18.9695 
vt 13.841 -18.9441 
vt 13.98 -18.9774 
vt 13.9738 -18.9774 
vt 13.9646 -18.9985 
vt 13.9646 -18.9774 
vt 13.9532 -18.9985 
vt 13.9532 -18.9774 
vt 13.9321 -18.977 
vt 13.932 -18.9979 
vt 13.9089 -18.9765 
vt 13.9088 -18.9973 
vt 13.8856 -18.9757 
vt 13.8855 -18.9967 
vt 13.8376 -18.9737 
vt 13.8372 -18.9956 
vt 13.8142 -18.9726 
vt 13.8138 -18.9951 
vt 13.7906 -18.9713 
vt 13.7902 -18.9946 
vt 13.7635 -18.9696 
vt 13.763 -18.994 
vt 14.2687 -18.8353 
vt 14.2687 -18.8333 
vt 13.9848 -18.8819 
vt 14.2687 -19.1667 
vt 14.2687 -19.1647 
vt 13.9848 -19.1181 
vt 13.9738 -19.0691 
vt 13.9738 -19.0721 
vt 13.98 -19.0692 
vt 13.98 -19.0721 
vt 13.9646 -19.0691 
vt 13.9646 -19.0691 
vt 13.9646 -19.0721 
vt 13.98 -18.9279 
vt 13.9738 -18.9279 
vt 13.98 -18.9308 
vt 13.9738 -18.9309 
vt 13.9646 -18.9309 
vt 13.9646 -18.9279 
vt 13.9646 -18.9309 
vt 13.9738 -19.0496 
vt 13.9738 -19.0691 
vt 13.98 -19.0496 
vt 13.98 -19.0692 
vt 13.9646 -19.0496 
vt 13.9646 -19.0691 
vt 13.9535 -19.0495 
vt 13.9537 -19.0691 
vt 13.9646 -19.0691 
vt 13.9364 -19.0709 
vt 13.9343 -19.0516 
vt 13.9133 -19.0739 
vt 13.9111 -19.0545 
vt 13.8901 -19.0782 
vt 13.8879 -19.0584 
vt 13.8507 -19.0866 
vt 13.8439 -19.0667 
vt 13.8276 -19.0921 
vt 13.8207 -19.0715 
vt 13.8047 -19.0987 
vt 13.7976 -19.0771 
vt 13.7822 -19.1057 
vt 13.7726 -19.0837 
vt 13.98 -18.9308 
vt 13.9738 -18.9309 
vt 13.98 -18.9504 
vt 13.9738 -18.9504 
vt 13.9646 -18.9504 
vt 13.9646 -18.9309 
vt 13.9535 -18.9505 
vt 13.9646 -18.9309 
vt 13.9537 -18.9309 
vt 13.9364 -18.9291 
vt 13.9343 -18.9484 
vt 13.9133 -18.9261 
vt 13.9111 -18.9455 
vt 13.8901 -18.9218 
vt 13.8879 -18.9416 
vt 13.8507 -18.9134 
vt 13.8439 -18.9333 
vt 13.8276 -18.9079 
vt 13.8207 -18.9285 
vt 13.8047 -18.9013 
vt 13.7976 -18.9229 
vt 13.7822 -18.8943 
vt 13.7726 -18.9163 
vt 13.9739 -19.0902 
vt 13.9738 -19.0721 
vt 13.9647 -19.0901 
vt 13.9739 -19.0902 
vt 13.98 -19.0721 
vt 13.9802 -19.0902 
vt 13.98 -19.0721 
vt 13.9738 -19.0721 
vt 13.9646 -19.0721 
vt 13.9536 -19.072 
vt 13.9539 -19.0901 
vt 13.9647 -19.0901 
vt 13.9464 -19.0911 
vt 13.9391 -19.0745 
vt 13.9233 -19.095 
vt 13.9161 -19.079 
vt 13.9233 -19.095 
vt 13.9802 -18.9098 
vt 13.9739 -18.9098 
vt 13.98 -18.9279 
vt 13.9738 -18.9279 
vt 13.98 -18.9279 
vt 13.9647 -18.9099 
vt 13.9646 -18.9279 
vt 13.9738 -18.9279 
vt 13.9536 -18.928 
vt 13.9647 -18.9099 
vt 13.9539 -18.9099 
vt 13.9464 -18.9089 
vt 13.9391 -18.9255 
vt 13.9233 -18.905 
vt 13.9233 -18.905 
vt 13.9161 -18.921 
vt 13.8381 -19.035 
vt 13.841 -19.0559 
vt 13.8859 -19.0305 
vt 13.8176 -19.0588 
vt 13.8147 -19.0374 
vt 13.7942 -19.0625 
vt 13.7912 -19.0401 
vt 13.7683 -19.0669 
vt 13.7643 -19.0433 
vt 13.7683 -19.0669 
vt 13.7683 -18.9331 
vt 13.7643 -18.9567 
vt 13.7912 -18.9599 
vt 13.7942 -18.9375 
vt 13.7683 -18.9331 
vt 13.8147 -18.9626 
vt 13.8176 -18.9412 
vt 13.8381 -18.965 
vt 13.841 -18.9441 
vt 13.8859 -18.9695 
vt 13.9233 -18.905 
vt 13.9003 -18.8992 
vt 13.9161 -18.921 
vt 13.9003 -19.1008 
vt 13.9233 -19.095 
vt 13.9161 -19.079 
vt 13.8833 -18.894 
vt 13.8596 -18.9054 
vt 13.8932 -18.9151 
vt 13.9003 -18.8992 
vt 13.8932 -18.9151 
vt 13.9161 -18.921 
vt 13.8596 -19.0946 
vt 13.8833 -19.106 
vt 13.8932 -19.0849 
vt 13.9003 -19.1008 
vt 13.8932 -19.0849 
vt 13.9161 -19.079 
vt 14.2687 -19.1506 
vt 13.8368 -18.8982 
vt 13.8596 -18.9054 
vt 13.8606 -18.8863 
vt 13.8833 -18.894 
vt 13.8596 -19.0946 
vt 13.8368 -19.1018 
vt 13.8606 -19.1137 
vt 13.8833 -19.106 
vt 13.8281 -18.8721 
vt 13.7948 -18.8821 
vt 13.8143 -18.8899 
vt 13.7948 -19.1179 
vt 13.8281 -19.1279 
vt 13.8143 -19.1101 
vt 13.8143 -18.8899 
vt 13.8368 -18.8982 
vt 13.8385 -18.877 
vt 13.8606 -18.8863 
vt 13.8385 -18.877 
vt 13.8368 -19.1018 
vt 13.8143 -19.1101 
vt 13.8385 -19.123 
vt 13.8606 -19.1137 
vt 13.8385 -19.123 
vt 13.8385 -18.877 
vt 13.8281 -18.8721 
vt 13.8143 -18.8899 
vt 13.8281 -19.1279 
vt 13.8385 -19.123 
vt 13.8143 -19.1101 
vt 13.8281 -19.1279 
vt 13.8032 -19.1347 
vt 13.7948 -19.1179 
vt 13.7948 -18.8821 
vt 13.8281 -18.8721 
vt 13.8032 -18.8653 
vt 13.7642 -19.0862 
vt 13.7741 -19.1068 
vt 13.7726 -19.0837 
vt 13.7683 -19.0669 
vt 13.7557 -19.0438 
vt 13.7599 -19.0676 
vt 13.7643 -19.0433 
vt 13.7635 -19.0304 
vt 13.7635 -18.9696 
vt 13.7643 -18.9567 
vt 13.7557 -18.9562 
vt 13.7599 -18.9324 
vt 13.7741 -18.8932 
vt 13.7642 -18.9138 
vt 13.7726 -18.9163 
vt 13.7683 -18.9331 
vt 13.7683 -19.0669 
vt 13.7599 -19.0676 
vt 13.7642 -19.0862 
vt 13.7643 -19.0433 
vt 13.7683 -18.9331 
vt 13.7599 -18.9324 
vt 13.7643 -18.9567 
vt 13.7642 -18.9138 
vt 13.7948 -19.1179 
vt 13.7831 -19.1225 
vt 13.8032 -19.1347 
vt 13.7822 -19.1057 
vt 13.763 -19.006 
vt 13.7542 -19.006 
vt 13.7549 -19.0307 
vt 13.7542 -18.994 
vt 13.763 -18.994 
vt 13.7549 -18.9693 
vt 13.7948 -18.8821 
vt 13.7831 -18.8775 
vt 13.7822 -18.8943 
vt 13.8032 -18.8653 
vt 13.7635 -19.0304 
vt 13.763 -19.006 
vt 13.7549 -19.0307 
vt 13.7557 -19.0438 
vt 13.763 -18.994 
vt 13.7635 -18.9696 
vt 13.7549 -18.9693 
vt 13.7557 -18.9562 
vt 13.7741 -19.1068 
vt 13.7831 -19.1225 
vt 13.7822 -19.1057 
vt 13.7726 -19.0837 
vt 13.7831 -18.8775 
vt 13.7741 -18.8932 
vt 13.7822 -18.8943 
vt 13.7726 -18.9163 
vt 14.1402 -19.2324 
vt 14.1157 -19.2076 
vt 14.1392 -19.2331 
vt 13.8966 -19.1014 
vt 13.8974 -19.1008 
vt 13.8766 -19.0255 
vt 13.9013 -19.1109 
vt 13.9004 -19.1116 
vt 13.9013 -19.1109 
vt 13.9077 -19.1197 
vt 14.1157 -19.2076 
vt 14.0924 -19.1759 
vt 14.1146 -19.2081 
vt 14.1392 -19.2331 
vt 13.9004 -19.1116 
vt 13.9068 -19.1204 
vt 13.9077 -19.1197 
vt 13.9161 -19.1265 
vt 13.9152 -19.1272 
vt 13.9161 -19.1265 
vt 13.9261 -19.1309 
vt 13.832 -18.9814 
vt 13.8369 -18.9961 
vt 13.832 -18.9771 
vt 13.8369 -18.9961 
vt 13.832 -18.9814 
vt 13.832 -18.9771 
vt 13.9152 -19.1272 
vt 13.9252 -19.1316 
vt 13.9261 -19.1309 
vt 14.0424 -19.1524 
vt 14.0424 -19.1535 
vt 14.0424 -19.1524 
vt 13.9252 -19.1316 
vt 14.0596 -19.1567 
vt 14.0424 -19.1535 
vt 14.0596 -19.1578 
vt 14.0596 -19.1567 
vt 14.0754 -19.1647 
vt 14.1398 -19.2179 
vt 14.1307 -19.2166 
vt 14.0596 -19.1578 
vt 14.0753 -19.1659 
vt 14.0754 -19.1647 
vt 14.0924 -19.1759 
vt 13.8751 -19.0259 
vt 13.8766 -19.0255 
vt 13.8495 -18.7313 
vt 13.848 -18.7313 
vt 13.8369 -18.9961 
vt 13.8435 -19.0074 
vt 13.8369 -18.9919 
vt 13.832 -18.9771 
vt 13.8751 -19.0259 
vt 13.8966 -19.1014 
vt 13.8766 -19.0255 
vt 14.0916 -19.1767 
vt 14.0924 -19.1759 
vt 14.0753 -19.1659 
vt 14.1146 -19.2081 
vt 13.8369 -18.9919 
vt 13.8291 -18.7313 
vt 13.832 -18.9771 
vt 13.832 -18.9848 
vt 13.832 -18.9848 
vt 13.8369 -18.9919 
vt 13.8369 -18.9961 
vt 13.8434 -19.0041 
vt 13.8434 -19.0041 
vt 13.8434 -18.9998 
vt 13.8369 -18.9919 
vt 13.8434 -19.0041 
vt 14.1162 -19.1965 
vt 14.1322 -19.205 
vt 13.8435 -19.0074 
vt 14.1162 -19.1965 
vt 14.1175 -19.1717 
vt 14.0974 -19.1674 
vt 14.1175 -19.1717 
vt 14.0974 -19.1674 
vt 14.1175 -19.1717 
vt 14.1026 -19.1425 
vt 14.0974 -19.1674 
vt 14.0763 -19.129 
vt 14.0763 -19.129 
vt 14.1026 -19.1425 
vt 13.8291 -18.7313 
vt 13.8369 -18.9919 
vt 13.8434 -18.9998 
vt 13.8796 -19.0255 
vt 13.8766 -19.0255 
vt 13.8974 -19.1008 
vt 13.8993 -19.0989 
vt 13.9097 -19.0252 
vt 13.9097 -19.0252 
vt 13.8766 -19.0255 
vt 14.0756 -19.1538 
vt 14.0763 -19.129 
vt 14.0596 -19.1463 
vt 14.0974 -19.1674 
vt 14.0756 -19.1538 
vt 14.0596 -19.1463 
vt 14.0596 -19.1463 
vt 14.0598 -19.1223 
vt 14.0423 -19.1428 
vt 14.0763 -19.129 
vt 14.0598 -19.1223 
vt 14.1308 -19.1854 
vt 14.1176 -19.1391 
vt 14.1015 -19.0353 
vt 14.1021 -19.0349 
vt 14.1015 -19.0353 
vt 14.0423 -19.1428 
vt 14.0423 -19.1188 
vt 13.9282 -19.1279 
vt 14.0598 -19.1223 
vt 13.9282 -19.1279 
vt 13.9453 -19.1074 
vt 13.9182 -19.124 
vt 14.0423 -19.1188 
vt 13.9182 -19.124 
vt 13.9032 -19.1089 
vt 13.9211 -19.0899 
vt 13.8993 -19.0989 
vt 13.9271 -19.0983 
vt 13.9096 -19.1175 
vt 13.9271 -19.0983 
vt 13.9032 -19.1089 
vt 13.9355 -19.1043 
vt 13.9182 -19.124 
vt 13.9355 -19.1043 
vt 13.9096 -19.1175 
vt 13.9453 -19.1074 
vt 13.8324 -18.7313 
vt 13.8434 -18.9998 
vt 13.8572 -19.0058 
vt 13.8993 -19.0989 
vt 13.9179 -19.0801 
vt 13.9097 -19.0252 
vt 13.9211 -19.0899 
vt 14.0574 -19.0185 
vt 14.1035 -18.7313 
vt 13.848 -18.7313 
vt 13.8751 -19.01 
vt 13.8751 -19.0134 
vt 14.1058 -18.7313 
vt 14.1035 -18.7313 
vt 14.0574 -19.0185 
vt 14.062 -19.0179 
vt 14.1058 -18.7313 
vt 14.0574 -19.0185 
vt 13.848 -18.7313 
vt 13.8751 -19.01 
vt 13.8751 -19.0134 
vt 13.8434 -19.0041 
vt 13.8572 -19.0101 
vt 13.8572 -19.0058 
vt 13.8572 -19.0101 
vt 13.8434 -18.9998 
vt 13.8434 -19.0041 
vt 13.8572 -19.0058 
vt 13.8572 -19.0058 
vt 13.8751 -19.0057 
vt 13.8393 -18.7313 
vt 14.1078 -18.7313 
vt 14.1058 -18.7313 
vt 14.062 -19.0179 
vt 13.8751 -19.0057 
vt 13.848 -18.7313 
vt 13.8393 -18.7313 
vt 13.8324 -18.7313 
vt 13.8572 -19.0058 
vt 13.8291 -18.7313 
vt 13.8434 -18.9998 
vt 13.8262 -18.7313 
vt 13.832 -18.9771 
vt 14.0659 -19.017 
vt 14.1078 -18.7313 
vt 14.062 -19.0179 
vt 14.0562 -19.0178 
vt 14.0574 -19.0185 
vt 14.0562 -19.0178 
vt 14.0342 -19.0207 
vt 14.1256 -18.7313 
vt 14.1256 -18.7313 
vt 13.8966 -19.1015 
vt 13.9004 -19.1115 
vt 13.9004 -19.1115 
vt 13.8966 -19.1015 
vt 14.1103 -19.0764 
vt 14.105 -19.0534 
vt 14.106 -19.0349 
vt 14.1035 -18.7313 
vt 14.102 -18.7313 
vt 14.0574 -19.0185 
vt 13.8435 -19.0074 
vt 13.8572 -19.0135 
vt 13.8572 -19.0101 
vt 13.8572 -19.0058 
vt 13.8751 -19.01 
vt 13.8751 -19.0057 
vt 13.8572 -19.0058 
vt 13.8751 -19.01 
vt 14.1091 -18.7313 
vt 14.0889 -19.0189 
vt 14.0889 -19.0189 
vt 14.147 -19.186 
vt 13.8434 -19.0041 
vt 13.8435 -19.0074 
vt 13.8572 -19.0101 
vt 14.0685 -19.0161 
vt 14.0685 -19.0161 
vt 14.1165 -19.2 
vt 14.102 -18.7313 
vt 14.0562 -19.0178 
vt 14.0574 -19.0185 
vt 13.9154 -19.1266 
vt 13.9069 -19.1201 
vt 13.9154 -19.1266 
vt 13.9069 -19.1201 
vt 14.1095 -18.7313 
vt 14.1157 -18.7313 
vt 14.1095 -18.7313 
vt 14.0694 -19.0117 
vt 14.1195 -18.7313 
vt 14.0817 -19.0158 
vt 14.1225 -18.7313 
vt 14.0894 -19.0198 
vt 14.1256 -18.7313 
vt 14.1015 -19.0353 
vt 14.0974 -19.1674 
vt 14.0756 -19.1538 
vt 14.0971 -19.1701 
vt 13.8272 -18.7313 
vt 13.8272 -18.7313 
vt 14.0817 -19.0158 
vt 14.1157 -18.7313 
vt 14.0694 -19.0117 
vt 14.1315 -19.2198 
vt 14.0894 -19.0198 
vt 14.1195 -18.7313 
vt 14.0817 -19.0158 
vt 14.0682 -19.0105 
vt 14.0682 -19.0105 
vt 13.9097 -19.0105 
vt 13.8796 -19.0105 
vt 13.9097 -19.0117 
vt 13.9381 -19.0102 
vt 13.8796 -19.0105 
vt 13.8796 -19.0117 
vt 13.9097 -19.0117 
vt 13.9381 -19.0114 
vt 13.9381 -19.0102 
vt 13.9622 -19.01 
vt 13.9622 -19.0112 
vt 13.9863 -19.0099 
vt 13.9863 -19.0111 
vt 14.0104 -19.01 
vt 14.0104 -19.0112 
vt 14.0345 -19.0101 
vt 14.0345 -19.0113 
vt 14.0722 -19.0105 
vt 14.072 -19.0117 
vt 14.0722 -19.0105 
vt 14.0345 -19.0113 
vt 14.0682 -19.0129 
vt 14.0953 -19.0261 
vt 14.1225 -18.7313 
vt 14.0894 -19.0198 
vt 14.1138 -19.0994 
vt 14.1103 -19.0764 
vt 14.1091 -19.0767 
vt 14.1038 -19.0536 
vt 14.1103 -19.0764 
vt 14.105 -19.0534 
vt 14.1018 -19.0461 
vt 14.103 -19.0459 
vt 14.103 -19.0459 
vt 14.1015 -19.0353 
vt 13.8572 -19.0101 
vt 13.8572 -19.0135 
vt 13.8751 -19.0134 
vt 13.8751 -19.01 
vt 13.8572 -19.0101 
vt 13.8751 -19.0134 
vt 14.1073 -19.0461 
vt 14.1062 -19.0463 
vt 14.1119 -19.0633 
vt 14.1068 -19.0349 
vt 14.1225 -18.7313 
vt 14.0953 -19.0261 
vt 14.1015 -19.0353 
vt 14.1176 -19.0865 
vt 14.1119 -19.0633 
vt 14.1107 -19.0636 
vt 14.1062 -19.0463 
vt 14.1165 -19.0867 
vt 14.1176 -19.0865 
vt 14.1107 -19.0636 
vt 13.8766 -19.0122 
vt 13.8766 -19.0089 
vt 13.8573 -19.0122 
vt 13.8573 -19.0089 
vt 13.8442 -19.0064 
vt 13.8442 -19.0031 
vt 13.8766 -19.0046 
vt 13.8573 -19.0089 
vt 13.8573 -19.0046 
vt 13.8442 -19.0031 
vt 13.8442 -18.9989 
vt 13.8379 -18.9913 
vt 13.8379 -18.9913 
vt 13.8379 -18.9955 
vt 13.8331 -18.9769 
vt 13.8331 -18.9812 
vt 14.1068 -19.0349 
vt 14.1057 -19.0354 
vt 14.1062 -19.0463 
vt 13.8434 -19.0056 
vt 14.0694 -19.0117 
vt 14.1224 -19.1097 
vt 14.1176 -19.0865 
vt 14.1165 -19.0867 
vt 14.0755 -19.1562 
vt 14.0755 -19.1562 
vt 13.8766 -19.0105 
vt 13.8573 -19.0129 
vt 13.9097 -19.0105 
vt 13.8796 -19.0105 
vt 13.9097 -19.0117 
vt 13.9381 -19.0102 
vt 13.8796 -19.0105 
vt 13.8796 -19.0117 
vt 13.9097 -19.0117 
vt 13.9381 -19.0114 
vt 13.9381 -19.0102 
vt 13.9622 -19.01 
vt 13.9622 -19.0112 
vt 13.9863 -19.0099 
vt 13.9863 -19.0111 
vt 14.0104 -19.01 
vt 14.0104 -19.0112 
vt 14.0345 -19.0101 
vt 14.0345 -19.0113 
vt 14.0745 -19.0105 
vt 14.1138 -19.0994 
vt 14.1127 -19.0997 
vt 14.1147 -19.1167 
vt 14.1091 -19.0767 
vt 14.0742 -19.0117 
vt 14.0745 -19.0105 
vt 14.0345 -19.0113 
vt 14.1299 -19.1492 
vt 14.1288 -19.1493 
vt 14.1339 -19.1723 
vt 14.1224 -19.1097 
vt 14.1213 -19.1099 
vt 14.1165 -19.0867 
vt 14.1288 -19.1493 
vt 14.1097 -19.0465 
vt 14.109 -19.0349 
vt 14.1085 -19.0467 
vt 14.1154 -19.0665 
vt 14.109 -19.0349 
vt 14.108 -19.0354 
vt 14.1085 -19.0467 
vt 14.1142 -19.0667 
vt 14.1154 -19.0665 
vt 14.1085 -19.0467 
vt 14.1216 -19.0897 
vt 14.1204 -19.0899 
vt 14.1271 -19.113 
vt 14.1259 -19.1133 
vt 14.136 -19.159 
vt 14.1371 -19.1588 
vt 14.136 -19.159 
vt 14.1371 -19.1588 
vt 14.1419 -19.1822 
vt 14.1408 -19.1824 
vt 14.1419 -19.1822 
vt 14.1461 -19.2056 
vt 14.1449 -19.2058 
vt 14.1503 -19.2316 
vt 14.1158 -19.1165 
vt 14.1147 -19.1167 
vt 14.1176 -19.1391 
vt 14.1138 -19.0994 
vt 14.1339 -19.1723 
vt 14.1328 -19.1724 
vt 14.1371 -19.1952 
vt 14.1288 -19.1493 
vt 14.1105 -19.0466 
vt 14.1094 -19.0468 
vt 14.1169 -19.0677 
vt 14.1099 -19.0349 
vt 13.8796 -19.0105 
vt 13.8796 -19.0117 
vt 13.9097 -19.0117 
vt 13.9381 -19.0114 
vt 13.9381 -19.0102 
vt 13.9622 -19.01 
vt 13.9622 -19.0112 
vt 13.9863 -19.0099 
vt 13.9863 -19.0111 
vt 14.0104 -19.01 
vt 14.0104 -19.0112 
vt 14.0345 -19.0101 
vt 14.0345 -19.0113 
vt 14.0753 -19.0105 
vt 13.9097 -19.0105 
vt 13.8796 -19.0105 
vt 13.9097 -19.0117 
vt 13.9381 -19.0102 
vt 14.0751 -19.0117 
vt 14.0753 -19.0105 
vt 14.0345 -19.0113 
vt 14.1235 -19.0908 
vt 14.1169 -19.0677 
vt 14.1157 -19.0679 
vt 14.1094 -19.0468 
vt 14.1223 -19.0911 
vt 14.1235 -19.0908 
vt 14.1157 -19.0679 
vt 14.1328 -19.1724 
vt 14.1359 -19.1953 
vt 14.1371 -19.1952 
vt 14.1099 -19.0349 
vt 14.1088 -19.0354 
vt 14.1094 -19.0468 
vt 14.1294 -19.1141 
vt 14.1235 -19.0908 
vt 14.1223 -19.0911 
vt 14.1294 -19.1141 
vt 14.1282 -19.1144 
vt 14.1398 -19.1624 
vt 14.1223 -19.0911 
vt 14.1312 -19.2052 
vt 14.1322 -19.205 
vt 14.1308 -19.1854 
vt 14.1409 -19.1622 
vt 14.1398 -19.1624 
vt 14.1463 -19.1857 
vt 14.1294 -19.1141 
vt 14.1398 -19.2179 
vt 14.1371 -19.1952 
vt 14.1359 -19.1953 
vt 14.1463 -19.1857 
vt 14.1451 -19.1858 
vt 14.151 -19.2093 
vt 14.1398 -19.1624 
vt 14.1491 -19.2317 
vt 14.1503 -19.2316 
vt 14.1449 -19.2058 
vt 14.1147 -19.1167 
vt 14.1166 -19.1394 
vt 14.1176 -19.1391 
vt 14.156 -19.2364 
vt 14.151 -19.2093 
vt 14.1498 -19.2094 
vt 14.1451 -19.1858 
vt 14.1498 -19.2094 
vt 14.1387 -19.2178 
vt 14.1398 -19.2179 
vt 14.1359 -19.1953 
vt 14.1548 -19.2365 
vt 14.156 -19.2364 
vt 14.1498 -19.2094 
vt 14.1308 -19.1854 
vt 14.1287 -19.163 
vt 14.1298 -19.1857 
vt 14.1312 -19.2052 
vt 14.0753 -19.0105 
vt 14.0345 -19.0101 
vt 14.0751 -19.0117 
vt 14.1176 -19.1391 
vt 14.1166 -19.1394 
vt 14.1178 -19.1612 
vt 14.1404 -19.1628 
vt 14.1416 -19.1626 
vt 14.1286 -19.1145 
vt 14.1458 -19.1862 
vt 14.147 -19.186 
vt 14.1416 -19.1626 
vt 14.1458 -19.1862 
vt 14.1507 -19.2098 
vt 14.1519 -19.2096 
vt 14.147 -19.186 
vt 14.1507 -19.2098 
vt 14.1559 -19.237 
vt 14.1559 -19.237 
vt 14.1571 -19.2369 
vt 14.1519 -19.2096 
vt 14.1286 -19.1145 
vt 14.1298 -19.1142 
vt 14.1237 -19.0909 
vt 14.1416 -19.1626 
vt 14.1225 -19.0912 
vt 14.1237 -19.0909 
vt 14.117 -19.0678 
vt 14.1286 -19.1145 
vt 14.0345 -19.0101 
vt 14.0345 -19.0113 
vt 14.0751 -19.0117 
vt 14.0104 -19.01 
vt 14.0104 -19.0112 
vt 13.9863 -19.0099 
vt 13.9863 -19.0111 
vt 13.9622 -19.01 
vt 13.9622 -19.0112 
vt 13.9381 -19.0102 
vt 13.9381 -19.0114 
vt 13.9097 -19.0105 
vt 13.8796 -19.0105 
vt 13.8796 -19.0117 
vt 14.117 -19.0678 
vt 14.1106 -19.0466 
vt 14.1158 -19.068 
vt 14.1225 -19.0912 
vt 14.1106 -19.0466 
vt 14.1099 -19.0349 
vt 14.1088 -19.0354 
vt 14.1094 -19.0468 
vt 14.1106 -19.0466 
vt 14.1088 -19.0354 
vt 14.1158 -19.068 
vt 13.9097 -19.0105 
vt 13.9097 -19.0117 
vt 13.9381 -19.0114 
vt 13.8796 -19.0117 
vt 14.1531 -19.2357 
vt 14.1543 -19.2357 
vt 14.1495 -19.2086 
vt 14.1495 -19.2086 
vt 14.145 -19.1851 
vt 14.1483 -19.2088 
vt 14.1531 -19.2357 
vt 14.1287 -19.163 
vt 14.1256 -19.1402 
vt 14.1277 -19.1632 
vt 14.1298 -19.1857 
vt 13.8993 -19.0989 
vt 13.8796 -19.0255 
vt 13.8974 -19.1008 
vt 13.9032 -19.1089 
vt 13.9013 -19.1109 
vt 13.8974 -19.1008 
vt 13.9096 -19.1175 
vt 13.9182 -19.124 
vt 13.9078 -19.1194 
vt 13.9013 -19.1109 
vt 13.9163 -19.1259 
vt 13.9182 -19.124 
vt 13.9282 -19.1279 
vt 13.9263 -19.1299 
vt 13.9282 -19.1279 
vt 14.145 -19.1851 
vt 14.1399 -19.1617 
vt 14.1438 -19.1853 
vt 14.1483 -19.2088 
vt 14.1446 -19.2274 
vt 14.1458 -19.2273 
vt 14.1423 -19.2022 
vt 14.1387 -19.1619 
vt 14.1399 -19.1617 
vt 14.1276 -19.1141 
vt 14.1438 -19.1853 
vt 14.1423 -19.2022 
vt 14.1386 -19.1791 
vt 14.1411 -19.2024 
vt 14.1446 -19.2274 
vt 14.1166 -19.1394 
vt 14.117 -19.1615 
vt 14.1178 -19.1612 
vt 14.1288 -19.1139 
vt 14.123 -19.0906 
vt 14.1276 -19.1141 
vt 14.1399 -19.1617 
vt 14.123 -19.0906 
vt 14.1166 -19.0674 
vt 14.1219 -19.0908 
vt 14.1276 -19.1141 
vt 14.1154 -19.0677 
vt 14.1166 -19.0674 
vt 14.1105 -19.0465 
vt 14.1219 -19.0908 
vt 14.1386 -19.1791 
vt 14.1343 -19.1559 
vt 14.1375 -19.1793 
vt 14.1411 -19.2024 
vt 14.1105 -19.0465 
vt 14.1097 -19.0349 
vt 14.1086 -19.0354 
vt 14.1093 -19.0467 
vt 14.1105 -19.0465 
vt 14.1086 -19.0354 
vt 14.1154 -19.0677 
vt 14.1245 -19.1404 
vt 14.1256 -19.1402 
vt 14.1191 -19.1068 
vt 14.1277 -19.1632 
vt 14.1175 -19.1717 
vt 14.1178 -19.1612 
vt 14.117 -19.1615 
vt 14.0752 -19.0105 
vt 14.0345 -19.0101 
vt 14.0749 -19.0117 
vt 14.0345 -19.0101 
vt 14.0345 -19.0113 
vt 14.0749 -19.0117 
vt 14.0345 -19.0113 
vt 14.0345 -19.0101 
vt 14.0104 -19.01 
vt 14.0104 -19.0112 
vt 13.9863 -19.0099 
vt 13.9863 -19.0111 
vt 13.9622 -19.01 
vt 13.9622 -19.0112 
vt 13.9381 -19.0102 
vt 13.9381 -19.0114 
vt 13.9097 -19.0105 
vt 13.8796 -19.0105 
vt 13.8796 -19.0117 
vt 13.9097 -19.0105 
vt 13.9097 -19.0117 
vt 13.9381 -19.0114 
vt 13.8796 -19.0117 
vt 13.9178 -19.1243 
vt 13.9154 -19.1266 
vt 13.9254 -19.1306 
vt 13.9178 -19.1243 
vt 13.9092 -19.1178 
vt 14.1332 -19.1561 
vt 14.1343 -19.1559 
vt 14.1243 -19.1121 
vt 14.1375 -19.1793 
vt 13.9278 -19.1282 
vt 14.0423 -19.1433 
vt 14.0423 -19.1433 
vt 13.9278 -19.1282 
vt 13.9254 -19.1306 
vt 13.9178 -19.1243 
vt 14.1023 -19.1426 
vt 14.1023 -19.1426 
vt 14.1256 -18.7313 
vt 14.1246 -18.7313 
vt 14.1021 -19.0349 
vt 13.9069 -19.1201 
vt 13.9154 -19.1266 
vt 13.9092 -19.1178 
vt 13.9028 -19.1092 
vt 13.9004 -19.1115 
vt 13.9069 -19.1201 
vt 13.899 -19.0992 
vt 13.8966 -19.1015 
vt 13.9004 -19.1115 
vt 13.8751 -19.0259 
vt 14.0596 -19.1468 
vt 14.0596 -19.1468 
vt 14.1243 -19.1121 
vt 14.1255 -19.1118 
vt 14.1204 -19.0886 
vt 14.1343 -19.1559 
vt 14.1167 -19.1719 
vt 14.1167 -19.1719 
vt 14.1191 -19.1068 
vt 14.1202 -19.1065 
vt 14.116 -19.0836 
vt 14.1256 -19.1402 
vt 14.1192 -19.0889 
vt 14.1204 -19.0886 
vt 14.1145 -19.0655 
vt 14.1243 -19.1121 
vt 14.1145 -19.0655 
vt 14.1093 -19.0463 
vt 14.1134 -19.0657 
vt 14.1192 -19.0889 
vt 14.1093 -19.0463 
vt 14.1086 -19.0349 
vt 14.1075 -19.0354 
vt 14.1082 -19.0465 
vt 14.1093 -19.0463 
vt 14.1075 -19.0354 
vt 14.1134 -19.0657 
vt 14.1148 -19.0839 
vt 14.116 -19.0836 
vt 14.1106 -19.0606 
vt 14.1191 -19.1068 
vt 14.1106 -19.0606 
vt 14.1068 -19.0462 
vt 14.1094 -19.0609 
vt 14.1148 -19.0839 
vt 14.0741 -19.0105 
vt 14.0345 -19.0101 
vt 14.0738 -19.0117 
vt 14.0756 -19.1544 
vt 14.0756 -19.1544 
vt 14.0345 -19.0101 
vt 14.0345 -19.0113 
vt 14.0738 -19.0117 
vt 14.0104 -19.01 
vt 14.0104 -19.0112 
vt 13.9863 -19.0099 
vt 13.9863 -19.0111 
vt 13.9622 -19.01 
vt 13.9622 -19.0112 
vt 13.9381 -19.0102 
vt 13.9381 -19.0114 
vt 13.9097 -19.0105 
vt 13.8796 -19.0105 
vt 13.8796 -19.0117 
vt 13.9097 -19.0105 
vt 13.9097 -19.0117 
vt 13.9381 -19.0114 
vt 13.8796 -19.0117 
vt 14.1056 -19.0464 
vt 14.1068 -19.0462 
vt 14.1049 -19.0354 
vt 14.1094 -19.0609 
vt 14.1068 -19.0462 
vt 14.106 -19.0349 
vt 14.1049 -19.0354 
vt 14.1021 -19.0349 
vt 14.1246 -18.7313 
vt 14.0949 -19.0252 
vt 14.0102 -19.0226 
vt 14.0342 -19.0207 
vt 14.0342 -19.0199 
vt 14.0562 -19.0178 
vt 14.1184 -18.7313 
vt 14.0889 -19.0189 
vt 14.0949 -19.0252 
vt 14.1167 -19.1719 
vt 14.1175 -19.1717 
vt 14.1023 -19.1426 
vt 14.0763 -19.1291 
vt 14.0423 -19.1189 
vt 14.0423 -19.1189 
vt 13.9452 -19.1075 
vt 14.0714 -19.0105 
vt 14.0345 -19.0101 
vt 14.0711 -19.0117 
vt 14.1146 -18.7313 
vt 14.0813 -19.0148 
vt 14.0889 -19.0189 
vt 14.0345 -19.0101 
vt 14.0345 -19.0113 
vt 14.0711 -19.0117 
vt 14.0104 -19.01 
vt 14.0104 -19.0112 
vt 13.9863 -19.0099 
vt 13.9863 -19.0111 
vt 13.9622 -19.01 
vt 13.9622 -19.0112 
vt 13.9381 -19.0102 
vt 13.9381 -19.0114 
vt 13.9097 -19.0105 
vt 13.8796 -19.0105 
vt 13.8796 -19.0117 
vt 13.9097 -19.0105 
vt 13.9097 -19.0117 
vt 13.9381 -19.0114 
vt 13.8796 -19.0117 
vt 14.108 -18.7313 
vt 14.0682 -19.0105 
vt 14.0813 -19.0148 
vt 14.097 -19.1678 
vt 14.1153 -19.1968 
vt 14.097 -19.1678 
vt 14.0963 -19.1709 
vt 14.1153 -19.1968 
vt 14.0756 -19.1544 
vt 14.1146 -18.7313 
vt 14.108 -18.7313 
vt 14.0813 -19.0148 
vt 14.1184 -18.7313 
vt 14.0889 -19.0189 
vt 14.1214 -18.7313 
vt 14.0949 -19.0252 
vt 14.1246 -18.7313 
vt 13.927 -19.0983 
vt 13.921 -19.09 
vt 13.921 -19.09 
vt 13.927 -19.0983 
vt 14.1044 -18.7313 
vt 14.0608 -19.0171 
vt 14.0647 -19.0163 
vt 14.1063 -18.7313 
vt 14.1044 -18.7313 
vt 14.0647 -19.0163 
vt 13.8328 -18.7313 
vt 13.8297 -18.7313 
vt 13.8442 -18.9989 
vt 13.8394 -18.7313 
vt 13.8573 -19.0046 
vt 13.8495 -18.7313 
vt 13.8766 -19.0046 
vt 13.8495 -18.7313 
vt 13.8297 -18.7313 
vt 13.8272 -18.7313 
vt 13.8331 -18.9769 
vt 13.8394 -18.7313 
vt 13.8573 -19.0046 
vt 13.8766 -19.0046 
vt 13.8796 -19.0259 
vt 13.8751 -19.0259 
vt 13.899 -19.0992 
vt 14.1044 -18.7313 
vt 14.102 -18.7313 
vt 14.0562 -19.0178 
vt 14.0608 -19.0171 
vt 14.1044 -18.7313 
vt 14.0562 -19.0178 
vt 13.8328 -18.7313 
vt 13.8442 -18.9989 
vt 13.8573 -19.0046 
vt 13.9028 -19.1092 
vt 13.921 -19.09 
vt 13.9179 -19.0801 
vt 13.9092 -19.1178 
vt 13.9092 -19.1178 
vt 13.927 -19.0983 
vt 13.921 -19.09 
vt 13.9178 -19.1243 
vt 13.9179 -19.0801 
vt 13.9097 -19.0257 
vt 13.899 -19.0992 
vt 13.9028 -19.1092 
vt 13.9178 -19.1243 
vt 13.9278 -19.1282 
vt 13.9354 -19.1044 
vt 13.927 -19.0983 
vt 14.0423 -19.1189 
vt 13.9452 -19.1075 
vt 13.9278 -19.1282 
vt 13.9354 -19.1044 
vt 14.0423 -19.1433 
vt 14.0596 -19.1468 
vt 14.0423 -19.1189 
vt 13.9278 -19.1282 
vt 14.0596 -19.1468 
vt 14.0756 -19.1544 
vt 14.0598 -19.1224 
vt 14.0423 -19.1189 
vt 14.0756 -19.1544 
vt 14.097 -19.1678 
vt 14.0763 -19.1291 
vt 14.0598 -19.1224 
vt 13.9097 -19.0257 
vt 13.8796 -19.0259 
vt 13.899 -19.0992 
vt 13.8297 -18.7313 
vt 13.8379 -18.9913 
vt 13.8442 -18.9989 
vt 14.1167 -19.1719 
vt 14.1023 -19.1426 
vt 14.097 -19.1678 
vt 14.0763 -19.1291 
vt 14.1167 -19.1719 
vt 14.1153 -19.1968 
vt 14.097 -19.1678 
vt 13.8379 -18.9913 
vt 13.8297 -18.7313 
vt 13.8331 -18.9769 
vt 13.8276 -18.967 
vt 13.8262 -18.9932 
vt 13.8271 -18.9933 
vt 13.8271 -19.0067 
vt 13.8285 -18.967 
vt 13.8276 -18.967 
vt 13.8271 -18.9933 
vt 13.8286 -18.9515 
vt 13.833 -18.9248 
vt 13.8295 -18.9515 
vt 13.8285 -18.967 
vt 13.8339 -18.9248 
vt 13.833 -18.9248 
vt 13.8387 -18.9023 
vt 13.833 -19.0752 
vt 13.8387 -19.0977 
vt 13.8339 -19.0752 
vt 13.8295 -19.0485 
vt 13.8286 -19.0485 
vt 13.8285 -19.033 
vt 13.833 -19.0752 
vt 13.8276 -19.033 
vt 13.8285 -19.033 
vt 13.8271 -19.0067 
vt 13.8262 -19.0068 
vt 13.8271 -19.0067 
vt 13.8262 -18.9932 
vt 13.8276 -19.033 
vt 13.8396 -18.9022 
vt 13.8387 -18.9023 
vt 13.8339 -18.9248 
vt 13.8486 -18.8784 
vt 13.8387 -19.0977 
vt 13.8486 -19.1216 
vt 13.8396 -19.0978 
vt 13.8339 -19.0752 
vt 13.8496 -18.8784 
vt 13.8486 -18.8784 
vt 13.8396 -18.9022 
vt 13.8598 -18.8571 
vt 13.8486 -19.1216 
vt 13.8598 -19.1429 
vt 13.8496 -19.1216 
vt 13.8396 -19.0978 
vt 13.8608 -18.8571 
vt 13.8598 -18.8571 
vt 13.8496 -18.8784 
vt 13.8598 -19.1429 
vt 13.8608 -19.1429 
vt 13.8496 -19.1216 
vt 13.9076 -18.838 
vt 13.9076 -19.162 
vt 14.0932 -18.8366 
vt 14.0932 -19.1634 
vt 13.9576 -18.8368 
vt 14.0748 -18.837 
vt 14.0748 -19.163 
vt 13.9576 -19.1632 
vt 13.9404 -18.8369 
vt 13.9404 -19.1631 
vt 13.9404 -18.8374 
vt 13.9404 -19.1626 
vt 13.9247 -18.8378 
vt 13.9247 -19.1622 
vt 14.1565 -19.1232 
vt 13.9084 -18.8384 
vt 14.1566 -19.1261 
vt 14.1566 -18.8739 
vt 14.1565 -18.8768 
vt 13.9026 -18.8636 
vt 14.1234 -19.1316 
vt 14.0903 -19.1316 
vt 14.0903 -18.8684 
vt 14.1234 -18.8684 
vt 13.9244 -18.8625 
vt 13.9404 -18.862 
vt 13.8985 -19.0901 
vt 13.8979 -18.9109 
vt 14.0818 -18.8619 
vt 14.1566 -19.0015 
vt 14.1428 -18.9985 
vt 14.1428 -19.0015 
vt 14.1249 -19.0015 
vt 14.1566 -18.9985 
vt 13.9426 -18.8733 
vt 14.1249 -19.1261 
vt 14.1249 -19.1232 
vt 14.1249 -19.1191 
vt 14.1249 -19.1082 
vt 13.9426 -19.1267 
vt 14.1249 -18.8768 
vt 14.1249 -18.8918 
vt 14.1428 -19.1261 
vt 14.1428 -18.8739 
vt 13.9341 -18.8772 
vt 13.9341 -19.1228 
vt 13.9438 -18.874 
vt 13.9658 -18.872 
vt 13.9658 -19.128 
vt 14.1565 -19.1083 
vt 14.1565 -18.8917 
vt 13.9006 -19.0723 
vt 13.894 -18.9277 
vt 13.9006 -18.9277 
vt 13.8914 -19.0497 
vt 13.8914 -18.9503 
vt 13.9066 -19.0723 
vt 13.9111 -19.0891 
vt 13.9066 -18.9277 
vt 13.9111 -18.9109 
vt 13.9057 -18.9307 
vt 13.9315 -18.8812 
vt 13.9315 -19.1188 
vt 13.9028 -19.0256 
vt 13.8968 -19.0256 
vt 13.891 -19.0467 
vt 13.8968 -18.9744 
vt 13.9028 -18.9744 
vt 13.9026 -19.0015 
vt 13.9039 -19.0497 
vt 13.9039 -18.9503 
vt 14.1566 -18.9503 
vt 14.1428 -18.9503 
vt 14.1566 -18.9533 
vt 14.1566 -18.9307 
vt 14.1566 -18.9277 
vt 14.1428 -18.9277 
vt 14.1566 -18.9097 
vt 14.1428 -18.9097 
vt 14.1565 -19.1232 
vt 14.1565 -19.1191 
vt 14.1428 -19.1232 
vt 14.1565 -18.8768 
vt 14.1565 -18.8809 
vt 14.1428 -18.8768 
vt 13.9187 -18.9109 
vt 14.0746 -19.1403 
vt 13.9577 -19.1403 
vt 14.0748 -19.163 
vt 14.0846 -19.1402 
vt 14.0848 -19.1631 
vt 14.0846 -19.1402 
vt 14.0931 -19.1397 
vt 14.0932 -19.1634 
vt 14.0931 -19.1397 
vt 13.9577 -18.8597 
vt 14.0746 -18.8597 
vt 14.0748 -18.837 
vt 14.0846 -18.8598 
vt 14.0848 -18.8369 
vt 14.0846 -18.8598 
vt 14.0931 -18.8603 
vt 14.0932 -18.8366 
vt 14.0931 -18.8603 
vt 13.9183 -19.0902 
vt 13.9112 -19.0467 
vt 13.9116 -19.0497 
vt 13.9112 -18.9533 
vt 13.9259 -19.0497 
vt 13.9259 -18.9503 
vt 13.9318 -19.0891 
vt 13.9318 -18.9109 
vt 13.9286 -18.9277 
vt 13.9306 -18.8858 
vt 14.0903 -19.0693 
vt 14.0903 -19.0693 
vt 14.0619 -19.0693 
vt 14.0903 -18.9307 
vt 14.0619 -18.9307 
vt 14.1204 -19.0693 
vt 14.0378 -19.0693 
vt 14.0137 -19.0693 
vt 13.9896 -19.0693 
vt 13.9655 -19.0692 
vt 13.9655 -18.9308 
vt 13.9896 -18.9307 
vt 14.0137 -18.9307 
vt 14.0137 -18.9307 
vt 14.0378 -18.9307 
vt 14.0378 -18.9307 
vt 14.1204 -18.9307 
vt 13.928 -19.0692 
vt 13.928 -18.9308 
vt 14.1565 -19.1191 
vt 14.1428 -19.1191 
vt 14.1428 -19.1232 
vt 14.1428 -18.8809 
vt 14.1565 -18.8809 
vt 14.1428 -18.8768 
vt 13.9896 -19.0904 
vt 14.0137 -19.0904 
vt 14.0378 -19.0904 
vt 14.0137 -19.1084 
vt 14.0619 -19.1084 
vt 14.0378 -19.1315 
vt 13.9898 -19.13 
vt 13.9896 -19.1084 
vt 13.9655 -19.1084 
vt 13.9318 -19.1072 
vt 14.0137 -18.9277 
vt 13.9896 -18.9277 
vt 14.0137 -18.9096 
vt 14.0378 -18.9096 
vt 13.9655 -18.9277 
vt 14.0378 -18.8685 
vt 14.0137 -18.8916 
vt 14.0138 -18.8691 
vt 13.9898 -18.87 
vt 13.9658 -18.8713 
vt 14.0619 -18.9096 
vt 14.0619 -18.8684 
vt 14.1427 -18.8824 
vt 13.9306 -19.1082 
vt 14.1566 -19.0903 
vt 14.1566 -19.0723 
vt 14.1428 -19.0903 
vt 14.1566 -19.0693 
vt 14.1428 -19.0723 
vt 14.1566 -19.0497 
vt 14.1428 -19.0497 
vt 14.1566 -19.0467 
vt 14.1566 -19.0256 
vt 14.1428 -19.0467 
vt 14.1428 -19.0256 
vt 14.1249 -19.0256 
vt 14.1566 -19.0226 
vt 14.1428 -19.0226 
vt 14.1249 -19.0226 
vt 14.1204 -19.0226 
vt 14.1234 -18.9307 
vt 14.0903 -18.9277 
vt 14.0619 -18.9277 
vt 13.9306 -19.0903 
vt 14.1234 -19.0904 
vt 14.0619 -19.0904 
vt 14.0378 -19.0723 
vt 14.0903 -19.1084 
vt 14.1427 -19.1084 
vt 14.1427 -19.1176 
vt 14.0619 -18.9533 
vt 14.0903 -18.9533 
vt 14.0903 -19.0467 
vt 14.0619 -19.0467 
vt 13.9655 -18.9533 
vt 13.9896 -18.9533 
vt 14.0137 -18.9533 
vt 14.0378 -18.9533 
vt 14.1204 -18.9533 
vt 14.1204 -19.0467 
vt 14.0378 -19.0467 
vt 14.0137 -19.0467 
vt 13.9896 -19.0467 
vt 13.9655 -19.0467 
vt 13.9655 -19.0467 
vt 14.1427 -19.0497 
vt 14.1427 -19.0693 
vt 14.0619 -19.0497 
vt 14.0137 -19.0497 
vt 14.1427 -18.9774 
vt 14.0619 -18.9744 
vt 14.0137 -18.9744 
vt 13.9247 -18.9985 
vt 13.9655 -18.9774 
vt 13.9655 -18.9985 
vt 13.9896 -18.9774 
vt 14.0378 -18.9774 
vt 14.0903 -18.9774 
vt 14.0619 -19.0226 
vt 14.0137 -19.0226 
vt 13.9896 -19.0015 
vt 13.9103 -19.0226 
vt 13.9103 -19.0015 
vt 13.9103 -18.9985 
vt 14.1427 -19.0226 
vt 14.1427 -19.0467 
vt 13.9898 -18.8709 
vt 13.9898 -18.87 
vt 13.9658 -18.8713 
vt 14.0138 -18.8701 
vt 14.0138 -18.8701 
vt 14.0138 -18.8691 
vt 14.0378 -18.8696 
vt 14.0138 -19.1299 
vt 13.9898 -19.1291 
vt 13.9898 -19.13 
vt 13.9658 -19.1287 
vt 14.0138 -19.1309 
vt 14.0378 -19.1304 
vt 14.1428 -19.1191 
vt 14.1565 -19.1191 
vt 14.1565 -19.1083 
vt 14.1565 -18.8809 
vt 14.1428 -18.8809 
vt 14.1565 -18.8917 
vt 14.1566 -19.0903 
vt 14.1565 -19.1083 
vt 14.1428 -19.0903 
vt 14.1566 -18.9097 
vt 14.1565 -18.8917 
vt 14.1428 -18.9097 
vt 14.1427 -18.9533 
vt 14.1427 -18.9503 
vt 14.1427 -18.9277 
vt 14.1427 -18.9307 
vt 14.0737 -19.1408 
vt 14.0737 -18.8592 
vt 14.0378 -18.8696 
vt 14.0378 -18.8685 
vt 14.0138 -18.8691 
vt 14.0619 -18.8694 
vt 14.0619 -19.1306 
vt 14.0378 -19.1304 
vt 14.0378 -19.1315 
vt 14.0138 -19.1309 
vt 13.9577 -19.1403 
vt 13.9404 -19.1402 
vt 13.9404 -19.1626 
vt 13.9247 -19.1622 
vt 13.9576 -19.1628 
vt 13.9404 -19.1626 
vt 14.0748 -19.163 
vt 13.9246 -19.1397 
vt 13.9247 -19.1622 
vt 13.9037 -19.1388 
vt 13.9576 -18.8372 
vt 13.9577 -18.8597 
vt 14.0748 -18.837 
vt 13.9404 -18.8374 
vt 13.9404 -18.8598 
vt 13.9404 -18.8374 
vt 13.9247 -18.8378 
vt 13.9246 -18.8603 
vt 13.9247 -18.8378 
vt 13.9037 -18.8612 
vt 14.1566 -18.9774 
vt 14.1566 -18.9744 
vt 14.1428 -18.9774 
vt 14.1428 -18.9744 
vt 14.1249 -18.9985 
vt 14.1249 -18.9774 
vt 13.894 -19.0723 
vt 13.8951 -19.0721 
vt 13.8943 -19.0691 
vt 13.8951 -18.9279 
vt 13.894 -18.9277 
vt 13.8943 -18.9309 
vt 13.8932 -19.0693 
vt 13.894 -19.0723 
vt 13.8943 -19.0691 
vt 13.894 -18.9277 
vt 13.8932 -18.9307 
vt 13.8943 -18.9309 
vt 13.8914 -19.0497 
vt 13.8925 -19.0496 
vt 13.892 -19.0466 
vt 14.0619 -18.8694 
vt 14.0619 -18.8684 
vt 14.0378 -18.8685 
vt 14.0903 -18.8695 
vt 14.0619 -19.1306 
vt 14.0619 -19.1316 
vt 14.0903 -19.1305 
vt 14.0378 -19.1315 
vt 13.8925 -18.9504 
vt 13.8914 -18.9503 
vt 13.892 -18.9534 
vt 13.891 -19.0467 
vt 13.8914 -19.0497 
vt 13.892 -19.0466 
vt 13.8914 -18.9503 
vt 13.891 -18.9533 
vt 13.892 -18.9534 
vt 13.8903 -19.0256 
vt 13.8914 -19.0256 
vt 13.8912 -19.0226 
vt 13.8901 -19.0226 
vt 13.8903 -19.0256 
vt 13.8912 -19.0226 
vt 13.8903 -18.9744 
vt 13.8901 -18.9774 
vt 13.8912 -18.9774 
vt 13.8914 -18.9744 
vt 13.8903 -18.9744 
vt 13.8912 -18.9774 
vt 13.9655 -18.9774 
vt 13.9896 -18.9774 
vt 14.0378 -18.9774 
vt 14.0619 -18.9774 
vt 14.0903 -18.9774 
vt 14.1204 -18.9774 
vt 14.0903 -19.0226 
vt 14.0378 -19.0226 
vt 13.9896 -19.0226 
vt 13.9655 -19.0226 
vt 13.9249 -18.9774 
vt 13.9249 -19.0226 
vt 13.8901 -19.0015 
vt 13.8912 -19.0015 
vt 13.8912 -18.9985 
vt 13.8901 -18.9985 
vt 14.0903 -18.8684 
vt 14.0619 -18.8684 
vt 14.0903 -18.8695 
vt 14.0619 -19.1316 
vt 14.0903 -19.1316 
vt 14.0903 -19.1305 
vt 14.1249 -19.1232 
vt 14.1428 -19.1232 
vt 14.1249 -19.1191 
vt 14.1428 -18.8768 
vt 14.1249 -18.8768 
vt 14.1249 -18.8809 
vt 14.1428 -19.1232 
vt 14.1428 -19.1191 
vt 14.1249 -19.1191 
vt 14.1428 -18.8809 
vt 14.1428 -18.8768 
vt 14.1249 -18.8809 
vt 13.9896 -19.0015 
vt 14.0137 -19.0015 
vt 14.0378 -18.9985 
vt 14.0619 -18.9985 
vt 14.1204 -18.9985 
vt 14.1204 -19.0015 
vt 14.0903 -19.0015 
vt 14.0822 -19.137 
vt 14.0722 -19.1371 
vt 13.9577 -19.1371 
vt 14.0746 -19.1403 
vt 13.9577 -18.8629 
vt 14.0722 -18.8629 
vt 14.0746 -18.8597 
vt 14.1249 -19.1191 
vt 14.1428 -19.1191 
vt 14.1428 -19.1082 
vt 14.1565 -19.1083 
vt 14.1428 -18.8809 
vt 14.1428 -18.8918 
vt 14.1565 -18.8917 
vt 14.1249 -18.8809 
vt 13.9577 -19.1371 
vt 13.9577 -19.1403 
vt 14.0746 -19.1403 
vt 13.9404 -19.1402 
vt 13.9404 -19.137 
vt 13.9246 -19.1397 
vt 13.9577 -19.1371 
vt 13.9084 -19.1616 
vt 13.9247 -19.1622 
vt 13.9037 -19.1388 
vt 13.9404 -18.863 
vt 13.9577 -18.8629 
vt 13.9404 -18.8598 
vt 13.9246 -18.8603 
vt 13.9577 -18.8629 
vt 13.9577 -18.8597 
vt 14.0746 -18.8597 
vt 13.9247 -18.8378 
vt 13.9084 -18.8384 
vt 13.9037 -18.8612 
vt 14.1249 -18.9097 
vt 14.1204 -18.9097 
vt 14.1249 -18.9277 
vt 14.1428 -18.9097 
vt 14.1565 -18.8917 
vt 14.1428 -18.8918 
vt 14.1428 -18.8918 
vt 14.1249 -18.9097 
vt 14.1249 -18.9307 
vt 14.1428 -18.9277 
vt 14.1204 -18.9277 
vt 14.1204 -18.9774 
vt 14.1249 -18.9774 
vt 14.1204 -18.9744 
vt 14.1204 -18.9533 
vt 14.0903 -18.9533 
vt 14.1249 -18.9744 
vt 14.1249 -18.9533 
vt 14.1428 -18.9533 
vt 14.1428 -18.9503 
vt 14.1249 -18.9503 
vt 14.1204 -18.9503 
vt 14.1428 -18.9307 
vt 14.1566 -18.9307 
vt 14.1428 -18.9277 
vt 14.1249 -18.9307 
vt 14.1204 -18.9307 
vt 14.0903 -18.9307 
vt 14.0903 -18.9503 
vt 14.0619 -18.9503 
vt 14.1249 -18.9277 
vt 14.1428 -18.9097 
vt 14.1428 -18.9277 
vt 14.1566 -18.9277 
vt 14.1428 -19.0723 
vt 14.1428 -19.0903 
vt 14.1566 -19.0723 
vt 14.1249 -19.0723 
vt 14.1428 -19.0693 
vt 14.1249 -19.0693 
vt 14.1566 -19.0693 
vt 14.1428 -19.0497 
vt 14.1249 -19.0497 
vt 14.1249 -19.0693 
vt 14.1249 -19.0497 
vt 14.1204 -19.0693 
vt 14.1428 -19.0467 
vt 14.1249 -19.0467 
vt 14.1249 -19.0256 
vt 14.1204 -19.0497 
vt 14.1204 -19.0693 
vt 14.0903 -19.0693 
vt 14.0903 -19.0497 
vt 14.0619 -19.0497 
vt 14.0619 -19.0693 
vt 14.0378 -19.0693 
vt 14.1204 -19.0467 
vt 14.1204 -19.0256 
vt 14.0903 -19.0467 
vt 14.1249 -19.0226 
vt 14.1204 -19.0226 
vt 14.1428 -19.0256 
vt 14.1428 -18.9533 
vt 14.1249 -18.9744 
vt 14.1204 -18.9744 
vt 14.1204 -18.9774 
vt 14.1204 -18.9985 
vt 14.0903 -18.9774 
vt 14.1204 -19.0015 
vt 14.0903 -18.9985 
vt 14.0619 -18.9985 
vt 14.0903 -19.0226 
vt 14.0619 -18.9774 
vt 14.0903 -19.0015 
vt 14.0378 -18.9774 
vt 14.0619 -19.0015 
vt 14.0378 -18.9985 
vt 14.0619 -19.0226 
vt 14.0137 -18.9774 
vt 14.0378 -19.0226 
vt 14.0137 -18.9985 
vt 14.0378 -19.0015 
vt 13.9896 -18.9774 
vt 14.0137 -19.0226 
vt 13.9896 -18.9985 
vt 14.0137 -19.0015 
vt 13.9655 -18.9774 
vt 13.9896 -19.0226 
vt 13.9655 -18.9986 
vt 13.9896 -19.0015 
vt 13.9655 -19.0226 
vt 13.9655 -19.0014 
vt 13.9249 -19.0014 
vt 13.9249 -18.9986 
vt 13.9249 -18.9774 
vt 13.9249 -19.0226 
vt 13.9111 -19.0014 
vt 13.9111 -18.9986 
vt 13.9111 -18.9774 
vt 13.9034 -18.9774 
vt 13.9034 -18.9985 
vt 13.9036 -18.9744 
vt 13.9034 -19.0015 
vt 13.9034 -19.0226 
vt 13.9111 -19.0226 
vt 13.9111 -19.0226 
vt 13.9036 -19.0256 
vt 13.9113 -19.0256 
vt 13.9043 -19.0466 
vt 13.9113 -19.0256 
vt 13.9251 -19.0256 
vt 13.9258 -19.0467 
vt 13.912 -19.0466 
vt 13.9043 -19.0466 
vt 13.9655 -19.0256 
vt 13.9655 -19.0467 
vt 13.9258 -19.0467 
vt 13.9896 -19.0256 
vt 13.9896 -19.0467 
vt 14.0137 -19.0256 
vt 14.0137 -19.0467 
vt 14.0378 -19.0256 
vt 14.0378 -19.0467 
vt 14.0619 -19.0256 
vt 14.0619 -19.0467 
vt 14.0903 -19.0467 
vt 14.0903 -19.0256 
vt 14.1204 -19.0256 
vt 13.9124 -19.0496 
vt 13.9262 -19.0497 
vt 13.9124 -19.0496 
vt 13.9047 -19.0496 
vt 13.928 -19.0692 
vt 13.9655 -19.0692 
vt 13.9655 -19.0497 
vt 13.9896 -19.0497 
vt 13.9896 -19.0693 
vt 14.0137 -19.0497 
vt 14.0137 -19.0693 
vt 14.0378 -19.0497 
vt 14.0378 -19.0693 
vt 14.0619 -19.0497 
vt 13.9142 -19.0692 
vt 13.9065 -19.0692 
vt 13.9047 -19.0496 
vt 13.9043 -19.0466 
vt 13.912 -19.0466 
vt 13.9065 -19.0692 
vt 13.9073 -19.0721 
vt 13.915 -19.0722 
vt 13.928 -19.0692 
vt 13.915 -19.0722 
vt 13.9289 -19.0722 
vt 13.9306 -19.0903 
vt 13.915 -19.0722 
vt 13.9183 -19.0902 
vt 13.9106 -19.0902 
vt 13.9073 -19.0721 
vt 14.1204 -18.9533 
vt 14.1249 -18.9533 
vt 14.1204 -18.9503 
vt 14.1249 -19.0467 
vt 14.1204 -19.0467 
vt 14.1204 -19.0497 
vt 13.9251 -18.9744 
vt 13.9655 -18.9744 
vt 13.9655 -18.9533 
vt 13.9262 -18.9503 
vt 13.9124 -18.9504 
vt 13.9258 -18.9533 
vt 13.9896 -18.9744 
vt 13.928 -18.9308 
vt 13.9896 -18.9533 
vt 14.0137 -18.9744 
vt 14.0137 -18.9533 
vt 14.0378 -18.9744 
vt 14.0378 -18.9533 
vt 14.0619 -18.9744 
vt 14.0619 -18.9533 
vt 14.0903 -18.9533 
vt 14.0903 -18.9744 
vt 13.9655 -18.9503 
vt 13.9655 -18.9308 
vt 13.9896 -18.9503 
vt 13.928 -18.9308 
vt 13.9289 -18.9278 
vt 13.915 -18.9278 
vt 13.9142 -18.9308 
vt 13.915 -18.9278 
vt 13.928 -18.9308 
vt 13.9073 -18.9279 
vt 13.9289 -18.9278 
vt 13.9306 -18.9097 
vt 13.9183 -18.9098 
vt 13.9106 -18.9098 
vt 13.9073 -18.9279 
vt 14.0619 -18.9307 
vt 14.0619 -18.9503 
vt 14.0903 -18.9307 
vt 14.0378 -18.9307 
vt 14.0378 -18.9503 
vt 14.0137 -18.9307 
vt 14.0137 -18.9503 
vt 13.9896 -18.9307 
vt 13.9896 -18.9503 
vt 13.9655 -18.9308 
vt 13.9404 -19.137 
vt 13.9244 -19.1364 
vt 13.9246 -19.1397 
vt 13.9037 -19.1388 
vt 13.9246 -18.8603 
vt 13.9037 -18.8612 
vt 13.9244 -18.8636 
vt 13.9404 -18.863 
vt 14.0378 -18.9097 
vt 14.0137 -18.9097 
vt 14.0378 -18.9277 
vt 14.0137 -18.8918 
vt 14.0137 -18.9277 
vt 13.9896 -18.8918 
vt 13.9896 -18.9097 
vt 13.9896 -18.9277 
vt 14.1249 -18.8809 
vt 14.1249 -18.8918 
vt 14.1428 -18.8918 
vt 14.1249 -19.1082 
vt 14.1249 -19.1191 
vt 14.1428 -19.1082 
vt 13.9655 -18.8918 
vt 13.9655 -18.9097 
vt 13.9655 -18.9277 
vt 13.9289 -18.9278 
vt 13.9306 -18.9097 
vt 13.9306 -18.8918 
vt 13.9426 -18.8733 
vt 13.938 -18.8745 
vt 13.9341 -18.8772 
vt 13.9655 -18.8918 
vt 13.9315 -18.8812 
vt 13.9306 -18.8858 
vt 13.9306 -18.8918 
vt 13.9658 -18.872 
vt 13.9426 -18.8733 
vt 13.9898 -18.8709 
vt 13.9113 -18.9744 
vt 13.9036 -18.9744 
vt 13.9249 -18.9774 
vt 13.9043 -18.9534 
vt 13.912 -18.9534 
vt 13.9047 -18.9504 
vt 13.9043 -18.9534 
vt 13.9065 -18.9308 
vt 13.9047 -18.9504 
vt 14.0138 -19.1299 
vt 14.0378 -19.1304 
vt 14.0137 -19.1082 
vt 13.9896 -19.1082 
vt 13.9898 -19.1291 
vt 14.0137 -19.0903 
vt 13.9896 -19.1082 
vt 13.9655 -19.1082 
vt 13.9896 -19.0903 
vt 14.0137 -19.0723 
vt 13.9896 -19.0723 
vt 13.9655 -19.0903 
vt 13.9655 -19.0723 
vt 13.9289 -19.0722 
vt 13.9306 -19.0903 
vt 13.9306 -19.1082 
vt 13.9658 -19.128 
vt 13.9655 -19.1082 
vt 13.9426 -19.1267 
vt 13.938 -19.1255 
vt 13.9341 -19.1228 
vt 13.9315 -19.1188 
vt 13.9306 -19.1142 
vt 13.9306 -19.1082 
vt 13.9306 -19.1142 
vt 14.1428 -19.1082 
vt 14.1565 -19.1083 
vt 14.1428 -19.0903 
vt 14.1249 -19.0903 
vt 14.1249 -19.0723 
vt 14.1249 -19.0903 
vt 14.1204 -19.0903 
vt 14.1204 -19.0723 
vt 14.1249 -19.0693 
vt 14.1428 -19.0723 
vt 14.0903 -19.0903 
vt 14.1204 -19.0903 
vt 14.0903 -19.0723 
vt 14.1204 -19.0723 
vt 14.1204 -19.0693 
vt 14.1249 -19.0693 
vt 14.0619 -19.0723 
vt 14.0903 -19.1082 
vt 14.0619 -19.0903 
vt 14.0378 -19.0903 
vt 14.0378 -19.0723 
vt 14.0619 -19.1082 
vt 14.0378 -19.1082 
vt 14.0619 -19.1306 
vt 14.0903 -19.1305 
vt 14.1204 -19.1305 
vt 13.9237 -19.1333 
vt 14.0138 -18.8701 
vt 13.9896 -18.8918 
vt 14.0378 -18.8696 
vt 14.0378 -18.8918 
vt 14.0619 -18.8694 
vt 14.0619 -18.8918 
vt 14.0903 -18.8918 
vt 14.0903 -18.8695 
vt 14.0619 -18.9097 
vt 14.1204 -18.8695 
vt 14.0619 -18.9277 
vt 14.0903 -18.9097 
vt 14.0903 -18.9277 
vt 14.1204 -18.9277 
vt 14.1204 -18.9307 
vt 14.1249 -18.9307 
vt 14.1204 -18.9097 
vt 14.1249 -18.9277 
vt 14.1204 -18.8918 
vt 14.1249 -18.9097 
vt 14.1249 -18.8918 
vt 14.1249 -18.8918 
vt 14.1249 -18.8691 
vt 14.1428 -18.8918 
vt 14.1249 -18.9097 
vt 14.1204 -19.1305 
vt 14.1249 -19.1309 
vt 14.1249 -19.1082 
vt 14.1204 -19.1082 
vt 14.1249 -19.1082 
vt 14.1249 -19.0903 
vt 14.1428 -19.1082 
vt 13.903 -19.1354 
vt 13.903 -18.8646 
vt 13.9073 -18.9279 
vt 13.9065 -18.9308 
vt 13.9142 -18.9308 

usemtl PlasticChair1Mtl

f 38/38/38 39/39/39 40/40/40 
f 41/41/41 39/39/39 38/38/38 
f 42/42/42 43/43/43 44/44/44 
f 42/42/42 44/44/44 45/45/45 
f 55/55/55 56/56/56 57/57/57 
f 58/58/58 56/56/56 55/55/55 
f 59/59/59 60/60/60 61/61/61 
f 59/59/59 62/62/62 60/60/60 
f 65/65/65 66/66/66 67/67/67 
f 66/66/66 65/65/65 68/68/68 
f 69/69/69 66/66/66 68/68/68 
f 69/69/69 68/68/68 70/70/70 
f 71/71/71 72/72/72 73/73/73 
f 72/72/72 71/71/71 74/74/74 
f 75/75/75 76/76/76 77/77/77 
f 76/76/76 75/75/75 78/78/78 
f 79/79/79 80/80/80 81/81/81 
f 80/80/80 79/79/79 82/82/82 
f 83/83/83 84/84/84 85/85/85 
f 84/84/84 83/83/83 86/86/86 
f 88/88/88 89/89/89 90/90/90 
f 91/91/91 90/90/90 89/89/89 
f 92/92/92 93/93/93 94/94/94 
f 94/94/94 95/95/95 92/92/92 
f 96/96/96 97/97/97 98/98/98 
f 99/99/99 98/98/98 97/97/97 
f 100/100/100 101/101/101 102/102/102 
f 102/102/102 103/103/103 100/100/100 
f 113/113/113 112/112/112 111/111/111 
f 114/114/114 117/117/117 115/115/115 
f 126/126/126 127/127/127 128/128/128 
f 129/129/129 130/130/130 131/131/131 
f 132/132/132 133/133/133 134/134/134 
f 135/135/135 136/136/136 137/137/137 
f 138/138/138 139/139/139 140/140/140 
f 141/141/141 142/142/142 143/143/143 
f 144/144/144 145/145/145 146/146/146 
f 147/147/147 148/148/148 149/149/149 
f 163/163/163 164/164/164 165/165/165 
f 166/166/166 167/167/167 168/168/168 
f 169/169/169 170/170/170 171/171/171 
f 172/172/172 173/173/173 174/174/174 
f 179/179/179 180/180/180 181/181/181 
f 182/182/182 183/183/183 184/184/184 
f 187/187/187 188/188/188 189/189/189 
f 190/190/190 191/191/191 192/192/192 
f 191/191/191 190/190/190 193/193/193 
f 196/196/196 197/197/197 198/198/198 
f 201/201/201 202/202/202 203/203/203 
f 202/202/202 201/201/201 204/204/204 
f 205/205/205 206/206/206 207/207/207 
f 208/208/208 206/206/206 205/205/205 
f 209/209/209 210/210/210 211/211/211 
f 209/209/209 211/211/211 212/212/212 
f 213/213/213 214/214/214 215/215/215 
f 215/215/215 216/216/216 213/213/213 
f 217/217/217 218/218/218 219/219/219 
f 220/220/220 219/219/219 218/218/218 
f 221/221/221 222/222/222 223/223/223 
f 224/224/224 225/225/225 226/226/226 
f 227/227/227 228/228/228 229/229/229 
f 230/230/230 228/228/228 227/227/227 
f 231/231/231 232/232/232 233/233/233 
f 231/231/231 233/233/233 234/234/234 
f 235/235/235 236/236/236 237/237/237 
f 236/236/236 238/238/238 239/239/239 
f 240/240/240 241/241/241 242/242/242 
f 243/243/243 240/240/240 244/244/244 
f 245/245/245 246/246/246 247/247/247 
f 247/247/247 246/246/246 248/248/248 
f 246/246/246 249/249/249 248/248/248 
f 250/250/250 248/248/248 249/249/249 
f 251/251/251 252/252/252 253/253/253 
f 253/253/253 254/254/254 251/251/251 
f 254/254/254 255/255/255 251/251/251 
f 254/254/254 256/256/256 255/255/255 
f 257/257/257 258/258/258 259/259/259 
f 259/259/259 260/260/260 257/257/257 
f 261/261/261 262/262/262 257/257/257 
f 261/261/261 263/263/263 262/262/262 
f 264/264/264 265/265/265 262/262/262 
f 266/266/266 265/265/265 264/264/264 
f 267/267/267 268/268/268 269/269/269 
f 270/270/270 269/269/269 268/268/268 
f 271/271/271 272/272/272 268/268/268 
f 273/273/273 272/272/272 271/271/271 
f 274/274/274 275/275/275 271/271/271 
f 274/274/274 276/276/276 275/275/275 
f 277/277/277 278/278/278 279/279/279 
f 277/277/277 280/280/280 278/278/278 
f 281/281/281 282/282/282 278/278/278 
f 283/283/283 282/282/282 281/281/281 
f 284/284/284 285/285/285 281/281/281 
f 285/285/285 284/284/284 286/286/286 
f 287/287/287 286/286/286 288/288/288 
f 287/287/287 289/289/289 286/286/286 
f 290/290/290 291/291/291 292/292/292 
f 293/293/293 291/291/291 290/290/290 
f 294/294/294 295/295/295 290/290/290 
f 294/294/294 296/296/296 295/295/295 
f 297/297/297 298/298/298 295/295/295 
f 298/298/298 297/297/297 299/299/299 
f 299/299/299 300/300/300 301/301/301 
f 302/302/302 300/300/300 299/299/299 
f 303/303/303 304/304/304 305/305/305 
f 306/306/306 307/307/307 308/308/308 
f 309/309/309 310/310/310 311/311/311 
f 312/312/312 313/313/313 314/314/314 
f 315/315/315 316/316/316 317/317/317 
f 317/317/317 316/316/316 318/318/318 
f 316/316/316 319/319/319 320/320/320 
f 320/320/320 321/321/321 322/322/322 
f 319/319/319 323/323/323 324/324/324 
f 325/325/325 324/324/324 323/323/323 
f 326/326/326 327/327/327 328/328/328 
f 328/328/328 329/329/329 326/326/326 
f 329/329/329 330/330/330 331/331/331 
f 332/332/332 331/331/331 333/333/333 
f 330/330/330 334/334/334 335/335/335 
f 330/330/330 335/335/335 336/336/336 
f 337/337/337 338/338/338 339/339/339 
f 338/338/338 337/337/337 340/340/340 
f 341/341/341 342/342/342 340/340/340 
f 341/341/341 340/340/340 343/343/343 
f 344/344/344 343/343/343 345/345/345 
f 346/346/346 347/347/347 348/348/348 
f 347/347/347 346/346/346 349/349/349 
f 350/350/350 351/351/351 349/349/349 
f 349/349/349 351/351/351 352/352/352 
f 352/352/352 353/353/353 354/354/354 
f 355/355/355 356/356/356 357/357/357 
f 358/358/358 359/359/359 360/360/360 
f 361/361/361 362/362/362 363/363/363 
f 361/361/361 363/363/363 364/364/364 
f 365/365/365 366/366/366 361/361/361 
f 367/367/367 368/368/368 369/369/369 
f 370/370/370 368/368/368 367/367/367 
f 371/371/371 372/372/372 368/368/368 
f 373/373/373 374/374/374 375/375/375 
f 376/376/376 374/374/374 373/373/373 
f 377/377/377 378/378/378 373/373/373 
f 378/378/378 377/377/377 379/379/379 
f 380/380/380 378/378/378 379/379/379 
f 380/380/380 379/379/379 381/381/381 
f 382/382/382 380/380/380 381/381/381 
f 381/381/381 383/383/383 382/382/382 
f 383/383/383 384/384/384 382/382/382 
f 383/383/383 385/385/385 384/384/384 
f 385/385/385 386/386/386 384/384/384 
f 386/386/386 385/385/385 387/387/387 
f 388/388/388 389/389/389 387/387/387 
f 389/389/389 390/390/390 387/387/387 
f 390/390/390 391/391/391 392/392/392 
f 390/390/390 393/393/393 391/391/391 
f 393/393/393 394/394/394 391/391/391 
f 393/393/393 395/395/395 394/394/394 
f 395/395/395 396/396/396 394/394/394 
f 397/397/397 398/398/398 399/399/399 
f 400/400/400 401/401/401 402/402/402 
f 403/403/403 404/404/404 405/405/405 
f 406/406/406 407/407/407 408/408/408 
f 409/409/409 410/410/410 411/411/411 
f 412/412/412 413/413/413 414/414/414 
f 415/415/415 416/416/416 417/417/417 
f 416/416/416 418/418/418 419/419/419 
f 418/418/418 420/420/420 419/419/419 
f 420/420/420 421/421/421 422/422/422 
f 423/423/423 422/422/422 421/421/421 
f 424/424/424 423/423/423 425/425/425 
f 426/426/426 427/427/427 422/422/422 
f 427/427/427 426/426/426 417/417/417 
f 426/426/426 428/428/428 429/429/429 
f 417/417/417 430/430/430 431/431/431 
f 417/417/417 431/431/431 432/432/432 
f 433/433/433 434/434/434 435/435/435 
f 436/436/436 433/433/433 435/435/435 
f 434/434/434 437/437/437 438/438/438 
f 439/439/439 436/436/436 440/440/440 
f 440/440/440 441/441/441 439/439/439 
f 441/441/441 442/442/442 443/443/443 
f 444/444/444 445/445/445 440/440/440 
f 445/445/445 444/444/444 438/438/438 
f 446/446/446 445/445/445 447/447/447 
f 448/448/448 438/438/438 449/449/449 
f 449/449/449 438/438/438 450/450/450 
f 451/451/451 452/452/452 453/453/453 
f 451/451/451 453/453/453 454/454/454 
f 453/453/453 455/455/455 456/456/456 
f 455/455/455 453/453/453 457/457/457 
f 453/453/453 373/373/373 457/457/457 
f 457/457/457 373/373/373 458/458/458 
f 373/373/373 453/453/453 377/377/377 
f 453/453/453 459/459/459 377/377/377 
f 460/460/460 459/459/459 453/453/453 
f 459/459/459 460/460/460 461/461/461 
f 460/460/460 462/462/462 461/461/461 
f 461/461/461 462/462/462 463/463/463 
f 462/462/462 464/464/464 463/463/463 
f 465/465/465 463/463/463 464/464/464 
f 466/466/466 465/465/465 464/464/464 
f 467/467/467 465/465/465 466/466/466 
f 468/468/468 467/467/467 466/466/466 
f 467/467/467 468/468/468 469/469/469 
f 470/470/470 471/471/471 469/469/469 
f 472/472/472 470/470/470 469/469/469 
f 473/473/473 472/472/472 469/469/469 
f 474/474/474 472/472/472 473/473/473 
f 475/475/475 474/474/474 473/473/473 
f 476/476/476 474/474/474 475/475/475 
f 477/477/477 476/476/476 475/475/475 
f 478/478/478 479/479/479 480/480/480 
f 479/479/479 478/478/478 481/481/481 
f 481/481/481 482/482/482 483/483/483 
f 484/484/484 485/485/485 486/486/486 
f 485/485/485 484/484/484 487/487/487 
f 488/488/488 487/487/487 489/489/489 
f 490/490/490 491/491/491 492/492/492 
f 493/493/493 494/494/494 495/495/495 
f 496/496/496 497/497/497 498/498/498 
f 496/496/496 499/499/499 497/497/497 
f 496/496/496 500/500/500 501/501/501 
f 502/502/502 503/503/503 504/504/504 
f 505/505/505 503/503/503 506/506/506 
f 506/506/506 503/503/503 507/507/507 
f 508/508/508 509/509/509 510/510/510 
f 511/511/511 512/512/512 513/513/513 
f 518/518/518 519/519/519 520/520/520 
f 520/520/520 519/519/519 521/521/521 
f 522/522/522 523/523/523 524/524/524 
f 522/522/522 525/525/525 523/523/523 
f 535/535/535 536/536/536 537/537/537 
f 539/539/539 538/538/538 540/540/540 
f 541/541/541 542/542/542 543/543/543 
f 543/543/543 542/542/542 544/544/544 
f 545/545/545 546/546/546 547/547/547 
f 545/545/545 547/547/547 548/548/548 
f 549/549/549 550/550/550 551/551/551 
f 552/552/552 553/553/553 554/554/554 
f 555/555/555 556/556/556 557/557/557 
f 557/557/557 556/556/556 558/558/558 
f 559/559/559 560/560/560 561/561/561 
f 559/559/559 561/561/561 562/562/562 
f 565/565/565 566/566/566 567/567/567 
f 568/568/568 569/569/569 570/570/570 
f 575/575/575 574/574/574 573/573/573 
f 576/576/576 577/577/577 573/573/573 
f 579/579/579 580/580/580 578/578/578 
f 580/580/580 581/581/581 582/582/582 
f 581/581/581 580/580/580 583/583/583 
f 586/586/586 587/587/587 588/588/588 
f 589/589/589 586/586/586 590/590/590 
f 591/591/591 592/592/592 593/593/593 
f 594/594/594 591/591/591 595/595/595 
f 601/601/601 602/602/602 603/603/603 
f 603/603/603 602/602/602 604/604/604 
f 602/602/602 605/605/605 604/604/604 
f 605/605/605 606/606/606 604/604/604 
f 607/607/607 608/608/608 609/609/609 
f 610/610/610 611/611/611 612/612/612 
f 613/613/613 614/614/614 615/615/615 
f 616/616/616 617/617/617 618/618/618 
f 622/622/622 620/620/620 621/621/621 
f 628/628/628 627/627/627 626/626/626 
f 629/629/629 630/630/630 626/626/626 
f 633/633/633 632/632/632 631/631/631 
f 633/633/633 634/634/634 635/635/635 
f 634/634/634 633/633/633 636/636/636 
f 637/637/637 638/638/638 639/639/639 
f 639/639/639 638/638/638 640/640/640 
f 641/641/641 642/642/642 643/643/643 
f 643/643/643 642/642/642 644/644/644 
f 645/645/645 646/646/646 647/647/647 
f 645/645/645 647/647/647 648/648/648 
f 649/649/649 650/650/650 651/651/651 
f 649/649/649 651/651/651 652/652/652 
f 655/655/655 656/656/656 657/657/657 
f 657/657/657 656/656/656 658/658/658 
f 659/659/659 660/660/660 661/661/661 
f 659/659/659 661/661/661 662/662/662 
f 663/663/663 621/621/621 664/664/664 
f 663/663/663 665/665/665 621/621/621 
f 665/665/665 666/666/666 667/667/667 
f 674/674/674 673/673/673 670/670/670 
f 676/676/676 674/674/674 670/670/670 
f 676/676/676 670/670/670 671/671/671 
f 674/674/674 677/677/677 673/673/673 
f 677/677/677 675/675/675 673/673/673 
f 674/674/674 676/676/676 678/678/678 
f 674/674/674 678/678/678 679/679/679 
f 677/677/677 674/674/674 679/679/679 
f 676/676/676 680/680/680 678/678/678 
f 677/677/677 679/679/679 681/681/681 
f 676/676/676 682/682/682 680/680/680 
f 682/682/682 676/676/676 671/671/671 
f 682/682/682 683/683/683 680/680/680 
f 683/683/683 682/682/682 684/684/684 
f 685/685/685 677/677/677 681/681/681 
f 677/677/677 685/685/685 675/675/675 
f 687/687/687 688/688/688 689/689/689 
f 690/690/690 688/688/688 687/687/687 
f 691/691/691 692/692/692 693/693/693 
f 691/691/691 693/693/693 694/694/694 
f 696/696/696 697/697/697 698/698/698 
f 700/700/700 697/697/697 699/699/699 
f 697/697/697 701/701/701 698/698/698 
f 701/701/701 697/697/697 700/700/700 
f 698/698/698 701/701/701 702/702/702 
f 701/701/701 703/703/703 702/702/702 
f 704/704/704 701/701/701 700/700/700 
f 703/703/703 701/701/701 704/704/704 
f 705/705/705 703/703/703 704/704/704 
f 706/706/706 703/703/703 705/705/705 
f 707/707/707 706/706/706 708/708/708 
f 709/709/709 710/710/710 705/705/705 
f 715/715/715 716/716/716 717/717/717 
f 718/718/718 719/719/719 720/720/720 
f 744/744/744 745/745/745 746/746/746 
f 747/747/747 745/745/745 744/744/744 
f 748/748/748 749/749/749 750/750/750 
f 748/748/748 750/750/750 751/751/751 
f 752/752/752 753/753/753 754/754/754 
f 755/755/755 753/753/753 752/752/752 
f 756/756/756 753/753/753 757/757/757 
f 758/758/758 753/753/753 756/756/756 
f 759/759/759 760/760/760 761/761/761 
f 759/759/759 761/761/761 762/762/762 
f 759/759/759 763/763/763 764/764/764 
f 759/759/759 765/765/765 763/763/763 
f 770/770/770 771/771/771 772/772/772 
f 773/773/773 771/771/771 770/770/770 
f 774/774/774 775/775/775 776/776/776 
f 774/774/774 776/776/776 777/777/777 
f 780/780/780 781/781/781 782/782/782 
f 781/781/781 780/780/780 783/783/783 
f 784/784/784 785/785/785 786/786/786 
f 784/784/784 786/786/786 787/787/787 
f 799/799/799 800/800/800 801/801/801 
f 802/802/802 800/800/800 799/799/799 
f 803/803/803 804/804/804 805/805/805 
f 803/803/803 805/805/805 806/806/806 
f 810/810/810 811/811/811 809/809/809 
f 813/813/813 814/814/814 812/812/812 
f 817/817/817 818/818/818 819/819/819 
f 820/820/820 818/818/818 817/817/817 
f 821/821/821 822/822/822 823/823/823 
f 821/821/821 823/823/823 824/824/824 
f 825/825/825 826/826/826 827/827/827 
f 828/828/828 826/826/826 825/825/825 
f 829/829/829 830/830/830 831/831/831 
f 829/829/829 831/831/831 832/832/832 
f 836/836/836 837/837/837 838/838/838 
f 841/841/841 839/839/839 840/840/840 
f 860/860/860 858/858/858 859/859/859 
f 861/861/861 860/860/860 859/859/859 
f 862/862/862 860/860/860 861/861/861 
f 863/863/863 862/862/862 861/861/861 
f 862/862/862 863/863/863 864/864/864 
f 865/865/865 866/866/866 867/867/867 
f 866/866/866 865/865/865 868/868/868 
f 869/869/869 866/866/866 868/868/868 
f 869/869/869 868/868/868 870/870/870 
f 871/871/871 869/869/869 870/870/870 
f 685/685/685 872/872/872 675/675/675 
f 685/685/685 873/873/873 872/872/872 
f 873/873/873 685/685/685 874/874/874 
f 873/873/873 874/874/874 875/875/875 
f 663/663/663 873/873/873 875/875/875 
f 873/873/873 664/664/664 872/872/872 
f 873/873/873 663/663/663 664/664/664 
f 685/685/685 681/681/681 874/874/874 
f 682/682/682 876/876/876 684/684/684 
f 682/682/682 671/671/671 876/876/876 
f 684/684/684 876/876/876 877/877/877 
f 671/671/671 878/878/878 876/876/876 
f 876/876/876 879/879/879 877/877/877 
f 879/879/879 876/876/876 878/878/878 
f 877/877/877 879/879/879 880/880/880 
f 672/672/672 879/879/879 878/878/878 
f 879/879/879 881/881/881 880/880/880 
f 881/881/881 879/879/879 672/672/672 
f 880/880/880 881/881/881 882/882/882 
f 883/883/883 881/881/881 672/672/672 
f 881/881/881 884/884/884 882/882/882 
f 884/884/884 881/881/881 883/883/883 
f 882/882/882 884/884/884 696/696/696 
f 699/699/699 884/884/884 883/883/883 
f 884/884/884 697/697/697 696/696/696 
f 697/697/697 884/884/884 699/699/699 
f 887/887/887 888/888/888 889/889/889 
f 890/890/890 891/891/891 892/892/892 
f 894/894/894 895/895/895 896/896/896 
f 897/897/897 895/895/895 894/894/894 
f 898/898/898 897/897/897 894/894/894 
f 897/897/897 898/898/898 899/899/899 
f 900/900/900 897/897/897 899/899/899 
f 901/901/901 902/902/902 903/903/903 
f 901/901/901 904/904/904 902/902/902 
f 904/904/904 905/905/905 902/902/902 
f 905/905/905 904/904/904 906/906/906 
f 904/904/904 907/907/907 906/906/906 
f 908/908/908 909/909/909 910/910/910 
f 911/911/911 908/908/908 912/912/912 
f 913/913/913 914/914/914 915/915/915 
f 916/916/916 913/913/913 917/917/917 
f 920/920/920 921/921/921 922/922/922 
f 921/921/921 920/920/920 923/923/923 
f 921/921/921 923/923/923 924/924/924 
f 921/921/921 924/924/924 925/925/925 
f 921/921/921 925/925/925 926/926/926 
f 925/925/925 927/927/927 928/928/928 
f 927/927/927 929/929/929 926/926/926 
f 930/930/930 931/931/931 932/932/932 
f 931/931/931 930/930/930 933/933/933 
f 933/933/933 930/930/930 934/934/934 
f 934/934/934 930/930/930 935/935/935 
f 935/935/935 930/930/930 936/936/936 
f 937/937/937 938/938/938 936/936/936 
f 938/938/938 935/935/935 939/939/939 
f 940/940/940 941/941/941 942/942/942 
f 941/941/941 940/940/940 943/943/943 
f 944/944/944 941/941/941 945/945/945 
f 946/946/946 947/947/947 948/948/948 
f 947/947/947 946/946/946 949/949/949 
f 947/947/947 950/950/950 951/951/951 
f 952/952/952 953/953/953 954/954/954 
f 955/955/955 952/952/952 954/954/954 
f 956/956/956 957/957/957 958/958/958 
f 959/959/959 956/956/956 958/958/958 
f 960/960/960 961/961/961 962/962/962 
f 963/963/963 960/960/960 962/962/962 
f 964/964/964 965/965/965 966/966/966 
f 967/967/967 964/964/964 966/966/966 
f 968/968/968 969/969/969 970/970/970 
f 971/971/971 968/968/968 970/970/970 
f 972/972/972 973/973/973 974/974/974 
f 975/975/975 972/972/972 974/974/974 
f 976/976/976 977/977/977 978/978/978 
f 979/979/979 976/976/976 978/978/978 
f 980/980/980 981/981/981 982/982/982 
f 983/983/983 984/984/984 985/985/985 
f 986/986/986 987/987/987 988/988/988 
f 987/987/987 986/986/986 989/989/989 
f 986/986/986 990/990/990 989/989/989 
f 991/991/991 992/992/992 993/993/993 
f 992/992/992 991/991/991 994/994/994 
f 995/995/995 991/991/991 993/993/993 
f 996/996/996 997/997/997 998/998/998 
f 999/999/999 1000/1000/1000 1001/1001/1001 
f 1002/1002/1002 1003/1003/1003 1004/1004/1004 
f 1005/1005/1005 1006/1006/1006 1007/1007/1007 
f 1008/1008/1008 1009/1009/1009 1010/1010/1010 
f 1011/1011/1011 1012/1012/1012 1013/1013/1013 
f 1016/1016/1016 1015/1015/1015 1014/1014/1014 
f 1018/1018/1018 1019/1019/1019 1020/1020/1020 
f 1018/1018/1018 1021/1021/1021 1019/1019/1019 
f 1022/1022/1022 1021/1021/1021 1023/1023/1023 
f 1021/1021/1021 1022/1022/1022 1024/1024/1024 
f 1025/1025/1025 1026/1026/1026 1027/1027/1027 
f 1028/1028/1028 1026/1026/1026 1025/1025/1025 
f 1029/1029/1029 1030/1030/1030 1031/1031/1031 
f 1029/1029/1029 1032/1032/1032 1030/1030/1030 
f 1032/1032/1032 1033/1033/1033 1034/1034/1034 
f 1032/1032/1032 1034/1034/1034 1035/1035/1035 
f 1039/1039/1039 1040/1040/1040 1041/1041/1041 
f 1042/1042/1042 1043/1043/1043 1044/1044/1044 
f 1045/1045/1045 1046/1046/1046 1047/1047/1047 
f 1047/1047/1047 1048/1048/1048 1045/1045/1045 
f 1050/1050/1050 1051/1051/1051 1052/1052/1052 
f 1051/1051/1051 1050/1050/1050 1053/1053/1053 
f 1054/1054/1054 1055/1055/1055 1056/1056/1056 
f 1054/1054/1054 1057/1057/1057 1055/1055/1055 
f 1061/1061/1061 1062/1062/1062 1063/1063/1063 
f 1063/1063/1063 1064/1064/1064 1061/1061/1061 
f 1065/1065/1065 1066/1066/1066 1067/1067/1067 
f 1068/1068/1068 1065/1065/1065 1067/1067/1067 
f 1070/1070/1070 1071/1071/1071 1072/1072/1072 
f 1073/1073/1073 1074/1074/1074 1075/1075/1075 
f 1074/1074/1074 1073/1073/1073 1076/1076/1076 
f 1077/1077/1077 1078/1078/1078 1079/1079/1079 
f 1083/1083/1083 1084/1084/1084 1085/1085/1085 
f 1086/1086/1086 1087/1087/1087 1088/1088/1088 
f 1093/1093/1093 1094/1094/1094 1095/1095/1095 
f 1098/1098/1098 1099/1099/1099 1100/1100/1100 
f 1099/1099/1099 1101/1101/1101 1100/1100/1100 
f 1102/1102/1102 1103/1103/1103 1104/1104/1104 
f 1107/1107/1107 1108/1108/1108 1109/1109/1109 
f 1110/1110/1110 1108/1108/1108 1111/1111/1111 
f 1112/1112/1112 1113/1113/1113 1114/1114/1114 
f 1113/1113/1113 1112/1112/1112 1115/1115/1115 
f 1117/1117/1117 1118/1118/1118 1119/1119/1119 
f 1117/1117/1117 1120/1120/1120 1118/1118/1118 
f 1126/1126/1126 1127/1127/1127 1128/1128/1128 
f 1126/1126/1126 1129/1129/1129 1127/1127/1127 
f 1131/1131/1131 1132/1132/1132 1133/1133/1133 
f 1131/1131/1131 1134/1134/1134 1132/1132/1132 
f 1135/1135/1135 1136/1136/1136 1137/1137/1137 
f 1135/1135/1135 1138/1138/1138 1136/1136/1136 
f 1139/1139/1139 1140/1140/1140 1141/1141/1141 
f 1139/1139/1139 1142/1142/1142 1140/1140/1140 
f 1143/1143/1143 1144/1144/1144 1145/1145/1145 
f 1143/1143/1143 1146/1146/1146 1144/1144/1144 
f 1147/1147/1147 1148/1148/1148 1149/1149/1149 
f 1150/1150/1150 1151/1151/1151 1152/1152/1152 
f 1150/1150/1150 1152/1152/1152 1153/1153/1153 
f 1154/1154/1154 1155/1155/1155 1156/1156/1156 
f 1157/1157/1157 1158/1158/1158 1159/1159/1159 
f 1169/1169/1169 1170/1170/1170 1171/1171/1171 
f 1172/1172/1172 1173/1173/1173 1174/1174/1174 
f 1175/1175/1175 1176/1176/1176 1177/1177/1177 
f 1178/1178/1178 1179/1179/1179 1180/1180/1180 
f 1182/1182/1182 1183/1183/1183 1184/1184/1184 
f 1183/1183/1183 1185/1185/1185 1186/1186/1186 
f 1185/1185/1185 1187/1187/1187 1188/1188/1188 
f 1189/1189/1189 1190/1190/1190 1187/1187/1187 
f 1191/1191/1191 1192/1192/1192 1193/1193/1193 
f 1195/1195/1195 1196/1196/1196 1197/1197/1197 
f 1209/1209/1209 1210/1210/1210 1211/1211/1211 
f 1212/1212/1212 1213/1213/1213 1214/1214/1214 
f 1215/1215/1215 1216/1216/1216 1212/1212/1212 
f 1217/1217/1217 1218/1218/1218 1219/1219/1219 
f 1223/1223/1223 1224/1224/1224 1225/1225/1225 
f 1230/1230/1230 1231/1231/1231 1232/1232/1232 
f 1237/1237/1237 1238/1238/1238 1239/1239/1239 
f 1240/1240/1240 1237/1237/1237 1241/1241/1241 
f 1242/1242/1242 1240/1240/1240 1243/1243/1243 
f 1244/1244/1244 1242/1242/1242 1245/1245/1245 
f 1247/1247/1247 1248/1248/1248 1249/1249/1249 
f 1252/1252/1252 1253/1253/1253 1254/1254/1254 
f 1256/1256/1256 1257/1257/1257 1258/1258/1258 
f 1261/1261/1261 1262/1262/1262 1263/1263/1263 
f 1264/1264/1264 1261/1261/1261 1263/1263/1263 
f 1265/1265/1265 1266/1266/1266 1267/1267/1267 
f 1265/1265/1265 1267/1267/1267 1268/1268/1268 
f 1269/1269/1269 1265/1265/1265 1268/1268/1268 
f 1269/1269/1269 1268/1268/1268 1270/1270/1270 
f 1271/1271/1271 1269/1269/1269 1270/1270/1270 
f 1271/1271/1271 1270/1270/1270 1272/1272/1272 
f 1273/1273/1273 1271/1271/1271 1272/1272/1272 
f 1273/1273/1273 1272/1272/1272 1274/1274/1274 
f 1275/1275/1275 1273/1273/1273 1274/1274/1274 
f 1275/1275/1275 1274/1274/1274 1276/1276/1276 
f 1277/1277/1277 1278/1278/1278 1276/1276/1276 
f 1279/1279/1279 1280/1280/1280 1281/1281/1281 
f 1283/1283/1283 1284/1284/1284 1285/1285/1285 
f 1286/1286/1286 1287/1287/1287 1288/1288/1288 
f 1287/1287/1287 1289/1289/1289 1290/1290/1290 
f 1291/1291/1291 1287/1287/1287 1290/1290/1290 
f 1290/1290/1290 1292/1292/1292 1291/1291/1291 
f 1293/1293/1293 1294/1294/1294 1291/1291/1291 
f 1293/1293/1293 1295/1295/1295 1294/1294/1294 
f 1296/1296/1296 1297/1297/1297 1298/1298/1298 
f 1299/1299/1299 1300/1300/1300 1301/1301/1301 
f 1302/1302/1302 1303/1303/1303 1304/1304/1304 
f 1305/1305/1305 1303/1303/1303 1302/1302/1302 
f 1306/1306/1306 1307/1307/1307 1308/1308/1308 
f 1309/1309/1309 1310/1310/1310 1311/1311/1311 
f 1311/1311/1311 1312/1312/1312 1309/1309/1309 
f 1313/1313/1313 1314/1314/1314 1315/1315/1315 
f 1318/1318/1318 1319/1319/1319 1320/1320/1320 
f 1322/1322/1322 1323/1323/1323 1324/1324/1324 
f 1329/1329/1329 1328/1328/1328 1330/1330/1330 
f 1331/1331/1331 1329/1329/1329 1330/1330/1330 
f 1330/1330/1330 1332/1332/1332 1331/1331/1331 
f 1332/1332/1332 1333/1333/1333 1331/1331/1331 
f 1334/1334/1334 1329/1329/1329 1335/1335/1335 
f 1336/1336/1336 1334/1334/1334 1335/1335/1335 
f 1335/1335/1335 1337/1337/1337 1336/1336/1336 
f 1337/1337/1337 1338/1338/1338 1336/1336/1336 
f 1339/1339/1339 1338/1338/1338 1337/1337/1337 
f 1340/1340/1340 1341/1341/1341 1337/1337/1337 
f 1341/1341/1341 1340/1340/1340 1342/1342/1342 
f 1340/1340/1340 1343/1343/1343 1342/1342/1342 
f 1344/1344/1344 1345/1345/1345 1346/1346/1346 
f 1347/1347/1347 1344/1344/1344 1346/1346/1346 
f 1348/1348/1348 1349/1349/1349 1350/1350/1350 
f 1348/1348/1348 1350/1350/1350 1351/1351/1351 
f 1352/1352/1352 1348/1348/1348 1351/1351/1351 
f 1352/1352/1352 1351/1351/1351 1353/1353/1353 
f 1354/1354/1354 1352/1352/1352 1353/1353/1353 
f 1354/1354/1354 1353/1353/1353 1355/1355/1355 
f 1356/1356/1356 1354/1354/1354 1355/1355/1355 
f 1356/1356/1356 1355/1355/1355 1357/1357/1357 
f 1358/1358/1358 1356/1356/1356 1357/1357/1357 
f 1358/1358/1358 1357/1357/1357 1359/1359/1359 
f 1360/1360/1360 1361/1361/1361 1359/1359/1359 
f 1362/1362/1362 1363/1363/1363 1364/1364/1364 
f 1363/1363/1363 1362/1362/1362 1365/1365/1365 
f 1366/1366/1366 1367/1367/1367 1368/1368/1368 
f 1369/1369/1369 1370/1370/1370 1371/1371/1371 
f 1372/1372/1372 1370/1370/1370 1369/1369/1369 
f 1372/1372/1372 1373/1373/1373 1374/1374/1374 
f 1373/1373/1373 1372/1372/1372 1375/1375/1375 
f 1376/1376/1376 1377/1377/1377 1378/1378/1378 
f 1377/1377/1377 1379/1379/1379 1378/1378/1378 
f 1380/1380/1380 1381/1381/1381 1382/1382/1382 
f 1383/1383/1383 1384/1384/1384 1385/1385/1385 
f 1384/1384/1384 1383/1383/1383 1386/1386/1386 
f 1387/1387/1387 1384/1384/1384 1386/1386/1386 
f 1387/1387/1387 1386/1386/1386 1388/1388/1388 
f 1389/1389/1389 1387/1387/1387 1388/1388/1388 
f 1389/1389/1389 1388/1388/1388 1390/1390/1390 
f 1388/1388/1388 1391/1391/1391 1392/1392/1392 
f 1392/1392/1392 1391/1391/1391 1393/1393/1393 
f 1394/1394/1394 1390/1390/1390 1395/1395/1395 
f 1394/1394/1394 1395/1395/1395 1396/1396/1396 
f 1397/1397/1397 1394/1394/1394 1396/1396/1396 
f 1398/1398/1398 1399/1399/1399 1400/1400/1400 
f 1400/1400/1400 1399/1399/1399 1401/1401/1401 
f 1402/1402/1402 1403/1403/1403 1404/1404/1404 
f 1402/1402/1402 1405/1405/1405 1403/1403/1403 
f 1406/1406/1406 1407/1407/1407 1408/1408/1408 
f 1406/1406/1406 1408/1408/1408 1409/1409/1409 
f 1410/1410/1410 1406/1406/1406 1409/1409/1409 
f 1410/1410/1410 1409/1409/1409 1411/1411/1411 
f 1412/1412/1412 1410/1410/1410 1411/1411/1411 
f 1412/1412/1412 1411/1411/1411 1413/1413/1413 
f 1414/1414/1414 1412/1412/1412 1413/1413/1413 
f 1414/1414/1414 1413/1413/1413 1415/1415/1415 
f 1416/1416/1416 1414/1414/1414 1415/1415/1415 
f 1416/1416/1416 1415/1415/1415 1417/1417/1417 
f 1418/1418/1418 1419/1419/1419 1417/1417/1417 
f 1420/1420/1420 1421/1421/1421 1422/1422/1422 
f 1423/1423/1423 1420/1420/1420 1422/1422/1422 
f 1424/1424/1424 1425/1425/1425 1426/1426/1426 
f 1426/1426/1426 1425/1425/1425 1427/1427/1427 
f 1428/1428/1428 1429/1429/1429 1430/1430/1430 
f 1431/1431/1431 1432/1432/1432 1433/1433/1433 
f 1433/1433/1433 1434/1434/1434 1431/1431/1431 
f 1435/1435/1435 1436/1436/1436 1437/1437/1437 
f 1438/1438/1438 1439/1439/1439 1440/1440/1440 
f 1441/1441/1441 1442/1442/1442 1443/1443/1443 
f 1444/1444/1444 1445/1445/1445 1446/1446/1446 
f 1447/1447/1447 1448/1448/1448 1449/1449/1449 
f 1448/1448/1448 1447/1447/1447 1450/1450/1450 
f 1451/1451/1451 1452/1452/1452 1453/1453/1453 
f 1455/1455/1455 1456/1456/1456 1457/1457/1457 
f 1457/1457/1457 1456/1456/1456 1458/1458/1458 
f 1459/1459/1459 1460/1460/1460 1461/1461/1461 
f 1462/1462/1462 1463/1463/1463 1464/1464/1464 
f 1465/1465/1465 1466/1466/1466 1467/1467/1467 
f 1465/1465/1465 1467/1467/1467 1468/1468/1468 
f 1469/1469/1469 1470/1470/1470 1471/1471/1471 
f 1472/1472/1472 1473/1473/1473 1474/1474/1474 
f 1475/1475/1475 1476/1476/1476 1477/1477/1477 
f 1477/1477/1477 1478/1478/1478 1475/1475/1475 
f 1479/1479/1479 1480/1480/1480 1481/1481/1481 
f 1482/1482/1482 1483/1483/1483 1484/1484/1484 
f 1485/1485/1485 1486/1486/1486 1487/1487/1487 
f 1488/1488/1488 1487/1487/1487 1486/1486/1486 
f 1489/1489/1489 1490/1490/1490 1491/1491/1491 
f 1492/1492/1492 1493/1493/1493 1494/1494/1494 
f 1495/1495/1495 1496/1496/1496 1497/1497/1497 
f 1496/1496/1496 1495/1495/1495 1498/1498/1498 
f 1495/1495/1495 1499/1499/1499 1498/1498/1498 
f 1498/1498/1498 1499/1499/1499 1500/1500/1500 
f 1499/1499/1499 1501/1501/1501 1500/1500/1500 
f 1500/1500/1500 1501/1501/1501 1502/1502/1502 
f 1503/1503/1503 1504/1504/1504 1505/1505/1505 
f 1506/1506/1506 1507/1507/1507 1508/1508/1508 
f 1509/1509/1509 1508/1508/1508 1507/1507/1507 
f 1510/1510/1510 1511/1511/1511 1512/1512/1512 
f 1513/1513/1513 1511/1511/1511 1510/1510/1510 
f 1514/1514/1514 1515/1515/1515 1516/1516/1516 
f 1515/1515/1515 1514/1514/1514 1517/1517/1517 
f 1518/1518/1518 1519/1519/1519 1520/1520/1520 
f 1518/1518/1518 1520/1520/1520 1521/1521/1521 
f 1522/1522/1522 1523/1523/1523 1524/1524/1524 
f 1524/1524/1524 1523/1523/1523 1525/1525/1525 
f 1526/1526/1526 1527/1527/1527 1528/1528/1528 
f 1529/1529/1529 1528/1528/1528 1527/1527/1527 
f 1530/1530/1530 1531/1531/1531 1532/1532/1532 
f 1532/1532/1532 1531/1531/1531 1533/1533/1533 
f 1534/1534/1534 1535/1535/1535 1536/1536/1536 
f 1537/1537/1537 1536/1536/1536 1535/1535/1535 
f 1538/1538/1538 1537/1537/1537 1539/1539/1539 
f 1540/1540/1540 1541/1541/1541 1542/1542/1542 
f 1541/1541/1541 1540/1540/1540 1543/1543/1543 
f 1544/1544/1544 1545/1545/1545 1546/1546/1546 
f 1545/1545/1545 1544/1544/1544 1547/1547/1547 
f 1548/1548/1548 1549/1549/1549 1550/1550/1550 
f 1551/1551/1551 1552/1552/1552 1553/1553/1553 
f 1555/1555/1555 1556/1556/1556 1557/1557/1557 
f 1558/1558/1558 1557/1557/1557 1556/1556/1556 
f 1559/1559/1559 1560/1560/1560 1561/1561/1561 
f 1562/1562/1562 1560/1560/1560 1559/1559/1559 
f 1563/1563/1563 1564/1564/1564 1565/1565/1565 
f 1566/1566/1566 1567/1567/1567 1565/1565/1565 
f 1566/1566/1566 1565/1565/1565 1568/1568/1568 
f 1569/1569/1569 1568/1568/1568 1570/1570/1570 
f 1569/1569/1569 1571/1571/1571 1568/1568/1568 
f 1572/1572/1572 1569/1569/1569 1573/1573/1573 
f 1572/1572/1572 1573/1573/1573 1574/1574/1574 
f 1575/1575/1575 1572/1572/1572 1576/1576/1576 
f 1577/1577/1577 1575/1575/1575 1576/1576/1576 
f 1578/1578/1578 1579/1579/1579 1580/1580/1580 
f 1581/1581/1581 1579/1579/1579 1578/1578/1578 
f 1582/1582/1582 1583/1583/1583 1584/1584/1584 
f 1585/1585/1585 1586/1586/1586 1587/1587/1587 
f 1586/1586/1586 1585/1585/1585 1588/1588/1588 
f 1589/1589/1589 1590/1590/1590 1591/1591/1591 
f 1592/1592/1592 1591/1591/1591 1590/1590/1590 
f 1593/1593/1593 1594/1594/1594 1595/1595/1595 
f 1596/1596/1596 1597/1597/1597 1598/1598/1598 
f 1599/1599/1599 1596/1596/1596 1598/1598/1598 
f 1600/1600/1600 1601/1601/1601 1602/1602/1602 
f 1603/1603/1603 1601/1601/1601 1600/1600/1600 
f 1604/1604/1604 1605/1605/1605 1606/1606/1606 
f 1605/1605/1605 1604/1604/1604 1607/1607/1607 
f 1608/1608/1608 1609/1609/1609 1610/1610/1610 
f 1611/1611/1611 1609/1609/1609 1608/1608/1608 
f 1612/1612/1612 1613/1613/1613 1614/1614/1614 
f 1614/1614/1614 1613/1613/1613 1615/1615/1615 
f 1616/1616/1616 1617/1617/1617 1618/1618/1618 
f 1619/1619/1619 1620/1620/1620 1621/1621/1621 
f 1620/1620/1620 1619/1619/1619 1622/1622/1622 
f 1623/1623/1623 1624/1624/1624 1625/1625/1625 
f 1626/1626/1626 1627/1627/1627 1628/1628/1628 
f 1629/1629/1629 1630/1630/1630 1631/1631/1631 
f 1630/1630/1630 1629/1629/1629 1632/1632/1632 
f 1629/1629/1629 1633/1633/1633 1632/1632/1632 
f 1632/1632/1632 1633/1633/1633 1634/1634/1634 
f 1633/1633/1633 1635/1635/1635 1634/1634/1634 
f 1634/1634/1634 1635/1635/1635 1636/1636/1636 
f 1635/1635/1635 1637/1637/1637 1636/1636/1636 
f 1636/1636/1636 1637/1637/1637 1638/1638/1638 
f 1637/1637/1637 1639/1639/1639 1638/1638/1638 
f 1640/1640/1640 1638/1638/1638 1639/1639/1639 
f 1641/1641/1641 1640/1640/1640 1642/1642/1642 
f 1643/1643/1643 1644/1644/1644 1645/1645/1645 
f 1644/1644/1644 1643/1643/1643 1646/1646/1646 
f 1647/1647/1647 1648/1648/1648 1649/1649/1649 
f 1650/1650/1650 1648/1648/1648 1647/1647/1647 
f 1652/1652/1652 1653/1653/1653 1654/1654/1654 
f 1653/1653/1653 1652/1652/1652 1655/1655/1655 
f 1656/1656/1656 1658/1658/1658 1659/1659/1659 
f 1664/1664/1664 1665/1665/1665 1666/1666/1666 
f 1665/1665/1665 1667/1667/1667 1666/1666/1666 
f 1668/1668/1668 1669/1669/1669 1666/1666/1666 
f 1670/1670/1670 1669/1669/1669 1668/1668/1668 
f 1671/1671/1671 1672/1672/1672 1668/1668/1668 
f 1673/1673/1673 1672/1672/1672 1671/1671/1671 
f 1674/1674/1674 1675/1675/1675 1676/1676/1676 
f 1679/1679/1679 1680/1680/1680 1681/1681/1681 
f 1679/1679/1679 1681/1681/1681 1682/1682/1682 
f 1685/1685/1685 1686/1686/1686 1687/1687/1687 
f 1685/1685/1685 1687/1687/1687 1688/1688/1688 
f 1689/1689/1689 1690/1690/1690 1691/1691/1691 
f 1691/1691/1691 1690/1690/1690 1692/1692/1692 
f 1693/1693/1693 1694/1694/1694 1695/1695/1695 
f 1696/1696/1696 1695/1695/1695 1694/1694/1694 
f 1697/1697/1697 1698/1698/1698 1699/1699/1699 
f 1700/1700/1700 1701/1701/1701 1702/1702/1702 
f 1701/1701/1701 1700/1700/1700 1703/1703/1703 
f 1704/1704/1704 1705/1705/1705 1706/1706/1706 
f 1706/1706/1706 1705/1705/1705 1707/1707/1707 
f 1708/1708/1708 1709/1709/1709 1710/1710/1710 
f 1711/1711/1711 1710/1710/1710 1709/1709/1709 
f 1712/1712/1712 1713/1713/1713 1714/1714/1714 
f 1717/1717/1717 1718/1718/1718 1719/1719/1719 
f 1718/1718/1718 1717/1717/1717 1720/1720/1720 
f 1717/1717/1717 1721/1721/1721 1720/1720/1720 
f 1720/1720/1720 1721/1721/1721 1722/1722/1722 
f 1721/1721/1721 1723/1723/1723 1722/1722/1722 
f 1722/1722/1722 1723/1723/1723 1724/1724/1724 
f 1723/1723/1723 1725/1725/1725 1724/1724/1724 
f 1724/1724/1724 1725/1725/1725 1726/1726/1726 
f 1725/1725/1725 1727/1727/1727 1726/1726/1726 
f 1728/1728/1728 1726/1726/1726 1727/1727/1727 
f 1729/1729/1729 1728/1728/1728 1730/1730/1730 
f 1731/1731/1731 1732/1732/1732 1733/1733/1733 
f 1732/1732/1732 1731/1731/1731 1734/1734/1734 
f 1735/1735/1735 1736/1736/1736 1737/1737/1737 
f 1736/1736/1736 1735/1735/1735 1738/1738/1738 
f 1739/1739/1739 1740/1740/1740 1741/1741/1741 
f 1743/1743/1743 1744/1744/1744 1745/1745/1745 
f 1746/1746/1746 1747/1747/1747 1748/1748/1748 
f 1749/1749/1749 1750/1750/1750 1751/1751/1751 
f 1754/1754/1754 1755/1755/1755 1756/1756/1756 
f 1757/1757/1757 1758/1758/1758 1759/1759/1759 
f 1759/1759/1759 1742/1742/1742 1757/1757/1757 
f 1760/1760/1760 1761/1761/1761 1762/1762/1762 
f 1763/1763/1763 1764/1764/1764 1765/1765/1765 
f 1764/1764/1764 1763/1763/1763 1766/1766/1766 
f 1763/1763/1763 1767/1767/1767 1766/1766/1766 
f 1766/1766/1766 1767/1767/1767 1768/1768/1768 
f 1767/1767/1767 1769/1769/1769 1768/1768/1768 
f 1768/1768/1768 1769/1769/1769 1770/1770/1770 
f 1769/1769/1769 1771/1771/1771 1770/1770/1770 
f 1770/1770/1770 1771/1771/1771 1772/1772/1772 
f 1771/1771/1771 1773/1773/1773 1772/1772/1772 
f 1774/1774/1774 1772/1772/1772 1773/1773/1773 
f 1775/1775/1775 1774/1774/1774 1776/1776/1776 
f 1777/1777/1777 1778/1778/1778 1779/1779/1779 
f 1778/1778/1778 1777/1777/1777 1780/1780/1780 
f 1781/1781/1781 1782/1782/1782 1783/1783/1783 
f 1784/1784/1784 1785/1785/1785 1786/1786/1786 
f 1789/1789/1789 1790/1790/1790 1791/1791/1791 
f 1792/1792/1792 1789/1789/1789 1791/1791/1791 
f 1793/1793/1793 1792/1792/1792 1794/1794/1794 
f 1795/1795/1795 1793/1793/1793 1796/1796/1796 
f 1801/1801/1801 1802/1802/1802 1803/1803/1803 
f 1804/1804/1804 1805/1805/1805 1806/1806/1806 
f 1807/1807/1807 1808/1808/1808 1809/1809/1809 
f 1810/1810/1810 1807/1807/1807 1811/1811/1811 
f 1812/1812/1812 1810/1810/1810 1813/1813/1813 
f 1814/1814/1814 1815/1815/1815 1816/1816/1816 
f 1817/1817/1817 1818/1818/1818 1819/1819/1819 
f 1820/1820/1820 1821/1821/1821 1822/1822/1822 
f 1823/1823/1823 1824/1824/1824 1825/1825/1825 
f 1826/1826/1826 1827/1827/1827 1828/1828/1828 
f 1829/1829/1829 1830/1830/1830 1831/1831/1831 
f 1832/1832/1832 1830/1830/1830 1829/1829/1829 
f 1833/1833/1833 1834/1834/1834 1835/1835/1835 
f 1836/1836/1836 1834/1834/1834 1833/1833/1833 
f 1837/1837/1837 1838/1838/1838 1839/1839/1839 
f 1840/1840/1840 1841/1841/1841 1842/1842/1842 
f 1843/1843/1843 1842/1842/1842 1841/1841/1841 
f 1844/1844/1844 1845/1845/1845 1846/1846/1846 
f 1847/1847/1847 1845/1845/1845 1844/1844/1844 
f 1848/1848/1848 1849/1849/1849 1850/1850/1850 
f 1848/1848/1848 1851/1851/1851 1849/1849/1849 
f 1852/1852/1852 1853/1853/1853 1854/1854/1854 
f 1855/1855/1855 1853/1853/1853 1852/1852/1852 
f 1856/1856/1856 1857/1857/1857 1858/1858/1858 
f 1859/1859/1859 1857/1857/1857 1856/1856/1856 
f 1860/1860/1860 1861/1861/1861 1862/1862/1862 
f 1862/1862/1862 1861/1861/1861 1863/1863/1863 
f 1864/1864/1864 1865/1865/1865 1866/1866/1866 
f 1867/1867/1867 1868/1868/1868 1869/1869/1869 
f 1870/1870/1870 1871/1871/1871 1872/1872/1872 
f 1870/1870/1870 1873/1873/1873 1871/1871/1871 
f 1874/1874/1874 1875/1875/1875 1876/1876/1876 
f 1877/1877/1877 1878/1878/1878 1879/1879/1879 
f 1901/1901/1901 1902/1902/1902 1903/1903/1903 
f 1904/1904/1904 1905/1905/1905 1903/1903/1903 
f 1906/1906/1906 1907/1907/1907 1908/1908/1908 
f 1909/1909/1909 1910/1910/1910 1908/1908/1908 
f 1911/1911/1911 1912/1912/1912 1913/1913/1913 
f 1914/1914/1914 1915/1915/1915 1916/1916/1916 
f 1924/1924/1924 1925/1925/1925 1926/1926/1926 
f 1927/1927/1927 1928/1928/1928 1929/1929/1929 
f 1935/1935/1935 1936/1936/1936 1937/1937/1937 
f 1936/1936/1936 1938/1938/1938 1939/1939/1939 
f 1940/1940/1940 1941/1941/1941 1942/1942/1942 
f 1941/1941/1941 1943/1943/1943 1944/1944/1944 
f 1956/1956/1956 1957/1957/1957 1958/1958/1958 
f 1959/1959/1959 1960/1960/1960 1961/1961/1961 
f 1964/1964/1964 1965/1965/1965 1966/1966/1966 
f 1965/1965/1965 1967/1967/1967 1966/1966/1966 
f 1968/1968/1968 1965/1965/1965 1964/1964/1964 
f 1969/1969/1969 1968/1968/1968 1964/1964/1964 
f 1970/1970/1970 1968/1968/1968 1969/1969/1969 
f 1971/1971/1971 1970/1970/1970 1969/1969/1969 
f 1972/1972/1972 1970/1970/1970 1971/1971/1971 
f 1973/1973/1973 1972/1972/1972 1971/1971/1971 
f 1974/1974/1974 1972/1972/1972 1973/1973/1973 
f 1975/1975/1975 1974/1974/1974 1973/1973/1973 
f 1976/1976/1976 1974/1974/1974 1975/1975/1975 
f 1977/1977/1977 1976/1976/1976 1975/1975/1975 
f 1977/1977/1977 1978/1978/1978 1976/1976/1976 
f 1978/1978/1978 1979/1979/1979 1976/1976/1976 
f 1979/1979/1979 1978/1978/1978 1980/1980/1980 
f 1981/1981/1981 1979/1979/1979 1980/1980/1980 
f 1981/1981/1981 1980/1980/1980 1982/1982/1982 
f 1983/1983/1983 1981/1981/1981 1982/1982/1982 
f 1983/1983/1983 1982/1982/1982 1984/1984/1984 
f 1985/1985/1985 1983/1983/1983 1984/1984/1984 
f 1985/1985/1985 1984/1984/1984 1986/1986/1986 
f 1987/1987/1987 1985/1985/1985 1986/1986/1986 
f 1987/1987/1987 1986/1986/1986 1988/1988/1988 
f 1989/1989/1989 1987/1987/1987 1988/1988/1988 
f 1989/1989/1989 1988/1988/1988 1990/1990/1990 
f 1991/1991/1991 1989/1989/1989 1990/1990/1990 
f 1997/1997/1997 1998/1998/1998 1999/1999/1999 
f 2000/2000/2000 2001/2001/2001 2002/2002/2002 
f 2030/2030/2030 2031/2031/2031 2032/2032/2032 
f 2033/2033/2033 2034/2034/2034 2035/2035/2035 
f 2036/2036/2036 2037/2037/2037 2038/2038/2038 
f 2039/2039/2039 2036/2036/2036 2038/2038/2038 
f 2040/2040/2040 2041/2041/2041 2042/2042/2042 
f 2043/2043/2043 2040/2040/2040 2042/2042/2042 
f 2048/2048/2048 2049/2049/2049 2050/2050/2050 
f 2051/2051/2051 2052/2052/2052 2053/2053/2053 
f 2055/2055/2055 2056/2056/2056 2057/2057/2057 
f 2058/2058/2058 2055/2055/2055 2057/2057/2057 
f 2059/2059/2059 2060/2060/2060 2061/2061/2061 
f 2060/2060/2060 2062/2062/2062 2061/2061/2061 
f 2063/2063/2063 2064/2064/2064 2065/2065/2065 
f 2064/2064/2064 2066/2066/2066 2065/2065/2065 
f 2067/2067/2067 2063/2063/2063 2068/2068/2068 
f 2069/2069/2069 2067/2067/2067 2068/2068/2068 
f 2070/2070/2070 2071/2071/2071 2072/2072/2072 
f 2073/2073/2073 2070/2070/2070 2072/2072/2072 
f 2071/2071/2071 2074/2074/2074 2075/2075/2075 
f 2074/2074/2074 2076/2076/2076 2075/2075/2075 
f 2077/2077/2077 2078/2078/2078 2079/2079/2079 
f 2080/2080/2080 2081/2081/2081 2079/2079/2079 
f 2082/2082/2082 2083/2083/2083 2081/2081/2081 
f 2083/2083/2083 2084/2084/2084 2081/2081/2081 
f 2085/2085/2085 2086/2086/2086 2087/2087/2087 
f 2088/2088/2088 2089/2089/2089 2087/2087/2087 
f 2090/2090/2090 2091/2091/2091 2085/2085/2085 
f 2091/2091/2091 2092/2092/2092 2085/2085/2085 
f 2111/2111/2111 2112/2112/2112 2113/2113/2113 
f 2112/2112/2112 2114/2114/2114 2113/2113/2113 
f 2115/2115/2115 2116/2116/2116 2117/2117/2117 
f 2118/2118/2118 2115/2115/2115 2117/2117/2117 
f 2121/2121/2121 2122/2122/2122 2123/2123/2123 
f 2124/2124/2124 2121/2121/2121 2123/2123/2123 
f 2121/2121/2121 2124/2124/2124 2125/2125/2125 
f 2124/2124/2124 2126/2126/2126 2125/2125/2125 
f 2125/2125/2125 2126/2126/2126 2127/2127/2127 
f 2126/2126/2126 2128/2128/2128 2127/2127/2127 
f 2127/2127/2127 2128/2128/2128 2129/2129/2129 
f 2127/2127/2127 2130/2130/2130 2125/2125/2125 
f 2129/2129/2129 2131/2131/2131 2127/2127/2127 
f 2131/2131/2131 2130/2130/2130 2127/2127/2127 
f 2132/2132/2132 2131/2131/2131 2129/2129/2129 
f 2133/2133/2133 2131/2131/2131 2132/2132/2132 
f 2131/2131/2131 2133/2133/2133 2130/2130/2130 
f 2133/2133/2133 2134/2134/2134 2130/2130/2130 
f 2134/2134/2134 2135/2135/2135 2130/2130/2130 
f 2130/2130/2130 2136/2136/2136 2125/2125/2125 
f 2135/2135/2135 2136/2136/2136 2130/2130/2130 
f 2125/2125/2125 2136/2136/2136 2121/2121/2121 
f 2136/2136/2136 2135/2135/2135 2137/2137/2137 
f 2136/2136/2136 2137/2137/2137 2121/2121/2121 
f 2135/2135/2135 2138/2138/2138 2137/2137/2137 
f 2139/2139/2139 2121/2121/2121 2137/2137/2137 
f 2138/2138/2138 2140/2140/2140 2137/2137/2137 
f 2141/2141/2141 2139/2139/2139 2137/2137/2137 
f 2140/2140/2140 2142/2142/2142 2137/2137/2137 
f 2143/2143/2143 2141/2141/2141 2137/2137/2137 
f 2142/2142/2142 2144/2144/2144 2137/2137/2137 
f 2145/2145/2145 2143/2143/2143 2137/2137/2137 
f 2144/2144/2144 2145/2145/2145 2137/2137/2137 
f 2146/2146/2146 2147/2147/2147 2148/2148/2148 
f 2146/2146/2146 2148/2148/2148 2149/2149/2149 
f 2147/2147/2147 2150/2150/2150 2148/2148/2148 
f 2147/2147/2147 2151/2151/2151 2150/2150/2150 
f 2152/2152/2152 2149/2149/2149 2148/2148/2148 
f 2152/2152/2152 2153/2153/2153 2149/2149/2149 
f 2152/2152/2152 2154/2154/2154 2153/2153/2153 
f 2155/2155/2155 2152/2152/2152 2148/2148/2148 
f 2154/2154/2154 2152/2152/2152 2155/2155/2155 
f 2155/2155/2155 2148/2148/2148 2150/2150/2150 
f 2156/2156/2156 2154/2154/2154 2155/2155/2155 
f 2157/2157/2157 2156/2156/2156 2155/2155/2155 
f 2158/2158/2158 2155/2155/2155 2150/2150/2150 
f 2158/2158/2158 2157/2157/2157 2155/2155/2155 
f 2151/2151/2151 2159/2159/2159 2150/2150/2150 
f 2158/2158/2158 2150/2150/2150 2159/2159/2159 
f 2159/2159/2159 2151/2151/2151 2160/2160/2160 
f 2161/2161/2161 2159/2159/2159 2160/2160/2160 
f 2162/2162/2162 2158/2158/2158 2159/2159/2159 
f 2157/2157/2157 2158/2158/2158 2162/2162/2162 
f 2159/2159/2159 2163/2163/2163 2162/2162/2162 
f 2164/2164/2164 2157/2157/2157 2162/2162/2162 
f 2163/2163/2163 2165/2165/2165 2162/2162/2162 
f 2166/2166/2166 2164/2164/2164 2162/2162/2162 
f 2165/2165/2165 2167/2167/2167 2162/2162/2162 
f 2168/2168/2168 2166/2166/2166 2162/2162/2162 
f 2167/2167/2167 2169/2169/2169 2162/2162/2162 
f 2170/2170/2170 2168/2168/2168 2162/2162/2162 
f 2169/2169/2169 2170/2170/2170 2162/2162/2162 
f 2171/2171/2171 2172/2172/2172 2173/2173/2173 
f 2173/2173/2173 2172/2172/2172 2174/2174/2174 
f 2175/2175/2175 2149/2149/2149 2176/2176/2176 
f 2175/2175/2175 2146/2146/2146 2149/2149/2149 
f 2176/2176/2176 2153/2153/2153 2174/2174/2174 
f 2153/2153/2153 2176/2176/2176 2149/2149/2149 
f 2174/2174/2174 2177/2177/2177 2173/2173/2173 
f 2177/2177/2177 2174/2174/2174 2153/2153/2153 
f 2177/2177/2177 2178/2178/2178 2173/2173/2173 
f 2173/2173/2173 2178/2178/2178 2179/2179/2179 
f 2180/2180/2180 2177/2177/2177 2153/2153/2153 
f 2181/2181/2181 2173/2173/2173 2179/2179/2179 
f 2181/2181/2181 2171/2171/2171 2173/2173/2173 
f 2154/2154/2154 2180/2180/2180 2153/2153/2153 
f 2181/2181/2181 2182/2182/2182 2171/2171/2171 
f 2182/2182/2182 2183/2183/2183 2171/2171/2171 
f 2181/2181/2181 2184/2184/2184 2182/2182/2182 
f 2184/2184/2184 2185/2185/2185 2182/2182/2182 
f 2182/2182/2182 2185/2185/2185 2186/2186/2186 
f 2182/2182/2182 2187/2187/2187 2183/2183/2183 
f 2187/2187/2187 2188/2188/2188 2183/2183/2183 
f 2187/2187/2187 2182/2182/2182 2189/2189/2189 
f 2184/2184/2184 2190/2190/2190 2191/2191/2191 
f 2190/2190/2190 2192/2192/2192 2191/2191/2191 
f 2193/2193/2193 2191/2191/2191 2192/2192/2192 
f 2194/2194/2194 2195/2195/2195 2192/2192/2192 
f 2205/2205/2205 2206/2206/2206 2207/2207/2207 
f 2206/2206/2206 2208/2208/2208 2207/2207/2207 
f 2206/2206/2206 2172/2172/2172 2208/2208/2208 
f 2172/2172/2172 2171/2171/2171 2208/2208/2208 
f 2209/2209/2209 2172/2172/2172 2206/2206/2206 
f 2210/2210/2210 2209/2209/2209 2206/2206/2206 
f 2209/2209/2209 2210/2210/2210 2211/2211/2211 
f 2176/2176/2176 2209/2209/2209 2211/2211/2211 
f 2211/2211/2211 2175/2175/2175 2176/2176/2176 
f 2172/2172/2172 2209/2209/2209 2174/2174/2174 
f 2209/2209/2209 2176/2176/2176 2174/2174/2174 
f 2213/2213/2213 2214/2214/2214 2215/2215/2215 
f 2214/2214/2214 2213/2213/2213 2216/2216/2216 
f 2217/2217/2217 2218/2218/2218 2219/2219/2219 
f 2218/2218/2218 2217/2217/2217 2220/2220/2220 
f 2221/2221/2221 2222/2222/2222 2223/2223/2223 
f 2224/2224/2224 2225/2225/2225 2226/2226/2226 
f 2227/2227/2227 2224/2224/2224 2226/2226/2226 
f 2227/2227/2227 2226/2226/2226 2228/2228/2228 
f 2227/2227/2227 2228/2228/2228 2229/2229/2229 
f 2229/2229/2229 2228/2228/2228 2230/2230/2230 
f 2228/2228/2228 2231/2231/2231 2230/2230/2230 
f 2232/2232/2232 2227/2227/2227 2229/2229/2229 
f 2233/2233/2233 2224/2224/2224 2227/2227/2227 
f 2232/2232/2232 2233/2233/2233 2227/2227/2227 
f 2233/2233/2233 2234/2234/2234 2224/2224/2224 
f 2234/2234/2234 2235/2235/2235 2224/2224/2224 
f 2235/2235/2235 2234/2234/2234 2236/2236/2236 
f 2234/2234/2234 2237/2237/2237 2236/2236/2236 
f 2238/2238/2238 2236/2236/2236 2237/2237/2237 
f 2234/2234/2234 2233/2233/2233 2239/2239/2239 
f 2237/2237/2237 2234/2234/2234 2239/2239/2239 
f 2233/2233/2233 2232/2232/2232 2240/2240/2240 
f 2233/2233/2233 2240/2240/2240 2239/2239/2239 
f 2129/2129/2129 2238/2238/2238 2237/2237/2237 
f 2128/2128/2128 2238/2238/2238 2129/2129/2129 
f 2132/2132/2132 2237/2237/2237 2239/2239/2239 
f 2237/2237/2237 2132/2132/2132 2129/2129/2129 
f 2241/2241/2241 2239/2239/2239 2240/2240/2240 
f 2239/2239/2239 2241/2241/2241 2132/2132/2132 
f 2242/2242/2242 2241/2241/2241 2240/2240/2240 
f 2242/2242/2242 2240/2240/2240 2243/2243/2243 
f 2241/2241/2241 2244/2244/2244 2132/2132/2132 
f 2240/2240/2240 2245/2245/2245 2243/2243/2243 
f 2232/2232/2232 2245/2245/2245 2240/2240/2240 
f 2244/2244/2244 2133/2133/2133 2132/2132/2132 
f 2246/2246/2246 2245/2245/2245 2232/2232/2232 
f 2247/2247/2247 2245/2245/2245 2246/2246/2246 
f 2248/2248/2248 2246/2246/2246 2232/2232/2232 
f 2249/2249/2249 2247/2247/2247 2246/2246/2246 
f 2249/2249/2249 2246/2246/2246 2250/2250/2250 
f 2251/2251/2251 2246/2246/2246 2248/2248/2248 
f 2246/2246/2246 2251/2251/2251 2252/2252/2252 
f 2253/2253/2253 2251/2251/2251 2248/2248/2248 
f 2254/2254/2254 2247/2247/2247 2255/2255/2255 
f 2256/2256/2256 2254/2254/2254 2255/2255/2255 
f 2255/2255/2255 2257/2257/2257 2256/2256/2256 
f 2258/2258/2258 2259/2259/2259 2256/2256/2256 
f 2276/2276/2276 2277/2277/2277 2278/2278/2278 
f 2278/2278/2278 2277/2277/2277 2279/2279/2279 
f 2280/2280/2280 2276/2276/2276 2275/2275/2275 
f 2276/2276/2276 2280/2280/2280 2277/2277/2277 
f 2280/2280/2280 2275/2275/2275 2228/2228/2228 
f 2275/2275/2275 2231/2231/2231 2228/2228/2228 
f 2280/2280/2280 2226/2226/2226 2277/2277/2277 
f 2226/2226/2226 2280/2280/2280 2228/2228/2228 
f 2279/2279/2279 2277/2277/2277 2225/2225/2225 
f 2277/2277/2277 2226/2226/2226 2225/2225/2225 
f 2279/2279/2279 2225/2225/2225 2281/2281/2281 
f 2282/2282/2282 2279/2279/2279 2281/2281/2281 
f 2282/2282/2282 2281/2281/2281 2283/2283/2283 
f 2281/2281/2281 2284/2284/2284 2283/2283/2283 
f 2285/2285/2285 2283/2283/2283 2284/2284/2284 
f 2286/2286/2286 2285/2285/2285 2284/2284/2284 
f 2287/2287/2287 2285/2285/2285 2286/2286/2286 
f 2288/2288/2288 2287/2287/2287 2286/2286/2286 
f 2289/2289/2289 2287/2287/2287 2288/2288/2288 
f 2290/2290/2290 2289/2289/2289 2288/2288/2288 
f 2291/2291/2291 2289/2289/2289 2290/2290/2290 
f 2221/2221/2221 2291/2291/2291 2290/2290/2290 
f 2291/2291/2291 2221/2221/2221 2223/2223/2223 
f 2292/2292/2292 2293/2293/2293 2294/2294/2294 
f 2295/2295/2295 2293/2293/2293 2292/2292/2292 
f 2292/2292/2292 2294/2294/2294 2296/2296/2296 
f 2292/2292/2292 2296/2296/2296 2297/2297/2297 
f 2298/2298/2298 2292/2292/2292 2297/2297/2297 
f 2298/2298/2298 2295/2295/2295 2292/2292/2292 
f 2298/2298/2298 2297/2297/2297 2299/2299/2299 
f 2299/2299/2299 2297/2297/2297 2300/2300/2300 
f 2297/2297/2297 2301/2301/2301 2300/2300/2300 
f 2300/2300/2300 2301/2301/2301 2302/2302/2302 
f 2303/2303/2303 2300/2300/2300 2302/2302/2302 
f 2302/2302/2302 2304/2304/2304 2303/2303/2303 
f 2304/2304/2304 2305/2305/2305 2303/2303/2303 
f 2304/2304/2304 2306/2306/2306 2305/2305/2305 
f 2306/2306/2306 2307/2307/2307 2305/2305/2305 
f 2306/2306/2306 2308/2308/2308 2307/2307/2307 
f 2308/2308/2308 2309/2309/2309 2307/2307/2307 
f 2308/2308/2308 2310/2310/2310 2309/2309/2309 
f 2310/2310/2310 2311/2311/2311 2309/2309/2309 
f 2311/2311/2311 2310/2310/2310 2312/2312/2312 
f 2313/2313/2313 2311/2311/2311 2312/2312/2312 
f 2312/2312/2312 2314/2314/2314 2313/2313/2313 
f 2314/2314/2314 2315/2315/2315 2313/2313/2313 
f 2312/2312/2312 2316/2316/2316 2314/2314/2314 
f 2315/2315/2315 2314/2314/2314 2317/2317/2317 
f 2318/2318/2318 2315/2315/2315 2317/2317/2317 
f 2316/2316/2316 2319/2319/2319 2314/2314/2314 
f 2320/2320/2320 2321/2321/2321 2314/2314/2314 
f 2321/2321/2321 2322/2322/2322 2314/2314/2314 
f 2323/2323/2323 2316/2316/2316 2324/2324/2324 
f 2316/2316/2316 2323/2323/2323 2325/2325/2325 
f 2326/2326/2326 2323/2323/2323 2324/2324/2324 
f 2326/2326/2326 2324/2324/2324 2327/2327/2327 
f 2328/2328/2328 2326/2326/2326 2327/2327/2327 
f 2328/2328/2328 2327/2327/2327 2329/2329/2329 
f 2330/2330/2330 2328/2328/2328 2329/2329/2329 
f 2330/2330/2330 2329/2329/2329 2331/2331/2331 
f 2332/2332/2332 2330/2330/2330 2331/2331/2331 
f 2332/2332/2332 2331/2331/2331 2333/2333/2333 
f 2334/2334/2334 2332/2332/2332 2333/2333/2333 
f 2334/2334/2334 2333/2333/2333 2335/2335/2335 
f 2336/2336/2336 2334/2334/2334 2335/2335/2335 
f 2337/2337/2337 2336/2336/2336 2335/2335/2335 
f 2296/2296/2296 2337/2337/2337 2335/2335/2335 
f 2294/2294/2294 2337/2337/2337 2296/2296/2296 
f 2337/2337/2337 2294/2294/2294 2338/2338/2338 
f 2339/2339/2339 2337/2337/2337 2338/2338/2338 
f 2339/2339/2339 2338/2338/2338 2340/2340/2340 
f 2339/2339/2339 2340/2340/2340 2341/2341/2341 
f 2342/2342/2342 2339/2339/2339 2341/2341/2341 
f 2343/2343/2343 2342/2342/2342 2341/2341/2341 
f 2344/2344/2344 2343/2343/2343 2341/2341/2341 
f 2345/2345/2345 2343/2343/2343 2344/2344/2344 
f 2346/2346/2346 2345/2345/2345 2344/2344/2344 
f 2347/2347/2347 2345/2345/2345 2346/2346/2346 
f 2348/2348/2348 2347/2347/2347 2346/2346/2346 
f 2349/2349/2349 2347/2347/2347 2348/2348/2348 
f 2350/2350/2350 2349/2349/2349 2348/2348/2348 
f 2351/2351/2351 2349/2349/2349 2350/2350/2350 
f 2352/2352/2352 2351/2351/2351 2350/2350/2350 
f 2353/2353/2353 2351/2351/2351 2352/2352/2352 
f 2354/2354/2354 2353/2353/2353 2352/2352/2352 
f 2353/2353/2353 2354/2354/2354 2355/2355/2355 
f 2356/2356/2356 2353/2353/2353 2355/2355/2355 
f 2353/2353/2353 2356/2356/2356 2323/2323/2323 
f 2357/2357/2357 2356/2356/2356 2355/2355/2355 
f 2358/2358/2358 2357/2357/2357 2355/2355/2355 
f 2356/2356/2356 2359/2359/2359 2323/2323/2323 
f 2356/2356/2356 2357/2357/2357 2359/2359/2359 
f 2323/2323/2323 2359/2359/2359 2325/2325/2325 
f 2357/2357/2357 2360/2360/2360 2359/2359/2359 
f 2359/2359/2359 2360/2360/2360 2325/2325/2325 
f 2360/2360/2360 2361/2361/2361 2325/2325/2325 
f 2362/2362/2362 2354/2354/2354 2363/2363/2363 
f 2354/2354/2354 2364/2364/2364 2363/2363/2363 
f 2365/2365/2365 2366/2366/2366 2363/2363/2363 
f 2367/2367/2367 2365/2365/2365 2363/2363/2363 
f 2363/2363/2363 2364/2364/2364 2368/2368/2368 
f 2369/2369/2369 2368/2368/2368 2364/2364/2364 
f 2370/2370/2370 2363/2363/2363 2368/2368/2368 
f 2363/2363/2363 2370/2370/2370 2371/2371/2371 
f 2370/2370/2370 2372/2372/2372 2371/2371/2371 
f 2373/2373/2373 2369/2369/2369 2364/2364/2364 
f 2369/2369/2369 2373/2373/2373 2374/2374/2374 
f 2373/2373/2373 2375/2375/2375 2374/2374/2374 
f 2374/2374/2374 2375/2375/2375 2376/2376/2376 
f 2375/2375/2375 2377/2377/2377 2376/2376/2376 
f 2376/2376/2376 2377/2377/2377 2378/2378/2378 
f 2377/2377/2377 2379/2379/2379 2378/2378/2378 
f 2378/2378/2378 2379/2379/2379 2380/2380/2380 
f 2379/2379/2379 2381/2381/2381 2380/2380/2380 
f 2382/2382/2382 2380/2380/2380 2381/2381/2381 
f 2383/2383/2383 2382/2382/2382 2381/2381/2381 
f 2383/2383/2383 2384/2384/2384 2382/2382/2382 
f 2384/2384/2384 2385/2385/2385 2382/2382/2382 
f 2384/2384/2384 2386/2386/2386 2385/2385/2385 
f 2386/2386/2386 2278/2278/2278 2385/2385/2385 
f 2387/2387/2387 2386/2386/2386 2384/2384/2384 
f 2340/2340/2340 2387/2387/2387 2384/2384/2384 
f 2338/2338/2338 2387/2387/2387 2340/2340/2340 
f 2385/2385/2385 2278/2278/2278 2279/2279/2279 
f 2388/2388/2388 2387/2387/2387 2338/2338/2338 
f 2389/2389/2389 2386/2386/2386 2387/2387/2387 
f 2388/2388/2388 2389/2389/2389 2387/2387/2387 
f 2390/2390/2390 2278/2278/2278 2386/2386/2386 
f 2389/2389/2389 2390/2390/2390 2386/2386/2386 
f 2391/2391/2391 2388/2388/2388 2338/2338/2338 
f 2388/2388/2388 2392/2392/2392 2389/2389/2389 
f 2388/2388/2388 2391/2391/2391 2392/2392/2392 
f 2338/2338/2338 2294/2294/2294 2391/2391/2391 
f 2294/2294/2294 2393/2393/2393 2391/2391/2391 
f 2293/2293/2293 2393/2393/2393 2294/2294/2294 
f 2394/2394/2394 2391/2391/2391 2393/2393/2393 
f 2391/2391/2391 2394/2394/2394 2392/2392/2392 
f 2393/2393/2393 2293/2293/2293 2395/2395/2395 
f 2395/2395/2395 2293/2293/2293 2295/2295/2295 
f 2392/2392/2392 2396/2396/2396 2389/2389/2389 
f 2389/2389/2389 2396/2396/2396 2390/2390/2390 
f 2396/2396/2396 2397/2397/2397 2390/2390/2390 
f 2402/2402/2402 2403/2403/2403 2404/2404/2404 
f 2404/2404/2404 2403/2403/2403 2405/2405/2405 
f 2406/2406/2406 2407/2407/2407 2408/2408/2408 
f 2406/2406/2406 2408/2408/2408 2409/2409/2409 
f 2410/2410/2410 2411/2411/2411 2298/2298/2298 
f 2410/2410/2410 2298/2298/2298 2299/2299/2299 
f 2411/2411/2411 2412/2412/2412 2413/2413/2413 
f 2412/2412/2412 2411/2411/2411 2410/2410/2410 
f 2412/2412/2412 2414/2414/2414 2413/2413/2413 
f 2414/2414/2414 2412/2412/2412 2415/2415/2415 
f 2416/2416/2416 2415/2415/2415 2417/2417/2417 
f 2416/2416/2416 2417/2417/2417 2418/2418/2418 
f 2417/2417/2417 2419/2419/2419 2418/2418/2418 
f 2415/2415/2415 2420/2420/2420 2417/2417/2417 
f 2412/2412/2412 2420/2420/2420 2415/2415/2415 
f 2417/2417/2417 2208/2208/2208 2419/2419/2419 
f 2420/2420/2420 2412/2412/2412 2421/2421/2421 
f 2420/2420/2420 2207/2207/2207 2417/2417/2417 
f 2207/2207/2207 2208/2208/2208 2417/2417/2417 
f 2207/2207/2207 2420/2420/2420 2421/2421/2421 
f 2421/2421/2421 2412/2412/2412 2410/2410/2410 
f 2207/2207/2207 2421/2421/2421 2205/2205/2205 
f 2208/2208/2208 2171/2171/2171 2419/2419/2419 
f 2421/2421/2421 2410/2410/2410 2422/2422/2422 
f 2421/2421/2421 2422/2422/2422 2205/2205/2205 
f 2410/2410/2410 2299/2299/2299 2422/2422/2422 
f 2205/2205/2205 2422/2422/2422 2423/2423/2423 
f 2422/2422/2422 2424/2424/2424 2423/2423/2423 
f 2423/2423/2423 2424/2424/2424 2425/2425/2425 
f 2426/2426/2426 2423/2423/2423 2425/2425/2425 
f 2425/2425/2425 2427/2427/2427 2426/2426/2426 
f 2427/2427/2427 2428/2428/2428 2426/2426/2426 
f 2427/2427/2427 2429/2429/2429 2428/2428/2428 
f 2429/2429/2429 2430/2430/2430 2428/2428/2428 
f 2429/2429/2429 2431/2431/2431 2430/2430/2430 
f 2431/2431/2431 2432/2432/2432 2430/2430/2430 
f 2431/2431/2431 2433/2433/2433 2432/2432/2432 
f 2433/2433/2433 2434/2434/2434 2432/2432/2432 
f 2434/2434/2434 2433/2433/2433 2435/2435/2435 
f 2436/2436/2436 2434/2434/2434 2435/2435/2435 
f 2437/2437/2437 2438/2438/2438 2439/2439/2439 
f 2439/2439/2439 2438/2438/2438 2440/2440/2440 
f 2441/2441/2441 2442/2442/2442 2443/2443/2443 
f 2441/2441/2441 2443/2443/2443 2444/2444/2444 
f 2446/2446/2446 2445/2445/2445 2447/2447/2447 
f 2448/2448/2448 2449/2449/2449 2450/2450/2450 
f 2474/2474/2474 2475/2475/2475 2476/2476/2476 
f 2479/2479/2479 2478/2478/2478 2477/2477/2477 
f 2480/2480/2480 2481/2481/2481 2482/2482/2482 
f 2484/2484/2484 2483/2483/2483 2485/2485/2485 
f 2491/2491/2491 2492/2492/2492 2493/2493/2493 
f 2491/2491/2491 2493/2493/2493 2494/2494/2494 
f 2493/2493/2493 2495/2495/2495 2494/2494/2494 
f 2494/2494/2494 2495/2495/2495 2496/2496/2496 
f 2497/2497/2497 2498/2498/2498 2496/2496/2496 
f 2496/2496/2496 2498/2498/2498 2499/2499/2499 
f 2500/2500/2500 2501/2501/2501 2502/2502/2502 
f 2502/2502/2502 2501/2501/2501 2503/2503/2503 
f 2504/2504/2504 2502/2502/2502 2503/2503/2503 
f 2504/2504/2504 2503/2503/2503 2505/2505/2505 
f 2506/2506/2506 2505/2505/2505 2507/2507/2507 
f 2506/2506/2506 2508/2508/2508 2505/2505/2505 
f 2511/2511/2511 2509/2509/2509 2510/2510/2510 
f 2512/2512/2512 2513/2513/2513 2514/2514/2514 
f 2533/2533/2533 2534/2534/2534 2535/2535/2535 
f 2536/2536/2536 2534/2534/2534 2533/2533/2533 
f 2537/2537/2537 2538/2538/2538 2533/2533/2533 
f 2539/2539/2539 2538/2538/2538 2537/2537/2537 
f 2540/2540/2540 2539/2539/2539 2537/2537/2537 
f 2539/2539/2539 2540/2540/2540 2541/2541/2541 
f 2542/2542/2542 2543/2543/2543 2544/2544/2544 
f 2543/2543/2543 2542/2542/2542 2545/2545/2545 
f 2546/2546/2546 2543/2543/2543 2545/2545/2545 
f 2546/2546/2546 2545/2545/2545 2547/2547/2547 
f 2548/2548/2548 2547/2547/2547 2549/2549/2549 
f 2548/2548/2548 2550/2550/2550 2547/2547/2547 
f 2556/2556/2556 2557/2557/2557 2558/2558/2558 
f 2559/2559/2559 2558/2558/2558 2557/2557/2557 
f 2560/2560/2560 2561/2561/2561 2557/2557/2557 
f 2562/2562/2562 2561/2561/2561 2560/2560/2560 
f 2563/2563/2563 2564/2564/2564 2565/2565/2565 
f 2565/2565/2565 2566/2566/2566 2563/2563/2563 
f 2567/2567/2567 2568/2568/2568 2563/2563/2563 
f 2567/2567/2567 2569/2569/2569 2568/2568/2568 
f 2570/2570/2570 2571/2571/2571 2572/2572/2572 
f 2573/2573/2573 2570/2570/2570 2572/2572/2572 
f 2574/2574/2574 2575/2575/2575 2572/2572/2572 
f 2576/2576/2576 2575/2575/2575 2574/2574/2574 
f 2577/2577/2577 2576/2576/2576 2574/2574/2574 
f 2579/2579/2579 2578/2578/2578 2580/2580/2580 
f 2581/2581/2581 2579/2579/2579 2580/2580/2580 
f 2581/2581/2581 2580/2580/2580 2582/2582/2582 
f 2583/2583/2583 2584/2584/2584 2582/2582/2582 
f 2584/2584/2584 2585/2585/2585 2582/2582/2582 
f 2586/2586/2586 2276/2276/2276 2397/2397/2397 
f 2276/2276/2276 2390/2390/2390 2397/2397/2397 
f 2390/2390/2390 2276/2276/2276 2278/2278/2278 
f 2276/2276/2276 2586/2586/2586 2275/2275/2275 
f 2587/2587/2587 2394/2394/2394 2393/2393/2393 
f 2587/2587/2587 2393/2393/2393 2395/2395/2395 
f 2588/2588/2588 2395/2395/2395 2295/2295/2295 
f 2588/2588/2588 2295/2295/2295 2411/2411/2411 
f 2411/2411/2411 2295/2295/2295 2298/2298/2298 
f 2413/2413/2413 2588/2588/2588 2411/2411/2411 
f 2590/2590/2590 2591/2591/2591 2592/2592/2592 
f 2593/2593/2593 2594/2594/2594 2595/2595/2595 
f 2596/2596/2596 2597/2597/2597 2598/2598/2598 
f 2599/2599/2599 2600/2600/2600 2601/2601/2601 
f 2602/2602/2602 2603/2603/2603 2604/2604/2604 
f 2605/2605/2605 2606/2606/2606 2607/2607/2607 
f 2608/2608/2608 2609/2609/2609 2610/2610/2610 
f 2611/2611/2611 2608/2608/2608 2610/2610/2610 
f 2612/2612/2612 2613/2613/2613 2614/2614/2614 
f 2615/2615/2615 2616/2616/2616 2617/2617/2617 
f 2618/2618/2618 2619/2619/2619 2620/2620/2620 
f 2621/2621/2621 2622/2622/2622 2623/2623/2623 
f 2624/2624/2624 2625/2625/2625 2626/2626/2626 
f 2627/2627/2627 2628/2628/2628 2629/2629/2629 
f 2670/2670/2670 2671/2671/2671 2672/2672/2672 
f 2673/2673/2673 2674/2674/2674 2675/2675/2675 
f 2681/2681/2681 2682/2682/2682 2683/2683/2683 
f 2685/2685/2685 2686/2686/2686 2687/2687/2687 
f 2688/2688/2688 2689/2689/2689 2690/2690/2690 
f 2695/2695/2695 2696/2696/2696 2697/2697/2697 
f 2698/2698/2698 2696/2696/2696 2699/2699/2699 
f 2699/2699/2699 2700/2700/2700 2701/2701/2701 
f 2702/2702/2702 2703/2703/2703 2704/2704/2704 
f 2705/2705/2705 2704/2704/2704 2706/2706/2706 
f 2702/2702/2702 2707/2707/2707 2708/2708/2708 
f 2719/2719/2719 2720/2720/2720 2721/2721/2721 
f 2722/2722/2722 2723/2723/2723 2724/2724/2724 
f 2725/2725/2725 2726/2726/2726 2727/2727/2727 
f 2728/2728/2728 2729/2729/2729 2730/2730/2730 
f 2731/2731/2731 2732/2732/2732 2733/2733/2733 
f 2734/2734/2734 2735/2735/2735 2731/2731/2731 
f 2736/2736/2736 2737/2737/2737 2734/2734/2734 
f 2738/2738/2738 2739/2739/2739 2736/2736/2736 
f 2740/2740/2740 2741/2741/2741 2742/2742/2742 
f 2743/2743/2743 2744/2744/2744 2741/2741/2741 
f 2745/2745/2745 2742/2742/2742 2746/2746/2746 
f 2747/2747/2747 2746/2746/2746 2748/2748/2748 
f 2752/2752/2752 2753/2753/2753 2754/2754/2754 
f 2755/2755/2755 2756/2756/2756 2754/2754/2754 
f 2757/2757/2757 2758/2758/2758 2759/2759/2759 
f 2760/2760/2760 2761/2761/2761 2762/2762/2762 
f 2763/2763/2763 2764/2764/2764 2765/2765/2765 
f 2766/2766/2766 2767/2767/2767 2768/2768/2768 
f 2769/2769/2769 2770/2770/2770 2771/2771/2771 
f 2772/2772/2772 2773/2773/2773 2774/2774/2774 
f 2789/2789/2789 2790/2790/2790 2791/2791/2791 
f 2790/2790/2790 2789/2789/2789 2792/2792/2792 
f 2793/2793/2793 2790/2790/2790 2792/2792/2792 
f 2794/2794/2794 2791/2791/2791 2790/2790/2790 
f 2795/2795/2795 2790/2790/2790 2793/2793/2793 
f 2795/2795/2795 2794/2794/2794 2790/2790/2790 
f 2796/2796/2796 2795/2795/2795 2793/2793/2793 
f 2795/2795/2795 2796/2796/2796 2797/2797/2797 
f 2798/2798/2798 2795/2795/2795 2797/2797/2797 
f 2795/2795/2795 2798/2798/2798 2794/2794/2794 
f 2801/2801/2801 2802/2802/2802 2803/2803/2803 
f 2802/2802/2802 2804/2804/2804 2805/2805/2805 
f 2804/2804/2804 2806/2806/2806 2803/2803/2803 
f 2806/2806/2806 2804/2804/2804 2807/2807/2807 
f 2806/2806/2806 2807/2807/2807 2808/2808/2808 
f 2809/2809/2809 2806/2806/2806 2808/2808/2808 
f 2809/2809/2809 2810/2810/2810 2806/2806/2806 
f 2812/2812/2812 2813/2813/2813 2814/2814/2814 
f 2815/2815/2815 2812/2812/2812 2816/2816/2816 
f 2817/2817/2817 2815/2815/2815 2814/2814/2814 
f 2815/2815/2815 2817/2817/2817 2818/2818/2818 
f 2819/2819/2819 2818/2818/2818 2817/2817/2817 
f 2820/2820/2820 2819/2819/2819 2817/2817/2817 
f 2821/2821/2821 2820/2820/2820 2817/2817/2817 
f 2829/2829/2829 2830/2830/2830 2831/2831/2831 
f 2832/2832/2832 2829/2829/2829 2833/2833/2833 
f 2834/2834/2834 2835/2835/2835 2836/2836/2836 
f 2835/2835/2835 2837/2837/2837 2838/2838/2838 
f 2841/2841/2841 2842/2842/2842 2843/2843/2843 
f 2842/2842/2842 2844/2844/2844 2843/2843/2843 
f 2845/2845/2845 2844/2844/2844 2842/2842/2842 
f 2846/2846/2846 2847/2847/2847 2842/2842/2842 
f 2848/2848/2848 2847/2847/2847 2846/2846/2846 
f 2850/2850/2850 2851/2851/2851 2852/2852/2852 
f 2850/2850/2850 2852/2852/2852 2853/2853/2853 
f 2853/2853/2853 2854/2854/2854 2855/2855/2855 
f 2856/2856/2856 2853/2853/2853 2855/2855/2855 
f 2856/2856/2856 2857/2857/2857 2853/2853/2853 
f 2877/2877/2877 2878/2878/2878 2879/2879/2879 
f 2880/2880/2880 2881/2881/2881 2882/2882/2882 
f 2895/2895/2895 2896/2896/2896 2897/2897/2897 
f 2898/2898/2898 2899/2899/2899 2900/2900/2900 
f 2941/2941/2941 2938/2938/2938 2939/2939/2939 
f 2942/2942/2942 2941/2941/2941 2939/2939/2939 
f 2941/2941/2941 2942/2942/2942 2943/2943/2943 
f 2941/2941/2941 2944/2944/2944 2938/2938/2938 
f 2944/2944/2944 2940/2940/2940 2938/2938/2938 
f 2944/2944/2944 2941/2941/2941 2945/2945/2945 
f 2944/2944/2944 2946/2946/2946 2940/2940/2940 
f 2946/2946/2946 2944/2944/2944 2947/2947/2947 
f 2948/2948/2948 2946/2946/2946 2947/2947/2947 
f 2948/2948/2948 2949/2949/2949 2950/2950/2950 
f 2946/2946/2946 2948/2948/2948 2951/2951/2951 
f 2946/2946/2946 2951/2951/2951 2940/2940/2940 
f 2953/2953/2953 2952/2952/2952 2951/2951/2951 
f 2954/2954/2954 2956/2956/2956 2955/2955/2955 
f 2957/2957/2957 2958/2958/2958 2959/2959/2959 
f 2960/2960/2960 2961/2961/2961 2962/2962/2962 
f 2963/2963/2963 2964/2964/2964 2965/2965/2965 
f 2966/2966/2966 2967/2967/2967 2968/2968/2968 
f 2969/2969/2969 2970/2970/2970 2971/2971/2971 
f 2977/2977/2977 2976/2976/2976 2978/2978/2978 
f 2981/2981/2981 2982/2982/2982 2983/2983/2983 
f 2987/2987/2987 2988/2988/2988 2989/2989/2989 
f 2990/2990/2990 2991/2991/2991 2992/2992/2992 
f 2994/2994/2994 2995/2995/2995 2996/2996/2996 
f 2997/2997/2997 2998/2998/2998 2999/2999/2999 
f 3010/3010/3010 3011/3011/3011 3012/3012/3012 
f 3013/3013/3013 3010/3010/3010 3014/3014/3014 
f 3014/3014/3014 3016/3016/3016 3015/3015/3015 
f 3017/3017/3017 3016/3016/3016 3014/3014/3014 
f 3018/3018/3018 3017/3017/3017 3019/3019/3019 
f 3016/3016/3016 3017/3017/3017 3020/3020/3020 
f 3021/3021/3021 3016/3016/3016 3020/3020/3020 
f 3016/3016/3016 3021/3021/3021 3015/3015/3015 
f 3015/3015/3015 3021/3021/3021 3022/3022/3022 
f 3021/3021/3021 3024/3024/3024 3022/3022/3022 
f 3024/3024/3024 3021/3021/3021 3025/3025/3025 
f 3022/3022/3022 3024/3024/3024 3023/3023/3023 
f 3024/3024/3024 3026/3026/3026 3023/3023/3023 
f 3026/3026/3026 3024/3024/3024 3027/3027/3027 
f 3023/3023/3023 3026/3026/3026 3028/3028/3028 
f 3026/3026/3026 3029/3029/3029 3028/3028/3028 
f 3029/3029/3029 3026/3026/3026 3030/3030/3030 
f 3028/3028/3028 3029/3029/3029 3031/3031/3031 
f 2789/2789/2789 3029/3029/3029 3032/3032/3032 
f 3029/3029/3029 2789/2789/2789 3031/3031/3031 
f 3031/3031/3031 2789/2789/2789 2791/2791/2791 
f 3046/3046/3046 3048/3048/3048 3047/3047/3047 
f 3051/3051/3051 3049/3049/3049 3050/3050/3050 
f 3053/3053/3053 3054/3054/3054 3055/3055/3055 
f 3056/3056/3056 3057/3057/3057 3058/3058/3058 
f 2798/2798/2798 3063/3063/3063 2794/2794/2794 
f 3064/3064/3064 2798/2798/2798 3065/3065/3065 
f 2798/2798/2798 3064/3064/3064 3063/3063/3063 
f 3064/3064/3064 3066/3066/3066 3063/3063/3063 
f 2942/2942/2942 3064/3064/3064 3067/3067/3067 
f 3064/3064/3064 2942/2942/2942 3066/3066/3066 
f 3083/3083/3083 3084/3084/3084 3085/3085/3085 
f 3085/3085/3085 3084/3084/3084 3086/3086/3086 
f 3087/3087/3087 3088/3088/3088 3089/3089/3089 
f 3087/3087/3087 3089/3089/3089 3090/3090/3090 
f 3091/3091/3091 3092/3092/3092 3093/3093/3093 
f 3093/3093/3093 3092/3092/3092 3094/3094/3094 
f 3095/3095/3095 3096/3096/3096 3097/3097/3097 
f 3095/3095/3095 3097/3097/3097 3098/3098/3098 
f 3103/3103/3103 3104/3104/3104 3105/3105/3105 
f 3103/3103/3103 3105/3105/3105 3106/3106/3106 
f 3107/3107/3107 3108/3108/3108 3109/3109/3109 
f 3109/3109/3109 3108/3108/3108 3110/3110/3110 
f 3113/3113/3113 3114/3114/3114 3115/3115/3115 
f 3113/3113/3113 3115/3115/3115 3116/3116/3116 
f 3117/3117/3117 3118/3118/3118 3119/3119/3119 
f 3120/3120/3120 3119/3119/3119 3118/3118/3118 
f 3129/3129/3129 3130/3130/3130 3131/3131/3131 
f 3131/3131/3131 3130/3130/3130 3132/3132/3132 
f 3133/3133/3133 3134/3134/3134 3135/3135/3135 
f 3133/3133/3133 3135/3135/3135 3136/3136/3136 
f 3137/3137/3137 3138/3138/3138 3139/3139/3139 
f 3137/3137/3137 3139/3139/3139 3140/3140/3140 
f 3141/3141/3141 3137/3137/3137 3142/3142/3142 
f 3143/3143/3143 3137/3137/3137 3141/3141/3141 
f 3144/3144/3144 3145/3145/3145 3146/3146/3146 
f 3146/3146/3146 3145/3145/3145 3147/3147/3147 
f 3145/3145/3145 3148/3148/3148 3149/3149/3149 
f 3145/3145/3145 3150/3150/3150 3148/3148/3148 
f 3152/3152/3152 3153/3153/3153 3154/3154/3154 
f 3154/3154/3154 3153/3153/3153 3155/3155/3155 
f 3156/3156/3156 3157/3157/3157 3158/3158/3158 
f 3156/3156/3156 3158/3158/3158 3159/3159/3159 
f 3171/3171/3171 3172/3172/3172 3173/3173/3173 
f 3175/3175/3175 3174/3174/3174 3176/3176/3176 
f 3177/3177/3177 3178/3178/3178 3179/3179/3179 
f 3180/3180/3180 3181/3181/3181 3182/3182/3182 
f 3184/3184/3184 3185/3185/3185 3186/3186/3186 
f 3186/3186/3186 3185/3185/3185 3187/3187/3187 
f 3188/3188/3188 3189/3189/3189 3190/3190/3190 
f 3188/3188/3188 3190/3190/3190 3191/3191/3191 
f 3194/3194/3194 3195/3195/3195 3196/3196/3196 
f 3194/3194/3194 3196/3196/3196 3197/3197/3197 
f 3198/3198/3198 3199/3199/3199 3200/3200/3200 
f 3201/3201/3201 3199/3199/3199 3198/3198/3198 
f 2942/2942/2942 2939/2939/2939 3066/3066/3066 
f 3202/3202/3202 3203/3203/3203 3204/3204/3204 
f 3202/3202/3202 3205/3205/3205 3203/3203/3203 
f 3206/3206/3206 3207/3207/3207 3208/3208/3208 
f 3206/3206/3206 3209/3209/3209 3207/3207/3207 
f 3210/3210/3210 3211/3211/3211 3212/3212/3212 
f 3212/3212/3212 3211/3211/3211 3213/3213/3213 
f 3214/3214/3214 3215/3215/3215 3216/3216/3216 
f 3217/3217/3217 3215/3215/3215 3214/3214/3214 
f 3220/3220/3220 3221/3221/3221 3222/3222/3222 
f 3223/3223/3223 3224/3224/3224 3225/3225/3225 
f 3226/3226/3226 3227/3227/3227 3228/3228/3228 
f 3229/3229/3229 3230/3230/3230 3231/3231/3231 
f 3232/3232/3232 3233/3233/3233 3234/3234/3234 
f 3235/3235/3235 3232/3232/3232 3234/3234/3234 
f 3236/3236/3236 3237/3237/3237 3238/3238/3238 
f 3238/3238/3238 3237/3237/3237 3239/3239/3239 
f 3240/3240/3240 3241/3241/3241 3242/3242/3242 
f 3243/3243/3243 3240/3240/3240 3244/3244/3244 
f 3245/3245/3245 3246/3246/3246 3247/3247/3247 
f 3248/3248/3248 3245/3245/3245 3249/3249/3249 
f 3250/3250/3250 3251/3251/3251 3252/3252/3252 
f 3253/3253/3253 3254/3254/3254 3255/3255/3255 
f 3256/3256/3256 3257/3257/3257 3258/3258/3258 
f 3259/3259/3259 3256/3256/3256 3258/3258/3258 
f 3260/3260/3260 3261/3261/3261 3262/3262/3262 
f 3263/3263/3263 3260/3260/3260 3262/3262/3262 
f 3264/3264/3264 3265/3265/3265 3266/3266/3266 
f 3267/3267/3267 3264/3264/3264 3266/3266/3266 
f 3268/3268/3268 3269/3269/3269 3270/3270/3270 
f 3271/3271/3271 3268/3268/3268 3270/3270/3270 
f 3272/3272/3272 3273/3273/3273 3274/3274/3274 
f 3275/3275/3275 3272/3272/3272 3274/3274/3274 
f 3276/3276/3276 3277/3277/3277 3278/3278/3278 
f 3279/3279/3279 3276/3276/3276 3278/3278/3278 
f 3281/3281/3281 3282/3282/3282 3283/3283/3283 
f 3284/3284/3284 3285/3285/3285 3286/3286/3286 
f 3287/3287/3287 3288/3288/3288 3289/3289/3289 
f 3287/3287/3287 3289/3289/3289 3290/3290/3290 
f 3291/3291/3291 3292/3292/3292 3293/3293/3293 
f 3294/3294/3294 3292/3292/3292 3291/3291/3291 
f 3295/3295/3295 3296/3296/3296 3297/3297/3297 
f 3298/3298/3298 3299/3299/3299 3300/3300/3300 
f 3298/3298/3298 3300/3300/3300 3301/3301/3301 
f 3302/3302/3302 3303/3303/3303 3304/3304/3304 
f 3305/3305/3305 3306/3306/3306 3307/3307/3307 
f 3308/3308/3308 3306/3306/3306 3305/3305/3305 
f 3310/3310/3310 3309/3309/3309 3311/3311/3311 
f 3312/3312/3312 3313/3313/3313 3314/3314/3314 
f 3315/3315/3315 3316/3316/3316 3317/3317/3317 
f 3315/3315/3315 3317/3317/3317 3318/3318/3318 
f 3319/3319/3319 3320/3320/3320 3321/3321/3321 
f 3322/3322/3322 3320/3320/3320 3319/3319/3319 
f 3323/3323/3323 3324/3324/3324 3325/3325/3325 
f 3324/3324/3324 3326/3326/3326 3325/3325/3325 
f 3326/3326/3326 3327/3327/3327 3325/3325/3325 
f 3327/3327/3327 3328/3328/3328 3325/3325/3325 
f 3329/3329/3329 3330/3330/3330 3331/3331/3331 
f 3332/3332/3332 3329/3329/3329 3331/3331/3331 
f 3333/3333/3333 3332/3332/3332 3331/3331/3331 
f 3334/3334/3334 3333/3333/3333 3331/3331/3331 
f 3335/3335/3335 3336/3336/3336 3337/3337/3337 
f 3336/3336/3336 3338/3338/3338 3337/3337/3337 
f 3335/3335/3335 3339/3339/3339 3336/3336/3336 
f 3339/3339/3339 3340/3340/3340 3336/3336/3336 
f 3341/3341/3341 3342/3342/3342 3343/3343/3343 
f 3342/3342/3342 3344/3344/3344 3343/3343/3343 
f 3345/3345/3345 3344/3344/3344 3342/3342/3342 
f 3346/3346/3346 3345/3345/3345 3342/3342/3342 
f 3347/3347/3347 3348/3348/3348 3349/3349/3349 
f 3350/3350/3350 3351/3351/3351 3352/3352/3352 
f 3353/3353/3353 3354/3354/3354 3355/3355/3355 
f 3356/3356/3356 3353/3353/3353 3355/3355/3355 
f 3356/3356/3356 3357/3357/3357 3353/3353/3353 
f 3357/3357/3357 3358/3358/3358 3353/3353/3353 
f 3356/3356/3356 3355/3355/3355 3359/3359/3359 
f 3356/3356/3356 3359/3359/3359 3357/3357/3357 
f 3355/3355/3355 3360/3360/3360 3359/3359/3359 
f 3358/3358/3358 3357/3357/3357 3361/3361/3361 
f 3362/3362/3362 3358/3358/3358 3361/3361/3361 
f 3362/3362/3362 3361/3361/3361 3363/3363/3363 
f 3361/3361/3361 3364/3364/3364 3363/3363/3363 
f 3365/3365/3365 3363/3363/3363 3364/3364/3364 
f 3366/3366/3366 3365/3365/3365 3364/3364/3364 
f 3367/3367/3367 3365/3365/3365 3366/3366/3366 
f 3368/3368/3368 3367/3367/3367 3366/3366/3366 
f 3369/3369/3369 3367/3367/3367 3368/3368/3368 
f 3370/3370/3370 3369/3369/3369 3368/3368/3368 
f 3369/3369/3369 3370/3370/3370 3371/3371/3371 
f 3370/3370/3370 3372/3372/3372 3371/3371/3371 
f 3371/3371/3371 3372/3372/3372 3373/3373/3373 
f 3372/3372/3372 3374/3374/3374 3373/3373/3373 
f 3375/3375/3375 3373/3373/3373 3374/3374/3374 
f 3376/3376/3376 3375/3375/3375 3374/3374/3374 
f 3377/3377/3377 3378/3378/3378 3379/3379/3379 
f 3380/3380/3380 3377/3377/3377 3379/3379/3379 
f 3378/3378/3378 3381/3381/3381 3379/3379/3379 
f 3381/3381/3381 3382/3382/3382 3379/3379/3379 
f 3382/3382/3382 3381/3381/3381 3383/3383/3383 
f 3384/3384/3384 3385/3385/3385 3383/3383/3383 
f 3386/3386/3386 3384/3384/3384 3383/3383/3383 
f 3387/3387/3387 3386/3386/3386 3383/3383/3383 
f 3388/3388/3388 3386/3386/3386 3387/3387/3387 
f 3389/3389/3389 3390/3390/3390 3387/3387/3387 
f 3391/3391/3391 3390/3390/3390 3389/3389/3389 
f 3392/3392/3392 3391/3391/3391 3389/3389/3389 
f 3393/3393/3393 3391/3391/3391 3392/3392/3392 
f 3394/3394/3394 3395/3395/3395 3396/3396/3396 
f 3395/3395/3395 3397/3397/3397 3396/3396/3396 
f 3398/3398/3398 3394/3394/3394 3396/3396/3396 
f 3399/3399/3399 3398/3398/3398 3396/3396/3396 
f 3398/3398/3398 3399/3399/3399 3400/3400/3400 
f 3401/3401/3401 3402/3402/3402 3400/3400/3400 
f 3402/3402/3402 3403/3403/3403 3400/3400/3400 
f 3403/3403/3403 3404/3404/3404 3400/3400/3400 
f 3403/3403/3403 3405/3405/3405 3404/3404/3404 
f 3406/3406/3406 3407/3407/3407 3404/3404/3404 
f 3406/3406/3406 3408/3408/3408 3407/3407/3407 
f 3408/3408/3408 3409/3409/3409 3407/3407/3407 
f 3408/3408/3408 3410/3410/3410 3409/3409/3409 
f 3411/3411/3411 3412/3412/3412 3360/3360/3360 
f 3412/3412/3412 3359/3359/3359 3360/3360/3360 
f 3413/3413/3413 3359/3359/3359 3412/3412/3412 
f 3359/3359/3359 3413/3413/3413 3357/3357/3357 
f 3414/3414/3414 3413/3413/3413 3412/3412/3412 
f 3413/3413/3413 3414/3414/3414 3415/3415/3415 
f 3414/3414/3414 3416/3416/3416 3415/3415/3415 
f 3415/3415/3415 3416/3416/3416 3417/3417/3417 
f 3418/3418/3418 3415/3415/3415 3417/3417/3417 
f 3417/3417/3417 3419/3419/3419 3418/3418/3418 
f 3419/3419/3419 3420/3420/3420 3418/3418/3418 
f 3419/3419/3419 3421/3421/3421 3420/3420/3420 
f 3421/3421/3421 3422/3422/3422 3420/3420/3420 
f 3421/3421/3421 3423/3423/3423 3422/3422/3422 
f 3423/3423/3423 3424/3424/3424 3422/3422/3422 
f 3424/3424/3424 3423/3423/3423 3425/3425/3425 
f 3426/3426/3426 3424/3424/3424 3425/3425/3425 
f 3426/3426/3426 3425/3425/3425 3427/3427/3427 
f 3428/3428/3428 3426/3426/3426 3427/3427/3427 
f 3427/3427/3427 3429/3429/3429 3428/3428/3428 
f 3429/3429/3429 3430/3430/3430 3428/3428/3428 
f 3431/3431/3431 3432/3432/3432 3433/3433/3433 
f 3434/3434/3434 3435/3435/3435 3436/3436/3436 
f 3437/3437/3437 3438/3438/3438 3439/3439/3439 
f 3438/3438/3438 3440/3440/3440 3439/3439/3439 
f 3437/3437/3437 3441/3441/3441 3438/3438/3438 
f 3442/3442/3442 3443/3443/3443 3438/3438/3438 
f 3444/3444/3444 3445/3445/3445 3446/3446/3446 
f 3445/3445/3445 3447/3447/3447 3446/3446/3446 
f 3448/3448/3448 3447/3447/3447 3445/3445/3445 
f 3449/3449/3449 3450/3450/3450 3445/3445/3445 
f 3451/3451/3451 3452/3452/3452 3453/3453/3453 
f 3452/3452/3452 3454/3454/3454 3453/3453/3453 
f 3451/3451/3451 3455/3455/3455 3452/3452/3452 
f 3455/3455/3455 3456/3456/3456 3452/3452/3452 
f 3456/3456/3456 3455/3455/3455 3457/3457/3457 
f 3458/3458/3458 3459/3459/3459 3457/3457/3457 
f 3458/3458/3458 3457/3457/3457 3460/3460/3460 
f 3457/3457/3457 3461/3461/3461 3460/3460/3460 
f 3462/3462/3462 3460/3460/3460 3461/3461/3461 
f 3463/3463/3463 3462/3462/3462 3461/3461/3461 
f 3464/3464/3464 3462/3462/3462 3463/3463/3463 
f 3465/3465/3465 3464/3464/3464 3463/3463/3463 
f 3466/3466/3466 3464/3464/3464 3465/3465/3465 
f 3467/3467/3467 3466/3466/3466 3465/3465/3465 
f 3468/3468/3468 3466/3466/3466 3467/3467/3467 
f 3469/3469/3469 3468/3468/3468 3467/3467/3467 
f 3470/3470/3470 3468/3468/3468 3469/3469/3469 
f 3471/3471/3471 3470/3470/3470 3469/3469/3469 
f 3472/3472/3472 3470/3470/3470 3471/3471/3471 
f 3473/3473/3473 3472/3472/3472 3471/3471/3471 
f 3474/3474/3474 3475/3475/3475 3476/3476/3476 
f 3475/3475/3475 3477/3477/3477 3476/3476/3476 
f 3478/3478/3478 3477/3477/3477 3475/3475/3475 
f 3479/3479/3479 3478/3478/3478 3475/3475/3475 
f 3478/3478/3478 3479/3479/3479 3480/3480/3480 
f 3481/3481/3481 3482/3482/3482 3480/3480/3480 
f 3480/3480/3480 3482/3482/3482 3483/3483/3483 
f 3484/3484/3484 3480/3480/3480 3483/3483/3483 
f 3483/3483/3483 3485/3485/3485 3484/3484/3484 
f 3485/3485/3485 3486/3486/3486 3484/3484/3484 
f 3485/3485/3485 3487/3487/3487 3486/3486/3486 
f 3487/3487/3487 3488/3488/3488 3486/3486/3486 
f 3487/3487/3487 3489/3489/3489 3488/3488/3488 
f 3489/3489/3489 3490/3490/3490 3488/3488/3488 
f 3489/3489/3489 3491/3491/3491 3490/3490/3490 
f 3491/3491/3491 3492/3492/3492 3490/3490/3490 
f 3491/3491/3491 3493/3493/3493 3492/3492/3492 
f 3493/3493/3493 3494/3494/3494 3492/3492/3492 
f 3493/3493/3493 3495/3495/3495 3494/3494/3494 
f 3495/3495/3495 3496/3496/3496 3494/3494/3494 
f 3497/3497/3497 3498/3498/3498 3499/3499/3499 
f 3498/3498/3498 3500/3500/3500 3501/3501/3501 
f 3500/3500/3500 3502/3502/3502 3503/3503/3503 
f 3504/3504/3504 3505/3505/3505 3499/3499/3499 
f 3499/3499/3499 3505/3505/3505 3506/3506/3506 
f 3507/3507/3507 3508/3508/3508 3506/3506/3506 
f 3507/3507/3507 3506/3506/3506 3509/3509/3509 
f 3506/3506/3506 3510/3510/3510 3509/3509/3509 
f 3511/3511/3511 3509/3509/3509 3510/3510/3510 
f 3512/3512/3512 3513/3513/3513 3510/3510/3510 
f 3514/3514/3514 3515/3515/3515 3516/3516/3516 
f 3515/3515/3515 3517/3517/3517 3518/3518/3518 
f 3517/3517/3517 3515/3515/3515 3519/3519/3519 
f 3520/3520/3520 3521/3521/3521 3519/3519/3519 
f 3520/3520/3520 3519/3519/3519 3522/3522/3522 
f 3523/3523/3523 3524/3524/3524 3522/3522/3522 
f 3522/3522/3522 3524/3524/3524 3525/3525/3525 
f 3526/3526/3526 3522/3522/3522 3525/3525/3525 
f 3525/3525/3525 3527/3527/3527 3526/3526/3526 
f 3528/3528/3528 3529/3529/3529 3526/3526/3526 
f 3530/3530/3530 3531/3531/3531 3532/3532/3532 
f 3533/3533/3533 3531/3531/3531 3530/3530/3530 
f 3534/3534/3534 3533/3533/3533 3530/3530/3530 
f 3535/3535/3535 3533/3533/3533 3534/3534/3534 
f 3536/3536/3536 3535/3535/3535 3534/3534/3534 
f 3537/3537/3537 3535/3535/3535 3536/3536/3536 
f 3538/3538/3538 3539/3539/3539 3536/3536/3536 
f 3540/3540/3540 3541/3541/3541 3542/3542/3542 
f 3543/3543/3543 3544/3544/3544 3542/3542/3542 
f 3543/3543/3543 3542/3542/3542 3545/3545/3545 
f 3546/3546/3546 3543/3543/3543 3545/3545/3545 
f 3546/3546/3546 3545/3545/3545 3547/3547/3547 
f 3548/3548/3548 3546/3546/3546 3547/3547/3547 
f 3548/3548/3548 3547/3547/3547 3549/3549/3549 
f 3550/3550/3550 3551/3551/3551 3552/3552/3552 
f 3553/3553/3553 3554/3554/3554 3555/3555/3555 
f 3556/3556/3556 3557/3557/3557 3558/3558/3558 
f 3559/3559/3559 3556/3556/3556 3560/3560/3560 
f 3559/3559/3559 3560/3560/3560 3561/3561/3561 
f 3562/3562/3562 3563/3563/3563 3564/3564/3564 
f 3563/3563/3563 3565/3565/3565 3566/3566/3566 
f 3566/3566/3566 3565/3565/3565 3567/3567/3567 
f 3569/3569/3569 3570/3570/3570 3571/3571/3571 
f 3570/3570/3570 3572/3572/3572 3571/3571/3571 
f 3573/3573/3573 3574/3574/3574 3575/3575/3575 
f 3576/3576/3576 3573/3573/3573 3575/3575/3575 
f 3577/3577/3577 3578/3578/3578 3579/3579/3579 
f 3580/3580/3580 3581/3581/3581 3582/3582/3582 
f 3583/3583/3583 3584/3584/3584 3585/3585/3585 
f 3584/3584/3584 3586/3586/3586 3587/3587/3587 
f 3588/3588/3588 3589/3589/3589 3590/3590/3590 
f 3591/3591/3591 3588/3588/3588 3592/3592/3592 
f 3593/3593/3593 3594/3594/3594 3595/3595/3595 
f 3596/3596/3596 3597/3597/3597 3598/3598/3598 
f 3599/3599/3599 3601/3601/3601 3600/3600/3600 
f 3602/3602/3602 3603/3603/3603 3604/3604/3604 
f 3605/3605/3605 3606/3606/3606 3607/3607/3607 
f 3607/3607/3607 3608/3608/3608 3605/3605/3605 
f 3609/3609/3609 3610/3610/3610 3611/3611/3611 
f 3611/3611/3611 3612/3612/3612 3609/3609/3609 
f 3613/3613/3613 3614/3614/3614 3615/3615/3615 
f 3616/3616/3616 3615/3615/3615 3614/3614/3614 
f 3617/3617/3617 3618/3618/3618 3619/3619/3619 
f 3620/3620/3620 3619/3619/3619 3618/3618/3618 
f 3621/3621/3621 3622/3622/3622 3623/3623/3623 
f 3622/3622/3622 3621/3621/3621 3624/3624/3624 
f 3625/3625/3625 3626/3626/3626 3627/3627/3627 
f 3626/3626/3626 3625/3625/3625 3628/3628/3628 
f 3629/3629/3629 3630/3630/3630 3631/3631/3631 
f 3630/3630/3630 3629/3629/3629 3632/3632/3632 
f 3633/3633/3633 3634/3634/3634 3635/3635/3635 
f 3636/3636/3636 3634/3634/3634 3633/3633/3633 
f 3637/3637/3637 3636/3636/3636 3633/3633/3633 
f 3636/3636/3636 3637/3637/3637 3638/3638/3638 
f 3639/3639/3639 3640/3640/3640 3641/3641/3641 
f 3640/3640/3640 3639/3639/3639 3642/3642/3642 
f 3643/3643/3643 3644/3644/3644 3645/3645/3645 
f 3643/3643/3643 3645/3645/3645 3646/3646/3646 
f 3647/3647/3647 3648/3648/3648 3649/3649/3649 
f 3649/3649/3649 3648/3648/3648 3650/3650/3650 
f 3651/3651/3651 3652/3652/3652 3653/3653/3653 
f 3651/3651/3651 3653/3653/3653 3654/3654/3654 
f 3655/3655/3655 3656/3656/3656 3657/3657/3657 
f 3657/3657/3657 3656/3656/3656 3658/3658/3658 
f 3659/3659/3659 3660/3660/3660 3661/3661/3661 
f 3662/3662/3662 3663/3663/3663 3664/3664/3664 
f 3663/3663/3663 3662/3662/3662 3665/3665/3665 
f 3662/3662/3662 3666/3666/3666 3667/3667/3667 
f 3667/3667/3667 3666/3666/3666 3668/3668/3668 
f 3669/3669/3669 3670/3670/3670 3671/3671/3671 
f 3669/3669/3669 3671/3671/3671 3672/3672/3672 
f 3673/3673/3673 3674/3674/3674 3675/3675/3675 
f 3675/3675/3675 3674/3674/3674 3676/3676/3676 
f 3674/3674/3674 3677/3677/3677 3678/3678/3678 
f 3678/3678/3678 3677/3677/3677 3679/3679/3679 
f 3680/3680/3680 3681/3681/3681 3682/3682/3682 
f 3686/3686/3686 3687/3687/3687 3688/3688/3688 
f 3689/3689/3689 3688/3688/3688 3687/3687/3687 
f 3690/3690/3690 3691/3691/3691 3692/3692/3692 
f 3691/3691/3691 3690/3690/3690 3693/3693/3693 
f 3694/3694/3694 3695/3695/3695 3696/3696/3696 
f 3696/3696/3696 3695/3695/3695 3697/3697/3697 
f 3700/3700/3700 3701/3701/3701 3702/3702/3702 
f 3703/3703/3703 3702/3702/3702 3701/3701/3701 
f 3704/3704/3704 3705/3705/3705 3706/3706/3706 
f 3707/3707/3707 3704/3704/3704 3706/3706/3706 
f 3708/3708/3708 3710/3710/3710 3711/3711/3711 
f 3712/3712/3712 3713/3713/3713 3714/3714/3714 
f 3715/3715/3715 3716/3716/3716 3717/3717/3717 
f 3716/3716/3716 3715/3715/3715 3718/3718/3718 
f 3719/3719/3719 3720/3720/3720 3721/3721/3721 
f 3724/3724/3724 3725/3725/3725 3726/3726/3726 
f 3728/3728/3728 3729/3729/3729 3730/3730/3730 
f 3734/3734/3734 3735/3735/3735 3736/3736/3736 
f 3739/3739/3739 3740/3740/3740 3741/3741/3741 
f 3740/3740/3740 3742/3742/3742 3741/3741/3741 
f 3745/3745/3745 3746/3746/3746 3747/3747/3747 
f 3748/3748/3748 3749/3749/3749 3750/3750/3750 
f 3748/3748/3748 3751/3751/3751 3752/3752/3752 
f 3755/3755/3755 3756/3756/3756 3757/3757/3757 
f 3756/3756/3756 3755/3755/3755 3758/3758/3758 
f 3761/3761/3761 3762/3762/3762 3763/3763/3763 
f 3764/3764/3764 3762/3762/3762 3761/3761/3761 
f 3771/3771/3771 3772/3772/3772 3773/3773/3773 
f 3774/3774/3774 3772/3772/3772 3771/3771/3771 
f 3775/3775/3775 3776/3776/3776 3777/3777/3777 
f 3778/3778/3778 3776/3776/3776 3775/3775/3775 
f 3780/3780/3780 3781/3781/3781 3782/3782/3782 
f 3783/3783/3783 3781/3781/3781 3780/3780/3780 
f 3784/3784/3784 3785/3785/3785 3786/3786/3786 
f 3787/3787/3787 3785/3785/3785 3784/3784/3784 
f 3788/3788/3788 3789/3789/3789 3790/3790/3790 
f 3791/3791/3791 3789/3789/3789 3788/3788/3788 
f 3792/3792/3792 3793/3793/3793 3794/3794/3794 
f 3795/3795/3795 3796/3796/3796 3797/3797/3797 
f 3798/3798/3798 3796/3796/3796 3795/3795/3795 
f 3804/3804/3804 3805/3805/3805 3806/3806/3806 
f 3807/3807/3807 3808/3808/3808 3809/3809/3809 
f 3813/3813/3813 3814/3814/3814 3815/3815/3815 
f 3817/3817/3817 3818/3818/3818 3819/3819/3819 
f 3820/3820/3820 3821/3821/3821 3822/3822/3822 
f 3823/3823/3823 3824/3824/3824 3825/3825/3825 
f 3826/3826/3826 3827/3827/3827 3828/3828/3828 
f 3828/3828/3828 3829/3829/3829 3830/3830/3830 
f 3829/3829/3829 3831/3831/3831 3832/3832/3832 
f 3831/3831/3831 3833/3833/3833 3834/3834/3834 
f 3835/3835/3835 3836/3836/3836 3837/3837/3837 
f 3839/3839/3839 3840/3840/3840 3841/3841/3841 
f 3851/3851/3851 3852/3852/3852 3853/3853/3853 
f 3854/3854/3854 3855/3855/3855 3856/3856/3856 
f 3857/3857/3857 3856/3856/3856 3858/3858/3858 
f 3859/3859/3859 3860/3860/3860 3861/3861/3861 
f 3866/3866/3866 3867/3867/3867 3868/3868/3868 
f 3872/3872/3872 3873/3873/3873 3874/3874/3874 
f 3880/3880/3880 3881/3881/3881 3882/3882/3882 
f 3883/3883/3883 3880/3880/3880 3884/3884/3884 
f 3885/3885/3885 3883/3883/3883 3886/3886/3886 
f 3887/3887/3887 3885/3885/3885 3888/3888/3888 
f 3889/3889/3889 3890/3890/3890 3891/3891/3891 
f 3894/3894/3894 3895/3895/3895 3896/3896/3896 
f 3898/3898/3898 3899/3899/3899 3900/3900/3900 
f 3903/3903/3903 3904/3904/3904 3905/3905/3905 
f 3906/3906/3906 3903/3903/3903 3905/3905/3905 
f 3907/3907/3907 3908/3908/3908 3909/3909/3909 
f 3910/3910/3910 3911/3911/3911 3909/3909/3909 
f 3912/3912/3912 3911/3911/3911 3910/3910/3910 
f 3913/3913/3913 3912/3912/3912 3910/3910/3910 
f 3914/3914/3914 3912/3912/3912 3913/3913/3913 
f 3915/3915/3915 3914/3914/3914 3913/3913/3913 
f 3916/3916/3916 3914/3914/3914 3915/3915/3915 
f 3917/3917/3917 3916/3916/3916 3915/3915/3915 
f 3918/3918/3918 3916/3916/3916 3917/3917/3917 
f 3919/3919/3919 3918/3918/3918 3917/3917/3917 
f 3920/3920/3920 3918/3918/3918 3919/3919/3919 
f 3921/3921/3921 3922/3922/3922 3923/3923/3923 
f 3925/3925/3925 3926/3926/3926 3927/3927/3927 
f 3928/3928/3928 3929/3929/3929 3930/3930/3930 
f 3930/3930/3930 3929/3929/3929 3931/3931/3931 
f 3932/3932/3932 3933/3933/3933 3931/3931/3931 
f 3934/3934/3934 3931/3931/3931 3933/3933/3933 
f 3935/3935/3935 3934/3934/3934 3933/3933/3933 
f 3934/3934/3934 3936/3936/3936 3937/3937/3937 
f 3938/3938/3938 3939/3939/3939 3940/3940/3940 
f 3941/3941/3941 3942/3942/3942 3943/3943/3943 
f 3944/3944/3944 3945/3945/3945 3946/3946/3946 
f 3944/3944/3944 3947/3947/3947 3945/3945/3945 
f 3948/3948/3948 3949/3949/3949 3950/3950/3950 
f 3951/3951/3951 3952/3952/3952 3953/3953/3953 
f 3954/3954/3954 3953/3953/3953 3952/3952/3952 
f 3955/3955/3955 3956/3956/3956 3957/3957/3957 
f 3958/3958/3958 3959/3959/3959 3960/3960/3960 
f 3959/3959/3959 3961/3961/3961 3960/3960/3960 
f 3962/3962/3962 3960/3960/3960 3961/3961/3961 
f 3963/3963/3963 3962/3962/3962 3961/3961/3961 
f 3959/3959/3959 3964/3964/3964 3965/3965/3965 
f 3964/3964/3964 3966/3966/3966 3965/3965/3965 
f 3967/3967/3967 3965/3965/3965 3966/3966/3966 
f 3968/3968/3968 3967/3967/3967 3966/3966/3966 
f 3968/3968/3968 3969/3969/3969 3967/3967/3967 
f 3970/3970/3970 3971/3971/3971 3967/3967/3967 
f 3971/3971/3971 3970/3970/3970 3972/3972/3972 
f 3973/3973/3973 3971/3971/3971 3972/3972/3972 
f 3974/3974/3974 3975/3975/3975 3976/3976/3976 
f 3979/3979/3979 3980/3980/3980 3981/3981/3981 
f 3986/3986/3986 3987/3987/3987 3988/3988/3988 
f 3989/3989/3989 3986/3986/3986 3988/3988/3988 
f 3990/3990/3990 3991/3991/3991 3992/3992/3992 
f 3993/3993/3993 3994/3994/3994 3992/3992/3992 
f 3995/3995/3995 3994/3994/3994 3993/3993/3993 
f 3996/3996/3996 3995/3995/3995 3993/3993/3993 
f 3997/3997/3997 3995/3995/3995 3996/3996/3996 
f 3998/3998/3998 3997/3997/3997 3996/3996/3996 
f 3999/3999/3999 3997/3997/3997 3998/3998/3998 
f 4000/4000/4000 3999/3999/3999 3998/3998/3998 
f 4001/4001/4001 3999/3999/3999 4000/4000/4000 
f 4002/4002/4002 4001/4001/4001 4000/4000/4000 
f 4003/4003/4003 4001/4001/4001 4002/4002/4002 
f 4004/4004/4004 4005/4005/4005 4006/4006/4006 
f 4005/4005/4005 4004/4004/4004 4007/4007/4007 
f 4008/4008/4008 4009/4009/4009 4010/4010/4010 
f 4011/4011/4011 4012/4012/4012 4013/4013/4013 
f 4011/4011/4011 4014/4014/4014 4012/4012/4012 
f 4015/4015/4015 4014/4014/4014 4016/4016/4016 
f 4014/4014/4014 4015/4015/4015 4017/4017/4017 
f 4018/4018/4018 4019/4019/4019 4020/4020/4020 
f 4021/4021/4021 4018/4018/4018 4020/4020/4020 
f 4022/4022/4022 4023/4023/4023 4024/4024/4024 
f 4025/4025/4025 4026/4026/4026 4027/4027/4027 
f 4026/4026/4026 4025/4025/4025 4028/4028/4028 
f 4025/4025/4025 4029/4029/4029 4028/4028/4028 
f 4028/4028/4028 4029/4029/4029 4030/4030/4030 
f 4029/4029/4029 4031/4031/4031 4030/4030/4030 
f 4030/4030/4030 4031/4031/4031 4032/4032/4032 
f 4033/4033/4033 4030/4030/4030 4034/4034/4034 
f 4035/4035/4035 4034/4034/4034 4036/4036/4036 
f 4032/4032/4032 4037/4037/4037 4038/4038/4038 
f 4038/4038/4038 4037/4037/4037 4039/4039/4039 
f 4037/4037/4037 4040/4040/4040 4039/4039/4039 
f 4041/4041/4041 4039/4039/4039 4040/4040/4040 
f 4042/4042/4042 4043/4043/4043 4044/4044/4044 
f 4042/4042/4042 4045/4045/4045 4043/4043/4043 
f 4046/4046/4046 4047/4047/4047 4048/4048/4048 
f 4049/4049/4049 4047/4047/4047 4046/4046/4046 
f 4050/4050/4050 4051/4051/4051 4052/4052/4052 
f 4050/4050/4050 4053/4053/4053 4051/4051/4051 
f 4054/4054/4054 4055/4055/4055 4056/4056/4056 
f 4057/4057/4057 4058/4058/4058 4056/4056/4056 
f 4059/4059/4059 4058/4058/4058 4057/4057/4057 
f 4060/4060/4060 4059/4059/4059 4057/4057/4057 
f 4061/4061/4061 4059/4059/4059 4060/4060/4060 
f 4062/4062/4062 4061/4061/4061 4060/4060/4060 
f 4063/4063/4063 4061/4061/4061 4062/4062/4062 
f 4064/4064/4064 4063/4063/4063 4062/4062/4062 
f 4065/4065/4065 4063/4063/4063 4064/4064/4064 
f 4066/4066/4066 4065/4065/4065 4064/4064/4064 
f 4067/4067/4067 4065/4065/4065 4066/4066/4066 
f 4068/4068/4068 4069/4069/4069 4070/4070/4070 
f 4071/4071/4071 4068/4068/4068 4070/4070/4070 
f 4072/4072/4072 4073/4073/4073 4074/4074/4074 
f 4075/4075/4075 4076/4076/4076 4077/4077/4077 
f 4078/4078/4078 4077/4077/4077 4076/4076/4076 
f 4079/4079/4079 4080/4080/4080 4081/4081/4081 
f 4082/4082/4082 4083/4083/4083 4084/4084/4084 
f 4085/4085/4085 4086/4086/4086 4087/4087/4087 
f 4088/4088/4088 4089/4089/4089 4090/4090/4090 
f 4091/4091/4091 4092/4092/4092 4093/4093/4093 
f 4092/4092/4092 4091/4091/4091 4094/4094/4094 
f 4095/4095/4095 4096/4096/4096 4097/4097/4097 
f 4098/4098/4098 4099/4099/4099 4100/4100/4100 
f 4098/4098/4098 4101/4101/4101 4099/4099/4099 
f 4102/4102/4102 4103/4103/4103 4104/4104/4104 
f 4105/4105/4105 4106/4106/4106 4107/4107/4107 
f 4108/4108/4108 4106/4106/4106 4105/4105/4105 
f 4109/4109/4109 4110/4110/4110 4111/4111/4111 
f 4112/4112/4112 4113/4113/4113 4114/4114/4114 
f 4115/4115/4115 4116/4116/4116 4117/4117/4117 
f 4118/4118/4118 4119/4119/4119 4116/4116/4116 
f 4120/4120/4120 4121/4121/4121 4122/4122/4122 
f 4123/4123/4123 4124/4124/4124 4125/4125/4125 
f 4126/4126/4126 4127/4127/4127 4128/4128/4128 
f 4128/4128/4128 4129/4129/4129 4126/4126/4126 
f 4130/4130/4130 4131/4131/4131 4132/4132/4132 
f 4133/4133/4133 4134/4134/4134 4135/4135/4135 
f 4136/4136/4136 4137/4137/4137 4138/4138/4138 
f 4137/4137/4137 4136/4136/4136 4139/4139/4139 
f 4140/4140/4140 4141/4141/4141 4142/4142/4142 
f 4140/4140/4140 4142/4142/4142 4143/4143/4143 
f 4144/4144/4144 4145/4145/4145 4146/4146/4146 
f 4146/4146/4146 4147/4147/4147 4144/4144/4144 
f 4148/4148/4148 4149/4149/4149 4150/4150/4150 
f 4151/4151/4151 4152/4152/4152 4153/4153/4153 
f 4154/4154/4154 4152/4152/4152 4151/4151/4151 
f 4155/4155/4155 4156/4156/4156 4157/4157/4157 
f 4155/4155/4155 4158/4158/4158 4156/4156/4156 
f 4159/4159/4159 4160/4160/4160 4161/4161/4161 
f 4160/4160/4160 4159/4159/4159 4162/4162/4162 
f 4163/4163/4163 4160/4160/4160 4162/4162/4162 
f 4163/4163/4163 4162/4162/4162 4164/4164/4164 
f 4165/4165/4165 4163/4163/4163 4164/4164/4164 
f 4165/4165/4165 4164/4164/4164 4166/4166/4166 
f 4167/4167/4167 4165/4165/4165 4166/4166/4166 
f 4167/4167/4167 4166/4166/4166 4168/4168/4168 
f 4169/4169/4169 4167/4167/4167 4168/4168/4168 
f 4168/4168/4168 4170/4170/4170 4169/4169/4169 
f 4170/4170/4170 4171/4171/4171 4172/4172/4172 
f 4173/4173/4173 4174/4174/4174 4175/4175/4175 
f 4175/4175/4175 4176/4176/4176 4173/4173/4173 
f 4177/4177/4177 4178/4178/4178 4179/4179/4179 
f 4180/4180/4180 4181/4181/4181 4182/4182/4182 
f 4181/4181/4181 4180/4180/4180 4183/4183/4183 
f 4184/4184/4184 4185/4185/4185 4186/4186/4186 
f 4185/4185/4185 4184/4184/4184 4187/4187/4187 
f 4188/4188/4188 4189/4189/4189 4190/4190/4190 
f 4191/4191/4191 4192/4192/4192 4193/4193/4193 
f 4193/4193/4193 4194/4194/4194 4191/4191/4191 
f 4195/4195/4195 4196/4196/4196 4197/4197/4197 
f 4195/4195/4195 4197/4197/4197 4198/4198/4198 
f 4199/4199/4199 4200/4200/4200 4201/4201/4201 
f 4202/4202/4202 4199/4199/4199 4201/4201/4201 
f 4203/4203/4203 4202/4202/4202 4204/4204/4204 
f 4205/4205/4205 4202/4202/4202 4203/4203/4203 
f 4206/4206/4206 4205/4205/4205 4207/4207/4207 
f 4207/4207/4207 4205/4205/4205 4208/4208/4208 
f 4209/4209/4209 4210/4210/4210 4207/4207/4207 
f 4211/4211/4211 4210/4210/4210 4209/4209/4209 
f 4212/4212/4212 4213/4213/4213 4209/4209/4209 
f 4214/4214/4214 4215/4215/4215 4216/4216/4216 
f 4214/4214/4214 4216/4216/4216 4217/4217/4217 
f 4218/4218/4218 4219/4219/4219 4220/4220/4220 
f 4221/4221/4221 4222/4222/4222 4223/4223/4223 
f 4222/4222/4222 4221/4221/4221 4224/4224/4224 
f 4225/4225/4225 4226/4226/4226 4227/4227/4227 
f 4227/4227/4227 4228/4228/4228 4225/4225/4225 
f 4229/4229/4229 4230/4230/4230 4231/4231/4231 
f 4232/4232/4232 4233/4233/4233 4234/4234/4234 
f 4235/4235/4235 4232/4232/4232 4234/4234/4234 
f 4236/4236/4236 4237/4237/4237 4238/4238/4238 
f 4236/4236/4236 4238/4238/4238 4239/4239/4239 
f 4240/4240/4240 4241/4241/4241 4242/4242/4242 
f 4241/4241/4241 4240/4240/4240 4243/4243/4243 
f 4244/4244/4244 4245/4245/4245 4246/4246/4246 
f 4244/4244/4244 4246/4246/4246 4247/4247/4247 
f 4248/4248/4248 4249/4249/4249 4250/4250/4250 
f 4251/4251/4251 4252/4252/4252 4253/4253/4253 
f 4251/4251/4251 4254/4254/4254 4252/4252/4252 
f 4255/4255/4255 4256/4256/4256 4257/4257/4257 
f 4256/4256/4256 4255/4255/4255 4258/4258/4258 
f 4259/4259/4259 4260/4260/4260 4261/4261/4261 
f 4262/4262/4262 4263/4263/4263 4264/4264/4264 
f 4265/4265/4265 4266/4266/4266 4267/4267/4267 
f 4268/4268/4268 4269/4269/4269 4270/4270/4270 
f 4271/4271/4271 4268/4268/4268 4270/4270/4270 
f 4271/4271/4271 4270/4270/4270 4272/4272/4272 
f 4273/4273/4273 4271/4271/4271 4272/4272/4272 
f 4273/4273/4273 4272/4272/4272 4274/4274/4274 
f 4275/4275/4275 4273/4273/4273 4274/4274/4274 
f 4275/4275/4275 4274/4274/4274 4276/4276/4276 
f 4277/4277/4277 4275/4275/4275 4276/4276/4276 
f 4276/4276/4276 4278/4278/4278 4277/4277/4277 
f 4278/4278/4278 4279/4279/4279 4280/4280/4280 
f 4281/4281/4281 4282/4282/4282 4283/4283/4283 
f 4282/4282/4282 4281/4281/4281 4284/4284/4284 
f 4286/4286/4286 4287/4287/4287 4288/4288/4288 
f 4286/4286/4286 4288/4288/4288 4289/4289/4289 
f 4290/4290/4290 4291/4291/4291 4292/4292/4292 
f 4291/4291/4291 4290/4290/4290 4293/4293/4293 
f 4298/4298/4298 4297/4297/4297 4299/4299/4299 
f 4302/4302/4302 4303/4303/4303 4304/4304/4304 
f 4305/4305/4305 4306/4306/4306 4307/4307/4307 
f 4305/4305/4305 4307/4307/4307 4308/4308/4308 
f 4309/4309/4309 4310/4310/4310 4308/4308/4308 
f 4309/4309/4309 4308/4308/4308 4311/4311/4311 
f 4312/4312/4312 4313/4313/4313 4311/4311/4311 
f 4314/4314/4314 4312/4312/4312 4311/4311/4311 
f 4317/4317/4317 4318/4318/4318 4319/4319/4319 
f 4320/4320/4320 4318/4318/4318 4317/4317/4317 
f 4323/4323/4323 4324/4324/4324 4325/4325/4325 
f 4326/4326/4326 4324/4324/4324 4323/4323/4323 
f 4327/4327/4327 4328/4328/4328 4329/4329/4329 
f 4327/4327/4327 4330/4330/4330 4328/4328/4328 
f 4331/4331/4331 4332/4332/4332 4333/4333/4333 
f 4333/4333/4333 4334/4334/4334 4331/4331/4331 
f 4335/4335/4335 4336/4336/4336 4337/4337/4337 
f 4338/4338/4338 4339/4339/4339 4340/4340/4340 
f 4339/4339/4339 4338/4338/4338 4341/4341/4341 
f 4342/4342/4342 4343/4343/4343 4344/4344/4344 
f 4342/4342/4342 4345/4345/4345 4343/4343/4343 
f 4346/4346/4346 4347/4347/4347 4348/4348/4348 
f 4348/4348/4348 4349/4349/4349 4346/4346/4346 
f 4350/4350/4350 4351/4351/4351 4352/4352/4352 
f 4355/4355/4355 4356/4356/4356 4357/4357/4357 
f 4356/4356/4356 4355/4355/4355 4358/4358/4358 
f 4359/4359/4359 4356/4356/4356 4358/4358/4358 
f 4359/4359/4359 4358/4358/4358 4360/4360/4360 
f 4361/4361/4361 4359/4359/4359 4360/4360/4360 
f 4361/4361/4361 4360/4360/4360 4362/4362/4362 
f 4363/4363/4363 4361/4361/4361 4362/4362/4362 
f 4363/4363/4363 4362/4362/4362 4364/4364/4364 
f 4365/4365/4365 4363/4363/4363 4364/4364/4364 
f 4364/4364/4364 4366/4366/4366 4365/4365/4365 
f 4366/4366/4366 4367/4367/4367 4368/4368/4368 
f 4369/4369/4369 4370/4370/4370 4371/4371/4371 
f 4370/4370/4370 4369/4369/4369 4372/4372/4372 
f 4373/4373/4373 4374/4374/4374 4375/4375/4375 
f 4374/4374/4374 4373/4373/4373 4376/4376/4376 
f 4377/4377/4377 4378/4378/4378 4379/4379/4379 
f 4380/4380/4380 4381/4381/4381 4382/4382/4382 
f 4383/4383/4383 4384/4384/4384 4385/4385/4385 
f 4386/4386/4386 4385/4385/4385 4384/4384/4384 
f 4387/4387/4387 4388/4388/4388 4389/4389/4389 
f 4390/4390/4390 4391/4391/4391 4392/4392/4392 
f 4397/4397/4397 4398/4398/4398 4399/4399/4399 
f 4400/4400/4400 4401/4401/4401 4402/4402/4402 
f 4403/4403/4403 4404/4404/4404 4405/4405/4405 
f 4404/4404/4404 4403/4403/4403 4406/4406/4406 
f 4407/4407/4407 4404/4404/4404 4406/4406/4406 
f 4407/4407/4407 4406/4406/4406 4408/4408/4408 
f 4409/4409/4409 4407/4407/4407 4408/4408/4408 
f 4409/4409/4409 4408/4408/4408 4410/4410/4410 
f 4411/4411/4411 4409/4409/4409 4410/4410/4410 
f 4411/4411/4411 4410/4410/4410 4412/4412/4412 
f 4413/4413/4413 4411/4411/4411 4412/4412/4412 
f 4412/4412/4412 4414/4414/4414 4413/4413/4413 
f 4414/4414/4414 4415/4415/4415 4416/4416/4416 
f 4417/4417/4417 4418/4418/4418 4419/4419/4419 
f 4418/4418/4418 4417/4417/4417 4420/4420/4420 
f 4421/4421/4421 4422/4422/4422 4423/4423/4423 
f 4427/4427/4427 4426/4426/4426 4429/4429/4429 
f 4430/4430/4430 4431/4431/4431 4432/4432/4432 
f 4433/4433/4433 4430/4430/4430 4434/4434/4434 
f 4435/4435/4435 4433/4433/4433 4436/4436/4436 
f 4437/4437/4437 4435/4435/4435 4436/4436/4436 
f 4442/4442/4442 4443/4443/4443 4444/4444/4444 
f 4445/4445/4445 4446/4446/4446 4447/4447/4447 
f 4448/4448/4448 4449/4449/4449 4450/4450/4450 
f 4451/4451/4451 4448/4448/4448 4452/4452/4452 
f 4453/4453/4453 4451/4451/4451 4454/4454/4454 
f 4456/4456/4456 4457/4457/4457 4458/4458/4458 
f 4459/4459/4459 4460/4460/4460 4461/4461/4461 
f 4462/4462/4462 4463/4463/4463 4464/4464/4464 
f 4465/4465/4465 4466/4466/4466 4467/4467/4467 
f 4468/4468/4468 4469/4469/4469 4470/4470/4470 
f 4471/4471/4471 4472/4472/4472 4473/4473/4473 
f 4474/4474/4474 4475/4475/4475 4476/4476/4476 
f 4474/4474/4474 4477/4477/4477 4475/4475/4475 
f 4478/4478/4478 4479/4479/4479 4480/4480/4480 
f 4478/4478/4478 4481/4481/4481 4479/4479/4479 
f 4482/4482/4482 4483/4483/4483 4484/4484/4484 
f 4484/4484/4484 4485/4485/4485 4482/4482/4482 
f 4486/4486/4486 4487/4487/4487 4488/4488/4488 
f 4486/4486/4486 4488/4488/4488 4489/4489/4489 
f 4490/4490/4490 4491/4491/4491 4492/4492/4492 
f 4492/4492/4492 4491/4491/4491 4493/4493/4493 
f 4494/4494/4494 4495/4495/4495 4496/4496/4496 
f 4494/4494/4494 4496/4496/4496 4497/4497/4497 
f 4498/4498/4498 4499/4499/4499 4500/4500/4500 
f 4498/4498/4498 4500/4500/4500 4501/4501/4501 
f 4502/4502/4502 4503/4503/4503 4504/4504/4504 
f 4502/4502/4502 4504/4504/4504 4505/4505/4505 
f 4506/4506/4506 4507/4507/4507 4508/4508/4508 
f 4509/4509/4509 4510/4510/4510 4511/4511/4511 
f 4512/4512/4512 4513/4513/4513 4514/4514/4514 
f 4514/4514/4514 4513/4513/4513 4515/4515/4515 
f 4517/4517/4517 4516/4516/4516 4518/4518/4518 
f 4519/4519/4519 4520/4520/4520 4521/4521/4521 
f 4522/4522/4522 4523/4523/4523 4524/4524/4524 
f 4525/4525/4525 4524/4524/4524 4523/4523/4523 
f 4526/4526/4526 4527/4527/4527 4528/4528/4528 
f 4529/4529/4529 4527/4527/4527 4526/4526/4526 
f 4530/4530/4530 4529/4529/4529 4531/4531/4531 
f 4531/4531/4531 4529/4529/4529 4532/4532/4532 
f 4533/4533/4533 4534/4534/4534 4531/4531/4531 
f 4535/4535/4535 4534/4534/4534 4533/4533/4533 
f 4536/4536/4536 4537/4537/4537 4538/4538/4538 
f 4536/4536/4536 4538/4538/4538 4539/4539/4539 
f 4540/4540/4540 4539/4539/4539 4541/4541/4541 
f 4540/4540/4540 4542/4542/4542 4539/4539/4539 
f 4543/4543/4543 4540/4540/4540 4544/4544/4544 
f 4543/4543/4543 4544/4544/4544 4545/4545/4545 
f 4546/4546/4546 4547/4547/4547 4548/4548/4548 
f 4546/4546/4546 4549/4549/4549 4547/4547/4547 
f 4550/4550/4550 4551/4551/4551 4552/4552/4552 
f 4553/4553/4553 4551/4551/4551 4550/4550/4550 
f 4554/4554/4554 4555/4555/4555 4556/4556/4556 
f 4554/4554/4554 4556/4556/4556 4557/4557/4557 
f 4558/4558/4558 4559/4559/4559 4560/4560/4560 
f 4561/4561/4561 4559/4559/4559 4558/4558/4558 
f 4562/4562/4562 4563/4563/4563 4564/4564/4564 
f 4562/4562/4562 4564/4564/4564 4565/4565/4565 
f 4566/4566/4566 4567/4567/4567 4568/4568/4568 
f 4569/4569/4569 4570/4570/4570 4571/4571/4571 
f 4602/4602/4602 4603/4603/4603 4601/4601/4601 
f 4603/4603/4603 4602/4602/4602 4604/4604/4604 
f 4605/4605/4605 4602/4602/4602 4601/4601/4601 
f 4643/4643/4643 4644/4644/4644 4645/4645/4645 
f 4644/4644/4644 4643/4643/4643 4646/4646/4646 
f 4646/4646/4646 4647/4647/4647 4648/4648/4648 
f 4649/4649/4649 4650/4650/4650 4647/4647/4647 
f 4651/4651/4651 4652/4652/4652 4653/4653/4653 
f 4655/4655/4655 4654/4654/4654 4656/4656/4656 
f 4658/4658/4658 4659/4659/4659 4660/4660/4660 
f 4658/4658/4658 4660/4660/4660 4661/4661/4661 
f 4660/4660/4660 4662/4662/4662 4663/4663/4663 
f 4663/4663/4663 4662/4662/4662 4664/4664/4664 
f 4662/4662/4662 4665/4665/4665 4666/4666/4666 
f 4667/4667/4667 4668/4668/4668 4669/4669/4669 
f 4669/4669/4669 4668/4668/4668 4670/4670/4670 
f 4671/4671/4671 4669/4669/4669 4672/4672/4672 
f 4671/4671/4671 4672/4672/4672 4673/4673/4673 
f 4674/4674/4674 4671/4671/4671 4675/4675/4675 
f 4705/4705/4705 4706/4706/4706 4707/4707/4707 
f 4708/4708/4708 4709/4709/4709 4710/4710/4710 
f 4737/4737/4737 4735/4735/4735 4736/4736/4736 
f 4736/4736/4736 4738/4738/4738 4739/4739/4739 
f 4740/4740/4740 4741/4741/4741 4738/4738/4738 
f 4741/4741/4741 4740/4740/4740 4742/4742/4742 
f 4742/4742/4742 4743/4743/4743 4744/4744/4744 
f 4743/4743/4743 4745/4745/4745 4744/4744/4744 
f 4744/4744/4744 4745/4745/4745 4746/4746/4746 
f 4743/4743/4743 4747/4747/4747 4745/4745/4745 
f 4747/4747/4747 4748/4748/4748 4745/4745/4745 
f 4745/4745/4745 4748/4748/4748 4749/4749/4749 
f 4749/4749/4749 4748/4748/4748 4604/4604/4604 
f 4749/4749/4749 4604/4604/4604 4750/4750/4750 
f 4603/4603/4603 4748/4748/4748 4747/4747/4747 
f 4748/4748/4748 4603/4603/4603 4604/4604/4604 
f 4601/4601/4601 4603/4603/4603 4747/4747/4747 
f 4797/4797/4797 4798/4798/4798 4799/4799/4799 
f 4797/4797/4797 4800/4800/4800 4798/4798/4798 
f 4801/4801/4801 4802/4802/4802 4798/4798/4798 
f 4801/4801/4801 4803/4803/4803 4802/4802/4802 
f 4804/4804/4804 4805/4805/4805 4806/4806/4806 
f 4806/4806/4806 4805/4805/4805 4807/4807/4807 
f 4808/4808/4808 4804/4804/4804 4806/4806/4806 
f 4809/4809/4809 4804/4804/4804 4808/4808/4808 
f 4810/4810/4810 4811/4811/4811 4812/4812/4812 
f 4813/4813/4813 4814/4814/4814 4815/4815/4815 
f 4817/4817/4817 4816/4816/4816 4818/4818/4818 
f 4819/4819/4819 4820/4820/4820 4821/4821/4821 
f 4828/4828/4828 4829/4829/4829 4830/4830/4830 
f 4828/4828/4828 4831/4831/4831 4829/4829/4829 
f 4832/4832/4832 4833/4833/4833 4834/4834/4834 
f 4834/4834/4834 4833/4833/4833 4835/4835/4835 
f 4836/4836/4836 4837/4837/4837 4838/4838/4838 
f 4838/4838/4838 4837/4837/4837 4839/4839/4839 
f 4840/4840/4840 4836/4836/4836 4841/4841/4841 
f 4836/4836/4836 4840/4840/4840 4842/4842/4842 
f 4837/4837/4837 4843/4843/4843 4844/4844/4844 
f 4844/4844/4844 4843/4843/4843 4845/4845/4845 
f 4846/4846/4846 4847/4847/4847 4848/4848/4848 
f 4847/4847/4847 4846/4846/4846 4849/4849/4849 
f 4850/4850/4850 4847/4847/4847 4851/4851/4851 
f 4850/4850/4850 4851/4851/4851 4852/4852/4852 
f 4853/4853/4853 4850/4850/4850 4854/4854/4854 
f 4853/4853/4853 4854/4854/4854 4855/4855/4855 
f 4602/4602/4602 4605/4605/4605 4856/4856/4856 
f 4858/4858/4858 4602/4602/4602 4856/4856/4856 
f 4858/4858/4858 4856/4856/4856 4859/4859/4859 
f 4856/4856/4856 4857/4857/4857 4859/4859/4859 
f 4602/4602/4602 4858/4858/4858 4860/4860/4860 
f 4602/4602/4602 4860/4860/4860 4604/4604/4604 
f 4858/4858/4858 4859/4859/4859 4861/4861/4861 
f 4858/4858/4858 4861/4861/4861 4860/4860/4860 
f 4862/4862/4862 4863/4863/4863 4864/4864/4864 
f 4865/4865/4865 4866/4866/4866 4867/4867/4867 
f 4868/4868/4868 4869/4869/4869 4870/4870/4870 
f 4871/4871/4871 4872/4872/4872 4873/4873/4873 
f 4874/4874/4874 4875/4875/4875 4876/4876/4876 
f 4877/4877/4877 4878/4878/4878 4879/4879/4879 
f 4878/4878/4878 4877/4877/4877 4880/4880/4880 
f 4881/4881/4881 4882/4882/4882 4883/4883/4883 
f 4882/4882/4882 4881/4881/4881 4884/4884/4884 
f 4885/4885/4885 4886/4886/4886 4887/4887/4887 
f 4888/4888/4888 4889/4889/4889 4890/4890/4890 
f 4891/4891/4891 4892/4892/4892 4893/4893/4893 
f 4894/4894/4894 4895/4895/4895 4896/4896/4896 
f 4897/4897/4897 4898/4898/4898 4899/4899/4899 
f 4900/4900/4900 4901/4901/4901 4902/4902/4902 
f 4903/4903/4903 4904/4904/4904 4905/4905/4905 
f 4918/4918/4918 4919/4919/4919 4920/4920/4920 
f 4921/4921/4921 4918/4918/4918 4920/4920/4920 
f 4922/4922/4922 4923/4923/4923 4924/4924/4924 
f 4925/4925/4925 4926/4926/4926 4927/4927/4927 
f 4928/4928/4928 4929/4929/4929 4930/4930/4930 
f 4931/4931/4931 4932/4932/4932 4933/4933/4933 
f 4934/4934/4934 4935/4935/4935 4936/4936/4936 
f 4937/4937/4937 4938/4938/4938 4939/4939/4939 
f 4948/4948/4948 4949/4949/4949 4950/4950/4950 
f 4951/4951/4951 4952/4952/4952 4953/4953/4953 
f 4954/4954/4954 4955/4955/4955 4956/4956/4956 
f 4956/4956/4956 4955/4955/4955 4957/4957/4957 
f 4958/4958/4958 4959/4959/4959 4960/4960/4960 
f 4958/4958/4958 4961/4961/4961 4959/4959/4959 
f 4962/4962/4962 4963/4963/4963 4964/4964/4964 
f 4963/4963/4963 4962/4962/4962 4965/4965/4965 
f 4965/4965/4965 4966/4966/4966 4967/4967/4967 
f 4968/4968/4968 4966/4966/4966 4965/4965/4965 
f 4969/4969/4969 4970/4970/4970 4971/4971/4971 
f 4972/4972/4972 4973/4973/4973 4974/4974/4974 
f 4972/4972/4972 4974/4974/4974 4975/4975/4975 
f 4976/4976/4976 4977/4977/4977 4974/4974/4974 
f 4977/4977/4977 4976/4976/4976 4978/4978/4978 
f 4979/4979/4979 4980/4980/4980 4981/4981/4981 
f 4982/4982/4982 4983/4983/4983 4984/4984/4984 
f 4982/4982/4982 4984/4984/4984 4985/4985/4985 
f 4986/4986/4986 4987/4987/4987 4985/4985/4985 
f 4985/4985/4985 4988/4988/4988 4989/4989/4989 
f 4984/4984/4984 4990/4990/4990 4991/4991/4991 
f 4984/4984/4984 4992/4992/4992 4990/4990/4990 
f 4993/4993/4993 4994/4994/4994 4995/4995/4995 
f 4995/4995/4995 4996/4996/4996 4997/4997/4997 
f 4995/4995/4995 4998/4998/4998 4996/4996/4996 
f 4998/4998/4998 4999/4999/4999 4996/4996/4996 
f 5000/5000/5000 4999/4999/4999 4998/4998/4998 
f 5000/5000/5000 5001/5001/5001 4999/4999/4999 
f 5001/5001/5001 5000/5000/5000 4645/4645/4645 
f 5001/5001/5001 5002/5002/5002 4999/4999/4999 
f 4999/4999/4999 5002/5002/5002 5003/5003/5003 
f 5001/5001/5001 5004/5004/5004 5002/5002/5002 
f 5004/5004/5004 5001/5001/5001 5005/5005/5005 
f 5004/5004/5004 5005/5005/5005 5006/5006/5006 
f 5007/5007/5007 5004/5004/5004 5006/5006/5006 
f 5004/5004/5004 5007/5007/5007 5002/5002/5002 
f 5002/5002/5002 5007/5007/5007 5008/5008/5008 
f 5003/5003/5003 5002/5002/5002 5008/5008/5008 
f 5003/5003/5003 5008/5008/5008 5009/5009/5009 
f 5010/5010/5010 5003/5003/5003 5009/5009/5009 
f 5011/5011/5011 5010/5010/5010 5009/5009/5009 
f 5012/5012/5012 5006/5006/5006 5013/5013/5013 
f 5013/5013/5013 5014/5014/5014 5015/5015/5015 
f 5016/5016/5016 5017/5017/5017 5018/5018/5018 
f 5016/5016/5016 5019/5019/5019 5017/5017/5017 
f 5020/5020/5020 5021/5021/5021 5016/5016/5016 
f 5022/5022/5022 5020/5020/5020 5016/5016/5016 
f 5023/5023/5023 5020/5020/5020 5022/5022/5022 
f 5020/5020/5020 5023/5023/5023 5024/5024/5024 
f 5025/5025/5025 5020/5020/5020 5026/5026/5026 
f 5025/5025/5025 5026/5026/5026 5027/5027/5027 
f 5028/5028/5028 5023/5023/5023 4742/4742/4742 
f 5023/5023/5023 5028/5028/5028 5029/5029/5029 
f 5024/5024/5024 5023/5023/5023 5029/5029/5029 
f 5029/5029/5029 5028/5028/5028 5030/5030/5030 
f 5024/5024/5024 5029/5029/5029 5031/5031/5031 
f 5024/5024/5024 5031/5031/5031 5032/5032/5032 
f 5032/5032/5032 5031/5031/5031 5033/5033/5033 
f 5031/5031/5031 5034/5034/5034 5033/5033/5033 
f 5034/5034/5034 5035/5035/5035 5033/5033/5033 
f 5035/5035/5035 5036/5036/5036 5033/5033/5033 
f 5037/5037/5037 5036/5036/5036 5035/5035/5035 
f 5029/5029/5029 5030/5030/5030 5038/5038/5038 
f 5030/5030/5030 5039/5039/5039 5038/5038/5038 
f 5038/5038/5038 5039/5039/5039 5040/5040/5040 
f 5030/5030/5030 5041/5041/5041 5039/5039/5039 
f 5041/5041/5041 5042/5042/5042 5039/5039/5039 
f 5030/5030/5030 5043/5043/5043 5041/5041/5041 
f 4859/4859/4859 4857/4857/4857 5044/5044/5044 
f 4859/4859/4859 5044/5044/5044 5045/5045/5045 
f 4859/4859/4859 5045/5045/5045 4861/4861/4861 
f 4861/4861/4861 5045/5045/5045 5046/5046/5046 
f 4860/4860/4860 4861/4861/4861 5047/5047/5047 
f 4857/4857/4857 4645/4645/4645 5044/5044/5044 
f 5048/5048/5048 4860/4860/4860 5047/5047/5047 
f 4604/4604/4604 4860/4860/4860 5048/5048/5048 
f 5048/5048/5048 5047/5047/5047 5049/5049/5049 
f 5050/5050/5050 4604/4604/4604 5048/5048/5048 
f 5051/5051/5051 5048/5048/5048 5049/5049/5049 
f 4604/4604/4604 5050/5050/5050 4750/4750/4750 
f 5051/5051/5051 5049/5049/5049 5052/5052/5052 
f 4750/4750/4750 5050/5050/5050 5053/5053/5053 
f 5049/5049/5049 5054/5054/5054 5052/5052/5052 
f 5050/5050/5050 5055/5055/5055 5053/5053/5053 
f 5054/5054/5054 5056/5056/5056 5052/5052/5052 
f 5053/5053/5053 5055/5055/5055 5057/5057/5057 
f 5056/5056/5056 5058/5058/5058 5052/5052/5052 
f 5059/5059/5059 5053/5053/5053 5057/5057/5057 
f 5056/5056/5056 5060/5060/5060 5058/5058/5058 
f 5061/5061/5061 5059/5059/5059 5057/5057/5057 
f 5060/5060/5060 5062/5062/5062 5058/5058/5058 
f 5063/5063/5063 5061/5061/5061 5057/5057/5057 
f 5060/5060/5060 5064/5064/5064 5062/5062/5062 
f 5065/5065/5065 5061/5061/5061 5063/5063/5063 
f 5064/5064/5064 5066/5066/5066 5062/5062/5062 
f 5067/5067/5067 5065/5065/5065 5063/5063/5063 
f 5064/5064/5064 5068/5068/5068 5066/5066/5066 
f 5069/5069/5069 5065/5065/5065 5067/5067/5067 
f 5068/5068/5068 5070/5070/5070 5066/5066/5066 
f 5071/5071/5071 5069/5069/5069 5067/5067/5067 
f 5072/5072/5072 5069/5069/5069 5071/5071/5071 
f 5073/5073/5073 5072/5072/5072 5071/5071/5071 
f 5072/5072/5072 5073/5073/5073 5074/5074/5074 
f 5070/5070/5070 5068/5068/5068 5075/5075/5075 
f 5068/5068/5068 5076/5076/5076 5075/5075/5075 
f 5077/5077/5077 5072/5072/5072 5074/5074/5074 
f 5078/5078/5078 5074/5074/5074 5075/5075/5075 
f 5077/5077/5077 5074/5074/5074 5078/5078/5078 
f 5075/5075/5075 5076/5076/5076 5079/5079/5079 
f 5079/5079/5079 5078/5078/5078 5075/5075/5075 
f 5076/5076/5076 5080/5080/5080 5079/5079/5079 
f 5080/5080/5080 5081/5081/5081 5079/5079/5079 
f 5081/5081/5081 5082/5082/5082 5079/5079/5079 
f 5078/5078/5078 5079/5079/5079 5082/5082/5082 
f 5081/5081/5081 5080/5080/5080 5083/5083/5083 
f 5084/5084/5084 5078/5078/5078 5082/5082/5082 
f 5084/5084/5084 5085/5085/5085 5078/5078/5078 
f 5085/5085/5085 5086/5086/5086 5078/5078/5078 
f 5086/5086/5086 5077/5077/5077 5078/5078/5078 
f 5087/5087/5087 5085/5085/5085 5088/5088/5088 
f 5086/5086/5086 5089/5089/5089 5077/5077/5077 
f 5089/5089/5089 5086/5086/5086 5088/5088/5088 
f 5089/5089/5089 5088/5088/5088 5090/5090/5090 
f 5091/5091/5091 5092/5092/5092 5077/5077/5077 
f 5093/5093/5093 5092/5092/5092 5089/5089/5089 
f 5094/5094/5094 5093/5093/5093 5089/5089/5089 
f 5094/5094/5094 5089/5089/5089 5095/5095/5095 
f 5096/5096/5096 5092/5092/5092 5097/5097/5097 
f 5092/5092/5092 5098/5098/5098 5097/5097/5097 
f 5096/5096/5096 5097/5097/5097 5099/5099/5099 
f 5097/5097/5097 5100/5100/5100 5099/5099/5099 
f 5099/5099/5099 5100/5100/5100 5101/5101/5101 
f 5100/5100/5100 5102/5102/5102 5101/5101/5101 
f 5101/5101/5101 5102/5102/5102 5103/5103/5103 
f 5102/5102/5102 5104/5104/5104 5103/5103/5103 
f 5103/5103/5103 5104/5104/5104 5105/5105/5105 
f 5104/5104/5104 5106/5106/5106 5105/5105/5105 
f 5105/5105/5105 5106/5106/5106 5107/5107/5107 
f 5108/5108/5108 5105/5105/5105 5107/5107/5107 
f 5109/5109/5109 5108/5108/5108 5107/5107/5107 
f 5110/5110/5110 5111/5111/5111 5098/5098/5098 
f 5094/5094/5094 5112/5112/5112 5098/5098/5098 
f 5113/5113/5113 5112/5112/5112 5094/5094/5094 
f 5114/5114/5114 5111/5111/5111 5112/5112/5112 
f 5111/5111/5111 5114/5114/5114 5115/5115/5115 
f 5116/5116/5116 5111/5111/5111 5115/5115/5115 
f 5116/5116/5116 5115/5115/5115 5117/5117/5117 
f 5115/5115/5115 5118/5118/5118 5117/5117/5117 
f 5117/5117/5117 5118/5118/5118 5119/5119/5119 
f 5118/5118/5118 5120/5120/5120 5119/5119/5119 
f 5119/5119/5119 5120/5120/5120 5121/5121/5121 
f 5120/5120/5120 5122/5122/5122 5121/5121/5121 
f 5121/5121/5121 5122/5122/5122 5123/5123/5123 
f 5124/5124/5124 5114/5114/5114 5112/5112/5112 
f 5125/5125/5125 5124/5124/5124 5112/5112/5112 
f 5126/5126/5126 5125/5125/5125 5112/5112/5112 
f 5127/5127/5127 5126/5126/5126 5128/5128/5128 
f 5129/5129/5129 5130/5130/5130 5124/5124/5124 
f 5130/5130/5130 5131/5131/5131 5124/5124/5124 
f 5124/5124/5124 5131/5131/5131 5132/5132/5132 
f 5133/5133/5133 5134/5134/5134 5132/5132/5132 
f 5135/5135/5135 5134/5134/5134 5136/5136/5136 
f 5137/5137/5137 5135/5135/5135 5131/5131/5131 
f 5138/5138/5138 5137/5137/5137 5131/5131/5131 
f 5139/5139/5139 5138/5138/5138 5131/5131/5131 
f 5140/5140/5140 5141/5141/5141 5142/5142/5142 
f 5143/5143/5143 5144/5144/5144 5145/5145/5145 
f 5146/5146/5146 5147/5147/5147 5148/5148/5148 
f 5149/5149/5149 5150/5150/5150 5151/5151/5151 
f 5148/5148/5148 5147/5147/5147 5152/5152/5152 
f 5149/5149/5149 5153/5153/5153 5150/5150/5150 
f 5154/5154/5154 5148/5148/5148 5152/5152/5152 
f 5154/5154/5154 5152/5152/5152 5155/5155/5155 
f 5156/5156/5156 5154/5154/5154 5155/5155/5155 
f 5156/5156/5156 5155/5155/5155 5157/5157/5157 
f 5158/5158/5158 5156/5156/5156 5157/5157/5157 
f 5158/5158/5158 5157/5157/5157 5159/5159/5159 
f 5160/5160/5160 5158/5158/5158 5159/5159/5159 
f 5160/5160/5160 5159/5159/5159 5161/5161/5161 
f 5159/5159/5159 5162/5162/5162 5161/5161/5161 
f 5162/5162/5162 5046/5046/5046 5161/5161/5161 
f 5149/5149/5149 5163/5163/5163 5164/5164/5164 
f 5164/5164/5164 5163/5163/5163 5165/5165/5165 
f 5166/5166/5166 5149/5149/5149 5164/5164/5164 
f 5167/5167/5167 5168/5168/5168 5166/5166/5166 
f 5166/5166/5166 5169/5169/5169 5150/5150/5150 
f 5170/5170/5170 5169/5169/5169 5171/5171/5171 
f 5170/5170/5170 5172/5172/5172 5169/5169/5169 
f 5173/5173/5173 5174/5174/5174 5170/5170/5170 
f 5174/5174/5174 5175/5175/5175 5170/5170/5170 
f 5175/5175/5175 5176/5176/5176 5170/5170/5170 
f 5176/5176/5176 5177/5177/5177 5170/5170/5170 
f 5178/5178/5178 5179/5179/5179 5180/5180/5180 
f 5178/5178/5178 5181/5181/5181 5179/5179/5179 
f 5181/5181/5181 5182/5182/5182 5179/5179/5179 
f 5181/5181/5181 5183/5183/5183 5182/5182/5182 
f 5183/5183/5183 5184/5184/5184 5182/5182/5182 
f 5183/5183/5183 5185/5185/5185 5184/5184/5184 
f 5185/5185/5185 5186/5186/5186 5184/5184/5184 
f 5185/5185/5185 5187/5187/5187 5186/5186/5186 
f 5188/5188/5188 5189/5189/5189 5190/5190/5190 
f 5191/5191/5191 5190/5190/5190 5189/5189/5189 
f 5192/5192/5192 5193/5193/5193 5194/5194/5194 
f 5194/5194/5194 5195/5195/5195 5192/5192/5192 
f 5196/5196/5196 5197/5197/5197 5198/5198/5198 
f 5197/5197/5197 5196/5196/5196 5199/5199/5199 
f 5197/5197/5197 5200/5200/5200 5198/5198/5198 
f 5197/5197/5197 5199/5199/5199 5201/5201/5201 
f 5197/5197/5197 5202/5202/5202 5200/5200/5200 
f 5202/5202/5202 5197/5197/5197 5201/5201/5201 
f 5202/5202/5202 5203/5203/5203 5200/5200/5200 
f 5204/5204/5204 5205/5205/5205 5206/5206/5206 
f 5207/5207/5207 5208/5208/5208 5209/5209/5209 
f 5202/5202/5202 5201/5201/5201 5210/5210/5210 
f 5202/5202/5202 5211/5211/5211 5203/5203/5203 
f 5211/5211/5211 5202/5202/5202 5210/5210/5210 
f 5211/5211/5211 5212/5212/5212 5203/5203/5203 
f 5213/5213/5213 5212/5212/5212 5211/5211/5211 
f 5214/5214/5214 5213/5213/5213 5211/5211/5211 
f 5211/5211/5211 5210/5210/5210 5214/5214/5214 
f 5210/5210/5210 5215/5215/5215 5214/5214/5214 
f 5216/5216/5216 5217/5217/5217 5210/5210/5210 
f 5217/5217/5217 5218/5218/5218 5219/5219/5219 
f 5218/5218/5218 5220/5220/5220 5219/5219/5219 
f 5220/5220/5220 5221/5221/5221 5219/5219/5219 
f 5221/5221/5221 5222/5222/5222 5219/5219/5219 
f 5223/5223/5223 5224/5224/5224 5219/5219/5219 
f 5225/5225/5225 5223/5223/5223 5219/5219/5219 
f 5080/5080/5080 5226/5226/5226 5227/5227/5227 
f 5226/5226/5226 5080/5080/5080 5228/5228/5228 
f 5083/5083/5083 5226/5226/5226 5229/5229/5229 
f 5226/5226/5226 5230/5230/5230 5229/5229/5229 
f 5231/5231/5231 5232/5232/5232 5230/5230/5230 
f 5146/5146/5146 5226/5226/5226 5076/5076/5076 
f 5233/5233/5233 5231/5231/5231 5150/5150/5150 
f 5150/5150/5150 5234/5234/5234 5230/5230/5230 
f 5169/5169/5169 5233/5233/5233 5150/5150/5150 
f 5151/5151/5151 5230/5230/5230 5226/5226/5226 
f 5146/5146/5146 5151/5151/5151 5226/5226/5226 
f 5150/5150/5150 5230/5230/5230 5151/5151/5151 
f 5151/5151/5151 5146/5146/5146 5148/5148/5148 
f 5235/5235/5235 5236/5236/5236 5237/5237/5237 
f 5235/5235/5235 5237/5237/5237 5238/5238/5238 
f 5239/5239/5239 5235/5235/5235 5238/5238/5238 
f 5237/5237/5237 5240/5240/5240 5241/5241/5241 
f 5239/5239/5239 5238/5238/5238 5242/5242/5242 
f 5240/5240/5240 5243/5243/5243 5241/5241/5241 
f 5241/5241/5241 5243/5243/5243 5242/5242/5242 
f 5243/5243/5243 5240/5240/5240 5244/5244/5244 
f 5245/5245/5245 5243/5243/5243 5244/5244/5244 
f 5246/5246/5246 5243/5243/5243 5245/5245/5245 
f 5243/5243/5243 5246/5246/5246 5242/5242/5242 
f 5247/5247/5247 5246/5246/5246 5245/5245/5245 
f 5247/5247/5247 5248/5248/5248 5246/5246/5246 
f 5248/5248/5248 5249/5249/5249 5246/5246/5246 
f 5242/5242/5242 5246/5246/5246 5249/5249/5249 
f 5250/5250/5250 5242/5242/5242 5249/5249/5249 
f 5251/5251/5251 5239/5239/5239 5252/5252/5252 
f 5253/5253/5253 5251/5251/5251 5252/5252/5252 
f 5254/5254/5254 5253/5253/5253 5252/5252/5252 
f 5255/5255/5255 5254/5254/5254 5252/5252/5252 
f 5256/5256/5256 5255/5255/5255 5252/5252/5252 
f 5257/5257/5257 5256/5256/5256 5252/5252/5252 
f 5258/5258/5258 5259/5259/5259 5252/5252/5252 
f 5260/5260/5260 5261/5261/5261 5262/5262/5262 
f 5260/5260/5260 5262/5262/5262 5263/5263/5263 
f 5264/5264/5264 5265/5265/5265 5262/5262/5262 
f 5266/5266/5266 5265/5265/5265 5264/5264/5264 
f 5267/5267/5267 5266/5266/5266 5264/5264/5264 
f 5267/5267/5267 5264/5264/5264 5268/5268/5268 
f 5268/5268/5268 5264/5264/5264 5269/5269/5269 
f 5270/5270/5270 5271/5271/5271 5267/5267/5267 
f 5272/5272/5272 5270/5270/5270 5273/5273/5273 
f 5274/5274/5274 5273/5273/5273 5275/5275/5275 
f 5272/5272/5272 5276/5276/5276 5270/5270/5270 
f 5271/5271/5271 5270/5270/5270 5277/5277/5277 
f 5276/5276/5276 5278/5278/5278 5270/5270/5270 
f 5277/5277/5277 5270/5270/5270 5278/5278/5278 
f 5279/5279/5279 5278/5278/5278 5276/5276/5276 
f 5280/5280/5280 5279/5279/5279 5276/5276/5276 
f 5281/5281/5281 5277/5277/5277 5278/5278/5278 
f 5240/5240/5240 5279/5279/5279 5280/5280/5280 
f 5244/5244/5244 5240/5240/5240 5280/5280/5280 
f 5278/5278/5278 5279/5279/5279 5282/5282/5282 
f 5281/5281/5281 5278/5278/5278 5282/5282/5282 
f 5283/5283/5283 5281/5281/5281 5282/5282/5282 
f 5281/5281/5281 5283/5283/5283 5277/5277/5277 
f 5283/5283/5283 5284/5284/5284 5277/5277/5277 
f 5284/5284/5284 5285/5285/5285 5277/5277/5277 
f 5236/5236/5236 5283/5283/5283 5282/5282/5282 
f 5282/5282/5282 5279/5279/5279 5237/5237/5237 
f 5236/5236/5236 5282/5282/5282 5237/5237/5237 
f 5279/5279/5279 5240/5240/5240 5237/5237/5237 
f 5287/5287/5287 5225/5225/5225 5288/5288/5288 
f 5288/5288/5288 5225/5225/5225 5210/5210/5210 
f 5199/5199/5199 5287/5287/5287 5288/5288/5288 
f 5289/5289/5289 5287/5287/5287 5199/5199/5199 
f 5290/5290/5290 5289/5289/5289 5199/5199/5199 
f 5291/5291/5291 5289/5289/5289 5290/5290/5290 
f 5292/5292/5292 5291/5291/5291 5290/5290/5290 
f 5291/5291/5291 5292/5292/5292 5293/5293/5293 
f 5294/5294/5294 5291/5291/5291 5293/5293/5293 
f 5295/5295/5295 5292/5292/5292 5290/5290/5290 
f 5293/5293/5293 5292/5292/5292 5295/5295/5295 
f 5296/5296/5296 5294/5294/5294 5293/5293/5293 
f 5196/5196/5196 5295/5295/5295 5290/5290/5290 
f 5196/5196/5196 5290/5290/5290 5199/5199/5199 
f 5295/5295/5295 5196/5196/5196 5297/5297/5297 
f 5196/5196/5196 5198/5198/5198 5297/5297/5297 
f 5295/5295/5295 5297/5297/5297 5298/5298/5298 
f 5298/5298/5298 5293/5293/5293 5295/5295/5295 
f 5297/5297/5297 5299/5299/5299 5298/5298/5298 
f 5298/5298/5298 5299/5299/5299 5300/5300/5300 
f 5300/5300/5300 5301/5301/5301 5302/5302/5302 
f 5303/5303/5303 5298/5298/5298 5300/5300/5300 
f 5298/5298/5298 5303/5303/5303 5293/5293/5293 
f 5303/5303/5303 5300/5300/5300 5304/5304/5304 
f 5303/5303/5303 5305/5305/5305 5293/5293/5293 
f 5305/5305/5305 5296/5296/5296 5293/5293/5293 
f 5303/5303/5303 5306/5306/5306 5305/5305/5305 
f 5306/5306/5306 5307/5307/5307 5305/5305/5305 
f 5296/5296/5296 5305/5305/5305 5308/5308/5308 
f 5309/5309/5309 5296/5296/5296 5308/5308/5308 
f 5310/5310/5310 5308/5308/5308 5311/5311/5311 
f 5312/5312/5312 5313/5313/5313 5314/5314/5314 
f 5312/5312/5312 5315/5315/5315 5277/5277/5277 
f 5315/5315/5315 5271/5271/5271 5277/5277/5277 
f 5315/5315/5315 5312/5312/5312 5316/5316/5316 
f 5317/5317/5317 5271/5271/5271 5315/5315/5315 
f 5316/5316/5316 5317/5317/5317 5315/5315/5315 
f 5316/5316/5316 5318/5318/5318 5317/5317/5317 
f 5321/5321/5321 5322/5322/5322 5323/5323/5323 

